Cultivo;Campaña;Provincia;Departamento;idProvincia;idDepartamento;Producción
"Cebada total";2016/17;"BUENOS AIRES";"25 DE MAYO";6;854;18020
"Cebada total";2017/18;"BUENOS AIRES";"25 DE MAYO";6;854;15808
"Cebada total";2018/19;"BUENOS AIRES";"25 DE MAYO";6;854;48625
"Cebada total";2019/20;"BUENOS AIRES";"25 DE MAYO";6;854;49400
"Cebada total";2020/21;"BUENOS AIRES";"25 DE MAYO";6;854;46652
"Cebada total";2021/22;"BUENOS AIRES";"25 DE MAYO";6;854;50001
"Cebada total";2022/23;"BUENOS AIRES";"25 DE MAYO";6;854;44629
"Cebada total";2023/24;"BUENOS AIRES";"25 DE MAYO";6;854;36582
"Cebada total";2024/25;"BUENOS AIRES";"25 DE MAYO";6;854;35438
"Cebada total";2016/17;"BUENOS AIRES";"9 DE JULIO";6;588;39920
"Cebada total";2017/18;"BUENOS AIRES";"9 DE JULIO";6;588;16875
"Cebada total";2018/19;"BUENOS AIRES";"9 DE JULIO";6;588;15092
"Cebada total";2019/20;"BUENOS AIRES";"9 DE JULIO";6;588;26532
"Cebada total";2020/21;"BUENOS AIRES";"9 DE JULIO";6;588;14236
"Cebada total";2021/22;"BUENOS AIRES";"9 DE JULIO";6;588;37825
"Cebada total";2022/23;"BUENOS AIRES";"9 DE JULIO";6;588;39123
"Cebada total";2023/24;"BUENOS AIRES";"9 DE JULIO";6;588;8970
"Cebada total";2024/25;"BUENOS AIRES";"9 DE JULIO";6;588;30800
"Cebada total";2016/17;"BUENOS AIRES";"ADOLFO ALSINA";6;7;72000
"Cebada total";2017/18;"BUENOS AIRES";"ADOLFO ALSINA";6;7;44820
"Cebada total";2018/19;"BUENOS AIRES";"ADOLFO ALSINA";6;7;46720
"Cebada total";2019/20;"BUENOS AIRES";"ADOLFO ALSINA";6;7;54600
"Cebada total";2020/21;"BUENOS AIRES";"ADOLFO ALSINA";6;7;91200
"Cebada total";2021/22;"BUENOS AIRES";"ADOLFO ALSINA";6;7;102300
"Cebada total";2022/23;"BUENOS AIRES";"ADOLFO ALSINA";6;7;99900
"Cebada total";2023/24;"BUENOS AIRES";"ADOLFO ALSINA";6;7;89600
"Cebada total";2024/25;"BUENOS AIRES";"ADOLFO ALSINA";6;7;81000
"Cebada total";2016/17;"BUENOS AIRES";"ADOLFO GONZALES CHAVES";6;14;80477
"Cebada total";2017/18;"BUENOS AIRES";"ADOLFO GONZALES CHAVES";6;14;138072
"Cebada total";2018/19;"BUENOS AIRES";"ADOLFO GONZALES CHAVES";6;14;120939
"Cebada total";2019/20;"BUENOS AIRES";"ADOLFO GONZALES CHAVES";6;14;108500
"Cebada total";2020/21;"BUENOS AIRES";"ADOLFO GONZALES CHAVES";6;14;128656
"Cebada total";2021/22;"BUENOS AIRES";"ADOLFO GONZALES CHAVES";6;14;120152
"Cebada total";2022/23;"BUENOS AIRES";"ADOLFO GONZALES CHAVES";6;14;181162
"Cebada total";2023/24;"BUENOS AIRES";"ADOLFO GONZALES CHAVES";6;14;200758
"Cebada total";2024/25;"BUENOS AIRES";"ADOLFO GONZALES CHAVES";6;14;167273
"Cebada total";2016/17;"BUENOS AIRES";ALBERTI;6;21;20070
"Cebada total";2017/18;"BUENOS AIRES";ALBERTI;6;21;18585
"Cebada total";2018/19;"BUENOS AIRES";ALBERTI;6;21;17248
"Cebada total";2019/20;"BUENOS AIRES";ALBERTI;6;21;15840
"Cebada total";2020/21;"BUENOS AIRES";ALBERTI;6;21;18212
"Cebada total";2021/22;"BUENOS AIRES";ALBERTI;6;21;22250
"Cebada total";2022/23;"BUENOS AIRES";ALBERTI;6;21;10434
"Cebada total";2023/24;"BUENOS AIRES";ALBERTI;6;21;9660
"Cebada total";2024/25;"BUENOS AIRES";ALBERTI;6;21;21200
"Cebada total";2016/17;"BUENOS AIRES";ARRECIFES;6;77;976
"Cebada total";2017/18;"BUENOS AIRES";ARRECIFES;6;77;3040
"Cebada total";2018/19;"BUENOS AIRES";ARRECIFES;6;77;9934
"Cebada total";2019/20;"BUENOS AIRES";ARRECIFES;6;77;4583
"Cebada total";2020/21;"BUENOS AIRES";ARRECIFES;6;77;3330
"Cebada total";2021/22;"BUENOS AIRES";ARRECIFES;6;77;11790
"Cebada total";2022/23;"BUENOS AIRES";ARRECIFES;6;77;4151
"Cebada total";2023/24;"BUENOS AIRES";ARRECIFES;6;77;2250
"Cebada total";2024/25;"BUENOS AIRES";ARRECIFES;6;77;6943
"Cebada total";2016/17;"BUENOS AIRES";AYACUCHO;6;42;243
"Cebada total";2017/18;"BUENOS AIRES";AYACUCHO;6;42;448
"Cebada total";2018/19;"BUENOS AIRES";AYACUCHO;6;42;4600
"Cebada total";2019/20;"BUENOS AIRES";AYACUCHO;6;42;3200
"Cebada total";2020/21;"BUENOS AIRES";AYACUCHO;6;42;17760
"Cebada total";2021/22;"BUENOS AIRES";AYACUCHO;6;42;29712
"Cebada total";2022/23;"BUENOS AIRES";AYACUCHO;6;42;14200
"Cebada total";2023/24;"BUENOS AIRES";AYACUCHO;6;42;33280
"Cebada total";2024/25;"BUENOS AIRES";AYACUCHO;6;42;32016
"Cebada total";2016/17;"BUENOS AIRES";AZUL;6;49;96996
"Cebada total";2017/18;"BUENOS AIRES";AZUL;6;49;129492
"Cebada total";2018/19;"BUENOS AIRES";AZUL;6;49;177337
"Cebada total";2019/20;"BUENOS AIRES";AZUL;6;49;125550
"Cebada total";2020/21;"BUENOS AIRES";AZUL;6;49;139962
"Cebada total";2021/22;"BUENOS AIRES";AZUL;6;49;210600
"Cebada total";2022/23;"BUENOS AIRES";AZUL;6;49;122822
"Cebada total";2023/24;"BUENOS AIRES";AZUL;6;49;210900
"Cebada total";2024/25;"BUENOS AIRES";AZUL;6;49;159565
"Cebada total";2016/17;"BUENOS AIRES";"BAHIA BLANCA";6;56;9334
"Cebada total";2017/18;"BUENOS AIRES";"BAHIA BLANCA";6;56;21700
"Cebada total";2018/19;"BUENOS AIRES";"BAHIA BLANCA";6;56;23153
"Cebada total";2019/20;"BUENOS AIRES";"BAHIA BLANCA";6;56;8933
"Cebada total";2020/21;"BUENOS AIRES";"BAHIA BLANCA";6;56;25931
"Cebada total";2021/22;"BUENOS AIRES";"BAHIA BLANCA";6;56;16240
"Cebada total";2022/23;"BUENOS AIRES";"BAHIA BLANCA";6;56;32497
"Cebada total";2023/24;"BUENOS AIRES";"BAHIA BLANCA";6;56;7800
"Cebada total";2024/25;"BUENOS AIRES";"BAHIA BLANCA";6;56;33700
"Cebada total";2016/17;"BUENOS AIRES";BALCARCE;6;63;71794
"Cebada total";2017/18;"BUENOS AIRES";BALCARCE;6;63;66608
"Cebada total";2018/19;"BUENOS AIRES";BALCARCE;6;63;86247
"Cebada total";2019/20;"BUENOS AIRES";BALCARCE;6;63;69053
"Cebada total";2020/21;"BUENOS AIRES";BALCARCE;6;63;73248
"Cebada total";2021/22;"BUENOS AIRES";BALCARCE;6;63;153184
"Cebada total";2022/23;"BUENOS AIRES";BALCARCE;6;63;99649
"Cebada total";2023/24;"BUENOS AIRES";BALCARCE;6;63;157762
"Cebada total";2024/25;"BUENOS AIRES";BALCARCE;6;63;116525
"Cebada total";2016/17;"BUENOS AIRES";BARADERO;6;70;3895
"Cebada total";2017/18;"BUENOS AIRES";BARADERO;6;70;2730
"Cebada total";2018/19;"BUENOS AIRES";BARADERO;6;70;5060
"Cebada total";2019/20;"BUENOS AIRES";BARADERO;6;70;1900
"Cebada total";2020/21;"BUENOS AIRES";BARADERO;6;70;1710
"Cebada total";2021/22;"BUENOS AIRES";BARADERO;6;70;12758
"Cebada total";2022/23;"BUENOS AIRES";BARADERO;6;70;2858
"Cebada total";2023/24;"BUENOS AIRES";BARADERO;6;70;7425
"Cebada total";2024/25;"BUENOS AIRES";BARADERO;6;70;7140
"Cebada total";2016/17;"BUENOS AIRES";"BENITO JUAREZ";6;84;67400
"Cebada total";2017/18;"BUENOS AIRES";"BENITO JUAREZ";6;84;137984
"Cebada total";2018/19;"BUENOS AIRES";"BENITO JUAREZ";6;84;140342
"Cebada total";2019/20;"BUENOS AIRES";"BENITO JUAREZ";6;84;145220
"Cebada total";2020/21;"BUENOS AIRES";"BENITO JUAREZ";6;84;87383
"Cebada total";2021/22;"BUENOS AIRES";"BENITO JUAREZ";6;84;214035
"Cebada total";2022/23;"BUENOS AIRES";"BENITO JUAREZ";6;84;120693
"Cebada total";2023/24;"BUENOS AIRES";"BENITO JUAREZ";6;84;239400
"Cebada total";2024/25;"BUENOS AIRES";"BENITO JUAREZ";6;84;173903
"Cebada total";2016/17;"BUENOS AIRES";BOLIVAR;6;105;38250
"Cebada total";2017/18;"BUENOS AIRES";BOLIVAR;6;105;26400
"Cebada total";2018/19;"BUENOS AIRES";BOLIVAR;6;105;52822
"Cebada total";2019/20;"BUENOS AIRES";BOLIVAR;6;105;86940
"Cebada total";2020/21;"BUENOS AIRES";BOLIVAR;6;105;108000
"Cebada total";2021/22;"BUENOS AIRES";BOLIVAR;6;105;93380
"Cebada total";2022/23;"BUENOS AIRES";BOLIVAR;6;105;119250
"Cebada total";2023/24;"BUENOS AIRES";BOLIVAR;6;105;129225
"Cebada total";2024/25;"BUENOS AIRES";BOLIVAR;6;105;113100
"Cebada total";2016/17;"BUENOS AIRES";BRAGADO;6;112;24651
"Cebada total";2017/18;"BUENOS AIRES";BRAGADO;6;112;25245
"Cebada total";2018/19;"BUENOS AIRES";BRAGADO;6;112;23285
"Cebada total";2019/20;"BUENOS AIRES";BRAGADO;6;112;16632
"Cebada total";2020/21;"BUENOS AIRES";BRAGADO;6;112;19776
"Cebada total";2021/22;"BUENOS AIRES";BRAGADO;6;112;31150
"Cebada total";2022/23;"BUENOS AIRES";BRAGADO;6;112;10688
"Cebada total";2023/24;"BUENOS AIRES";BRAGADO;6;112;6440
"Cebada total";2024/25;"BUENOS AIRES";BRAGADO;6;112;40800
"Cebada total";2016/17;"BUENOS AIRES";BRANDSEN;6;119;4950
"Cebada total";2017/18;"BUENOS AIRES";BRANDSEN;6;119;3432
"Cebada total";2018/19;"BUENOS AIRES";BRANDSEN;6;119;3796
"Cebada total";2019/20;"BUENOS AIRES";BRANDSEN;6;119;4000
"Cebada total";2020/21;"BUENOS AIRES";BRANDSEN;6;119;3840
"Cebada total";2021/22;"BUENOS AIRES";CAMPANA;6;126;1265
"Cebada total";2022/23;"BUENOS AIRES";CAMPANA;6;126;414
"Cebada total";2023/24;"BUENOS AIRES";CAMPANA;6;126;1320
"Cebada total";2024/25;"BUENOS AIRES";CAMPANA;6;126;1260
"Cebada total";2016/17;"BUENOS AIRES";CANUELAS;6;134;15360
"Cebada total";2017/18;"BUENOS AIRES";CANUELAS;6;134;10350
"Cebada total";2018/19;"BUENOS AIRES";CANUELAS;6;134;12012
"Cebada total";2019/20;"BUENOS AIRES";CANUELAS;6;134;10000
"Cebada total";2020/21;"BUENOS AIRES";CANUELAS;6;134;9600
"Cebada total";2021/22;"BUENOS AIRES";CANUELAS;6;134;880
"Cebada total";2022/23;"BUENOS AIRES";CANUELAS;6;134;200
"Cebada total";2023/24;"BUENOS AIRES";CANUELAS;6;134;1160
"Cebada total";2024/25;"BUENOS AIRES";CANUELAS;6;134;1288
"Cebada total";2016/17;"BUENOS AIRES";"CAPITAN SARMIENTO";6;140;4200
"Cebada total";2017/18;"BUENOS AIRES";"CAPITAN SARMIENTO";6;140;1845
"Cebada total";2018/19;"BUENOS AIRES";"CAPITAN SARMIENTO";6;140;1159
"Cebada total";2019/20;"BUENOS AIRES";"CAPITAN SARMIENTO";6;140;1400
"Cebada total";2020/21;"BUENOS AIRES";"CAPITAN SARMIENTO";6;140;1365
"Cebada total";2021/22;"BUENOS AIRES";"CAPITAN SARMIENTO";6;140;1610
"Cebada total";2022/23;"BUENOS AIRES";"CAPITAN SARMIENTO";6;140;406
"Cebada total";2023/24;"BUENOS AIRES";"CAPITAN SARMIENTO";6;140;3825
"Cebada total";2024/25;"BUENOS AIRES";"CAPITAN SARMIENTO";6;140;3870
"Cebada total";2016/17;"BUENOS AIRES";"CARLOS CASARES";6;147;23832
"Cebada total";2017/18;"BUENOS AIRES";"CARLOS CASARES";6;147;28500
"Cebada total";2018/19;"BUENOS AIRES";"CARLOS CASARES";6;147;32124
"Cebada total";2019/20;"BUENOS AIRES";"CARLOS CASARES";6;147;21600
"Cebada total";2020/21;"BUENOS AIRES";"CARLOS CASARES";6;147;26030
"Cebada total";2021/22;"BUENOS AIRES";"CARLOS CASARES";6;147;40068
"Cebada total";2022/23;"BUENOS AIRES";"CARLOS CASARES";6;147;11648
"Cebada total";2023/24;"BUENOS AIRES";"CARLOS CASARES";6;147;12252
"Cebada total";2024/25;"BUENOS AIRES";"CARLOS CASARES";6;147;36143
"Cebada total";2016/17;"BUENOS AIRES";"CARLOS TEJEDOR";6;154;27350
"Cebada total";2017/18;"BUENOS AIRES";"CARLOS TEJEDOR";6;154;25530
"Cebada total";2018/19;"BUENOS AIRES";"CARLOS TEJEDOR";6;154;22615
"Cebada total";2019/20;"BUENOS AIRES";"CARLOS TEJEDOR";6;154;21072
"Cebada total";2020/21;"BUENOS AIRES";"CARLOS TEJEDOR";6;154;28968
"Cebada total";2021/22;"BUENOS AIRES";"CARLOS TEJEDOR";6;154;44218
"Cebada total";2022/23;"BUENOS AIRES";"CARLOS TEJEDOR";6;154;16166
"Cebada total";2023/24;"BUENOS AIRES";"CARLOS TEJEDOR";6;154;1188
"Cebada total";2024/25;"BUENOS AIRES";"CARLOS TEJEDOR";6;154;32466
"Cebada total";2016/17;"BUENOS AIRES";"CARMEN DE ARECO";6;161;6822
"Cebada total";2017/18;"BUENOS AIRES";"CARMEN DE ARECO";6;161;3040
"Cebada total";2018/19;"BUENOS AIRES";"CARMEN DE ARECO";6;161;4068
"Cebada total";2019/20;"BUENOS AIRES";"CARMEN DE ARECO";6;161;2625
"Cebada total";2020/21;"BUENOS AIRES";"CARMEN DE ARECO";6;161;680
"Cebada total";2021/22;"BUENOS AIRES";"CARMEN DE ARECO";6;161;1754
"Cebada total";2022/23;"BUENOS AIRES";"CARMEN DE ARECO";6;161;778
"Cebada total";2023/24;"BUENOS AIRES";"CARMEN DE ARECO";6;161;1750
"Cebada total";2024/25;"BUENOS AIRES";"CARMEN DE ARECO";6;161;1260
"Cebada total";2016/17;"BUENOS AIRES";CASTELLI;6;168;870
"Cebada total";2017/18;"BUENOS AIRES";CASTELLI;6;168;1280
"Cebada total";2019/20;"BUENOS AIRES";CASTELLI;6;168;510
"Cebada total";2020/21;"BUENOS AIRES";CASTELLI;6;168;1750
"Cebada total";2021/22;"BUENOS AIRES";CASTELLI;6;168;2025
"Cebada total";2022/23;"BUENOS AIRES";CASTELLI;6;168;1050
"Cebada total";2023/24;"BUENOS AIRES";CASTELLI;6;168;1860
"Cebada total";2024/25;"BUENOS AIRES";CASTELLI;6;168;1200
"Cebada total";2016/17;"BUENOS AIRES";CHACABUCO;6;210;4689
"Cebada total";2017/18;"BUENOS AIRES";CHACABUCO;6;210;5400
"Cebada total";2018/19;"BUENOS AIRES";CHACABUCO;6;210;8136
"Cebada total";2019/20;"BUENOS AIRES";CHACABUCO;6;210;11890
"Cebada total";2020/21;"BUENOS AIRES";CHACABUCO;6;210;12600
"Cebada total";2021/22;"BUENOS AIRES";CHACABUCO;6;210;7795
"Cebada total";2022/23;"BUENOS AIRES";CHACABUCO;6;210;4320
"Cebada total";2023/24;"BUENOS AIRES";CHACABUCO;6;210;9120
"Cebada total";2024/25;"BUENOS AIRES";CHACABUCO;6;210;7200
"Cebada total";2016/17;"BUENOS AIRES";CHASCOMUS;6;217;15750
"Cebada total";2017/18;"BUENOS AIRES";CHASCOMUS;6;217;5236
"Cebada total";2018/19;"BUENOS AIRES";CHASCOMUS;6;217;5876
"Cebada total";2019/20;"BUENOS AIRES";CHASCOMUS;6;217;6100
"Cebada total";2020/21;"BUENOS AIRES";CHASCOMUS;6;217;5856
"Cebada total";2021/22;"BUENOS AIRES";CHASCOMUS;6;217;4488
"Cebada total";2022/23;"BUENOS AIRES";CHASCOMUS;6;217;3480
"Cebada total";2023/24;"BUENOS AIRES";CHASCOMUS;6;217;7560
"Cebada total";2024/25;"BUENOS AIRES";CHASCOMUS;6;217;5700
"Cebada total";2016/17;"BUENOS AIRES";CHIVILCOY;6;224;4644
"Cebada total";2017/18;"BUENOS AIRES";CHIVILCOY;6;224;4840
"Cebada total";2018/19;"BUENOS AIRES";CHIVILCOY;6;224;5174
"Cebada total";2019/20;"BUENOS AIRES";CHIVILCOY;6;224;11880
"Cebada total";2020/21;"BUENOS AIRES";CHIVILCOY;6;224;7660
"Cebada total";2021/22;"BUENOS AIRES";CHIVILCOY;6;224;15575
"Cebada total";2022/23;"BUENOS AIRES";CHIVILCOY;6;224;3056
"Cebada total";2023/24;"BUENOS AIRES";CHIVILCOY;6;224;2760
"Cebada total";2024/25;"BUENOS AIRES";CHIVILCOY;6;224;16400
"Cebada total";2016/17;"BUENOS AIRES";COLON;6;175;414
"Cebada total";2017/18;"BUENOS AIRES";COLON;6;175;2100
"Cebada total";2018/19;"BUENOS AIRES";COLON;6;175;400
"Cebada total";2019/20;"BUENOS AIRES";COLON;6;175;1230
"Cebada total";2020/21;"BUENOS AIRES";COLON;6;175;1140
"Cebada total";2021/22;"BUENOS AIRES";COLON;6;175;2400
"Cebada total";2022/23;"BUENOS AIRES";COLON;6;175;792
"Cebada total";2023/24;"BUENOS AIRES";COLON;6;175;2400
"Cebada total";2024/25;"BUENOS AIRES";COLON;6;175;3690
"Cebada total";2016/17;"BUENOS AIRES";"CORONEL DE MARINA L ROSALES";6;182;60795
"Cebada total";2017/18;"BUENOS AIRES";"CORONEL DE MARINA L ROSALES";6;182;58824
"Cebada total";2018/19;"BUENOS AIRES";"CORONEL DE MARINA L ROSALES";6;182;65583
"Cebada total";2019/20;"BUENOS AIRES";"CORONEL DE MARINA L ROSALES";6;182;29064
"Cebada total";2020/21;"BUENOS AIRES";"CORONEL DE MARINA L ROSALES";6;182;53629
"Cebada total";2021/22;"BUENOS AIRES";"CORONEL DE MARINA L ROSALES";6;182;47006
"Cebada total";2022/23;"BUENOS AIRES";"CORONEL DE MARINA L ROSALES";6;182;57714
"Cebada total";2023/24;"BUENOS AIRES";"CORONEL DE MARINA L ROSALES";6;182;18364
"Cebada total";2024/25;"BUENOS AIRES";"CORONEL DE MARINA L ROSALES";6;182;72600
"Cebada total";2016/17;"BUENOS AIRES";"CORONEL DORREGO";6;189;273094
"Cebada total";2017/18;"BUENOS AIRES";"CORONEL DORREGO";6;189;407296
"Cebada total";2018/19;"BUENOS AIRES";"CORONEL DORREGO";6;189;552070
"Cebada total";2019/20;"BUENOS AIRES";"CORONEL DORREGO";6;189;367200
"Cebada total";2020/21;"BUENOS AIRES";"CORONEL DORREGO";6;189;361200
"Cebada total";2021/22;"BUENOS AIRES";"CORONEL DORREGO";6;189;491229
"Cebada total";2022/23;"BUENOS AIRES";"CORONEL DORREGO";6;189;489000
"Cebada total";2023/24;"BUENOS AIRES";"CORONEL DORREGO";6;189;391845
"Cebada total";2024/25;"BUENOS AIRES";"CORONEL DORREGO";6;189;350157
"Cebada total";2016/17;"BUENOS AIRES";"CORONEL PRINGLES";6;196;38214
"Cebada total";2017/18;"BUENOS AIRES";"CORONEL PRINGLES";6;196;65490
"Cebada total";2018/19;"BUENOS AIRES";"CORONEL PRINGLES";6;196;82398
"Cebada total";2019/20;"BUENOS AIRES";"CORONEL PRINGLES";6;196;115200
"Cebada total";2020/21;"BUENOS AIRES";"CORONEL PRINGLES";6;196;115584
"Cebada total";2021/22;"BUENOS AIRES";"CORONEL PRINGLES";6;196;140433
"Cebada total";2022/23;"BUENOS AIRES";"CORONEL PRINGLES";6;196;162400
"Cebada total";2023/24;"BUENOS AIRES";"CORONEL PRINGLES";6;196;154494
"Cebada total";2024/25;"BUENOS AIRES";"CORONEL PRINGLES";6;196;134732
"Cebada total";2016/17;"BUENOS AIRES";"CORONEL SUAREZ";6;203;68913
"Cebada total";2017/18;"BUENOS AIRES";"CORONEL SUAREZ";6;203;125020
"Cebada total";2018/19;"BUENOS AIRES";"CORONEL SUAREZ";6;203;205499
"Cebada total";2019/20;"BUENOS AIRES";"CORONEL SUAREZ";6;203;91520
"Cebada total";2020/21;"BUENOS AIRES";"CORONEL SUAREZ";6;203;176400
"Cebada total";2021/22;"BUENOS AIRES";"CORONEL SUAREZ";6;203;210320
"Cebada total";2022/23;"BUENOS AIRES";"CORONEL SUAREZ";6;203;213000
"Cebada total";2023/24;"BUENOS AIRES";"CORONEL SUAREZ";6;203;213000
"Cebada total";2024/25;"BUENOS AIRES";"CORONEL SUAREZ";6;203;284000
"Cebada total";2016/17;"BUENOS AIRES";DAIREAUX;6;231;35352
"Cebada total";2017/18;"BUENOS AIRES";DAIREAUX;6;231;28600
"Cebada total";2018/19;"BUENOS AIRES";DAIREAUX;6;231;45276
"Cebada total";2019/20;"BUENOS AIRES";DAIREAUX;6;231;62790
"Cebada total";2020/21;"BUENOS AIRES";DAIREAUX;6;231;64800
"Cebada total";2021/22;"BUENOS AIRES";DAIREAUX;6;231;120285
"Cebada total";2022/23;"BUENOS AIRES";DAIREAUX;6;231;88000
"Cebada total";2023/24;"BUENOS AIRES";DAIREAUX;6;231;84700
"Cebada total";2024/25;"BUENOS AIRES";DAIREAUX;6;231;85800
"Cebada total";2024/25;"BUENOS AIRES";DOLORES;6;238;158
"Cebada total";2021/22;"BUENOS AIRES";"EXALTACION DE LA CRUZ";6;266;3261
"Cebada total";2022/23;"BUENOS AIRES";"EXALTACION DE LA CRUZ";6;266;935
"Cebada total";2023/24;"BUENOS AIRES";"EXALTACION DE LA CRUZ";6;266;3375
"Cebada total";2024/25;"BUENOS AIRES";"EXALTACION DE LA CRUZ";6;266;1050
"Cebada total";2016/17;"BUENOS AIRES";"FLORENTINO AMEGHINO";6;277;11124
"Cebada total";2017/18;"BUENOS AIRES";"FLORENTINO AMEGHINO";6;277;107
"Cebada total";2018/19;"BUENOS AIRES";"FLORENTINO AMEGHINO";6;277;4950
"Cebada total";2019/20;"BUENOS AIRES";"FLORENTINO AMEGHINO";6;277;4896
"Cebada total";2020/21;"BUENOS AIRES";"FLORENTINO AMEGHINO";6;277;3105
"Cebada total";2021/22;"BUENOS AIRES";"FLORENTINO AMEGHINO";6;277;2240
"Cebada total";2022/23;"BUENOS AIRES";"FLORENTINO AMEGHINO";6;277;1669
"Cebada total";2023/24;"BUENOS AIRES";"FLORENTINO AMEGHINO";6;277;931
"Cebada total";2024/25;"BUENOS AIRES";"FLORENTINO AMEGHINO";6;277;1528
"Cebada total";2016/17;"BUENOS AIRES";"GENERAL ALVARADO";6;280;37284
"Cebada total";2017/18;"BUENOS AIRES";"GENERAL ALVARADO";6;280;28248
"Cebada total";2018/19;"BUENOS AIRES";"GENERAL ALVARADO";6;280;69154
"Cebada total";2019/20;"BUENOS AIRES";"GENERAL ALVARADO";6;280;53940
"Cebada total";2020/21;"BUENOS AIRES";"GENERAL ALVARADO";6;280;67011
"Cebada total";2021/22;"BUENOS AIRES";"GENERAL ALVARADO";6;280;65160
"Cebada total";2022/23;"BUENOS AIRES";"GENERAL ALVARADO";6;280;69645
"Cebada total";2023/24;"BUENOS AIRES";"GENERAL ALVARADO";6;280;87000
"Cebada total";2024/25;"BUENOS AIRES";"GENERAL ALVARADO";6;280;61440
"Cebada total";2016/17;"BUENOS AIRES";"GENERAL ALVEAR";6;287;15750
"Cebada total";2017/18;"BUENOS AIRES";"GENERAL ALVEAR";6;287;13200
"Cebada total";2018/19;"BUENOS AIRES";"GENERAL ALVEAR";6;287;13206
"Cebada total";2019/20;"BUENOS AIRES";"GENERAL ALVEAR";6;287;11270
"Cebada total";2020/21;"BUENOS AIRES";"GENERAL ALVEAR";6;287;12960
"Cebada total";2021/22;"BUENOS AIRES";"GENERAL ALVEAR";6;287;18000
"Cebada total";2022/23;"BUENOS AIRES";"GENERAL ALVEAR";6;287;21200
"Cebada total";2023/24;"BUENOS AIRES";"GENERAL ALVEAR";6;287;26500
"Cebada total";2024/25;"BUENOS AIRES";"GENERAL ALVEAR";6;287;20670
"Cebada total";2016/17;"BUENOS AIRES";"GENERAL ARENALES";6;294;11690
"Cebada total";2017/18;"BUENOS AIRES";"GENERAL ARENALES";6;294;7980
"Cebada total";2018/19;"BUENOS AIRES";"GENERAL ARENALES";6;294;12204
"Cebada total";2019/20;"BUENOS AIRES";"GENERAL ARENALES";6;294;9660
"Cebada total";2020/21;"BUENOS AIRES";"GENERAL ARENALES";6;294;6720
"Cebada total";2021/22;"BUENOS AIRES";"GENERAL ARENALES";6;294;5011
"Cebada total";2022/23;"BUENOS AIRES";"GENERAL ARENALES";6;294;2592
"Cebada total";2023/24;"BUENOS AIRES";"GENERAL ARENALES";6;294;5000
"Cebada total";2024/25;"BUENOS AIRES";"GENERAL ARENALES";6;294;4455
"Cebada total";2016/17;"BUENOS AIRES";"GENERAL BELGRANO";6;301;5400
"Cebada total";2017/18;"BUENOS AIRES";"GENERAL BELGRANO";6;301;3859
"Cebada total";2018/19;"BUENOS AIRES";"GENERAL BELGRANO";6;301;6468
"Cebada total";2019/20;"BUENOS AIRES";"GENERAL BELGRANO";6;301;6471
"Cebada total";2020/21;"BUENOS AIRES";"GENERAL BELGRANO";6;301;5952
"Cebada total";2021/22;"BUENOS AIRES";"GENERAL BELGRANO";6;301;6381
"Cebada total";2022/23;"BUENOS AIRES";"GENERAL BELGRANO";6;301;5696
"Cebada total";2023/24;"BUENOS AIRES";"GENERAL BELGRANO";6;301;6037
"Cebada total";2024/25;"BUENOS AIRES";"GENERAL BELGRANO";6;301;6056
"Cebada total";2017/18;"BUENOS AIRES";"GENERAL GUIDO";6;308;2790
"Cebada total";2018/19;"BUENOS AIRES";"GENERAL GUIDO";6;308;2250
"Cebada total";2020/21;"BUENOS AIRES";"GENERAL GUIDO";6;308;312
"Cebada total";2021/22;"BUENOS AIRES";"GENERAL GUIDO";6;308;552
"Cebada total";2022/23;"BUENOS AIRES";"GENERAL GUIDO";6;308;1500
"Cebada total";2023/24;"BUENOS AIRES";"GENERAL GUIDO";6;308;1740
"Cebada total";2024/25;"BUENOS AIRES";"GENERAL GUIDO";6;308;1260
"Cebada total";2016/17;"BUENOS AIRES";"GENERAL JUAN MADARIAGA";6;315;0
"Cebada total";2017/18;"BUENOS AIRES";"GENERAL JUAN MADARIAGA";6;315;2500
"Cebada total";2018/19;"BUENOS AIRES";"GENERAL JUAN MADARIAGA";6;315;3600
"Cebada total";2019/20;"BUENOS AIRES";"GENERAL JUAN MADARIAGA";6;315;1440
"Cebada total";2020/21;"BUENOS AIRES";"GENERAL JUAN MADARIAGA";6;315;2600
"Cebada total";2021/22;"BUENOS AIRES";"GENERAL JUAN MADARIAGA";6;315;2460
"Cebada total";2022/23;"BUENOS AIRES";"GENERAL JUAN MADARIAGA";6;315;2400
"Cebada total";2023/24;"BUENOS AIRES";"GENERAL JUAN MADARIAGA";6;315;2178
"Cebada total";2024/25;"BUENOS AIRES";"GENERAL JUAN MADARIAGA";6;315;3250
"Cebada total";2016/17;"BUENOS AIRES";"GENERAL LA MADRID";6;322;27463
"Cebada total";2017/18;"BUENOS AIRES";"GENERAL LA MADRID";6;322;31084
"Cebada total";2018/19;"BUENOS AIRES";"GENERAL LA MADRID";6;322;81343
"Cebada total";2019/20;"BUENOS AIRES";"GENERAL LA MADRID";6;322;29400
"Cebada total";2020/21;"BUENOS AIRES";"GENERAL LA MADRID";6;322;45900
"Cebada total";2021/22;"BUENOS AIRES";"GENERAL LA MADRID";6;322;70320
"Cebada total";2022/23;"BUENOS AIRES";"GENERAL LA MADRID";6;322;75000
"Cebada total";2023/24;"BUENOS AIRES";"GENERAL LA MADRID";6;322;60000
"Cebada total";2024/25;"BUENOS AIRES";"GENERAL LA MADRID";6;322;87500
"Cebada total";2016/17;"BUENOS AIRES";"GENERAL LAS HERAS";6;329;2304
"Cebada total";2017/18;"BUENOS AIRES";"GENERAL LAS HERAS";6;329;1530
"Cebada total";2018/19;"BUENOS AIRES";"GENERAL LAS HERAS";6;329;1560
"Cebada total";2019/20;"BUENOS AIRES";"GENERAL LAS HERAS";6;329;1700
"Cebada total";2020/21;"BUENOS AIRES";"GENERAL LAS HERAS";6;329;1632
"Cebada total";2021/22;"BUENOS AIRES";"GENERAL LAS HERAS";6;329;220
"Cebada total";2022/23;"BUENOS AIRES";"GENERAL LAS HERAS";6;329;60
"Cebada total";2023/24;"BUENOS AIRES";"GENERAL LAS HERAS";6;329;275
"Cebada total";2024/25;"BUENOS AIRES";"GENERAL LAS HERAS";6;329;636
"Cebada total";2016/17;"BUENOS AIRES";"GENERAL PAZ";6;343;3200
"Cebada total";2017/18;"BUENOS AIRES";"GENERAL PAZ";6;343;2508
"Cebada total";2018/19;"BUENOS AIRES";"GENERAL PAZ";6;343;2678
"Cebada total";2019/20;"BUENOS AIRES";"GENERAL PAZ";6;343;1500
"Cebada total";2020/21;"BUENOS AIRES";"GENERAL PAZ";6;343;1440
"Cebada total";2021/22;"BUENOS AIRES";"GENERAL PAZ";6;343;1320
"Cebada total";2022/23;"BUENOS AIRES";"GENERAL PAZ";6;343;900
"Cebada total";2023/24;"BUENOS AIRES";"GENERAL PAZ";6;343;1860
"Cebada total";2024/25;"BUENOS AIRES";"GENERAL PAZ";6;343;1792
"Cebada total";2016/17;"BUENOS AIRES";"GENERAL PINTO";6;351;0
"Cebada total";2017/18;"BUENOS AIRES";"GENERAL PINTO";6;351;6865
"Cebada total";2018/19;"BUENOS AIRES";"GENERAL PINTO";6;351;9030
"Cebada total";2019/20;"BUENOS AIRES";"GENERAL PINTO";6;351;7333
"Cebada total";2020/21;"BUENOS AIRES";"GENERAL PINTO";6;351;3600
"Cebada total";2021/22;"BUENOS AIRES";"GENERAL PINTO";6;351;2970
"Cebada total";2022/23;"BUENOS AIRES";"GENERAL PINTO";6;351;4370
"Cebada total";2023/24;"BUENOS AIRES";"GENERAL PINTO";6;351;684
"Cebada total";2024/25;"BUENOS AIRES";"GENERAL PINTO";6;351;1845
"Cebada total";2016/17;"BUENOS AIRES";"GENERAL PUEYRREDON";6;357;15863
"Cebada total";2017/18;"BUENOS AIRES";"GENERAL PUEYRREDON";6;357;9400
"Cebada total";2018/19;"BUENOS AIRES";"GENERAL PUEYRREDON";6;357;17196
"Cebada total";2019/20;"BUENOS AIRES";"GENERAL PUEYRREDON";6;357;17261
"Cebada total";2020/21;"BUENOS AIRES";"GENERAL PUEYRREDON";6;357;15506
"Cebada total";2021/22;"BUENOS AIRES";"GENERAL PUEYRREDON";6;357;36078
"Cebada total";2022/23;"BUENOS AIRES";"GENERAL PUEYRREDON";6;357;29750
"Cebada total";2023/24;"BUENOS AIRES";"GENERAL PUEYRREDON";6;357;27950
"Cebada total";2024/25;"BUENOS AIRES";"GENERAL PUEYRREDON";6;357;27840
"Cebada total";2016/17;"BUENOS AIRES";"GENERAL RODRIGUEZ";6;364;705
"Cebada total";2017/18;"BUENOS AIRES";"GENERAL RODRIGUEZ";6;364;484
"Cebada total";2018/19;"BUENOS AIRES";"GENERAL RODRIGUEZ";6;364;442
"Cebada total";2019/20;"BUENOS AIRES";"GENERAL RODRIGUEZ";6;364;500
"Cebada total";2020/21;"BUENOS AIRES";"GENERAL RODRIGUEZ";6;364;480
"Cebada total";2021/22;"BUENOS AIRES";"GENERAL RODRIGUEZ";6;364;176
"Cebada total";2022/23;"BUENOS AIRES";"GENERAL RODRIGUEZ";6;364;20
"Cebada total";2023/24;"BUENOS AIRES";"GENERAL RODRIGUEZ";6;364;236
"Cebada total";2024/25;"BUENOS AIRES";"GENERAL RODRIGUEZ";6;364;672
"Cebada total";2016/17;"BUENOS AIRES";"GENERAL VIAMONTE";6;385;23624
"Cebada total";2017/18;"BUENOS AIRES";"GENERAL VIAMONTE";6;385;5434
"Cebada total";2018/19;"BUENOS AIRES";"GENERAL VIAMONTE";6;385;21660
"Cebada total";2019/20;"BUENOS AIRES";"GENERAL VIAMONTE";6;385;13524
"Cebada total";2020/21;"BUENOS AIRES";"GENERAL VIAMONTE";6;385;5700
"Cebada total";2021/22;"BUENOS AIRES";"GENERAL VIAMONTE";6;385;6900
"Cebada total";2022/23;"BUENOS AIRES";"GENERAL VIAMONTE";6;385;7191
"Cebada total";2023/24;"BUENOS AIRES";"GENERAL VIAMONTE";6;385;4017
"Cebada total";2024/25;"BUENOS AIRES";"GENERAL VIAMONTE";6;385;10164
"Cebada total";2016/17;"BUENOS AIRES";"GENERAL VILLEGAS";6;392;13490
"Cebada total";2017/18;"BUENOS AIRES";"GENERAL VILLEGAS";6;392;8784
"Cebada total";2018/19;"BUENOS AIRES";"GENERAL VILLEGAS";6;392;15840
"Cebada total";2019/20;"BUENOS AIRES";"GENERAL VILLEGAS";6;392;12289
"Cebada total";2020/21;"BUENOS AIRES";"GENERAL VILLEGAS";6;392;4653
"Cebada total";2021/22;"BUENOS AIRES";"GENERAL VILLEGAS";6;392;11100
"Cebada total";2022/23;"BUENOS AIRES";"GENERAL VILLEGAS";6;392;12807
"Cebada total";2023/24;"BUENOS AIRES";"GENERAL VILLEGAS";6;392;2090
"Cebada total";2024/25;"BUENOS AIRES";"GENERAL VILLEGAS";6;392;6291
"Cebada total";2016/17;"BUENOS AIRES";GUAMINI;6;399;51600
"Cebada total";2017/18;"BUENOS AIRES";GUAMINI;6;399;24752
"Cebada total";2018/19;"BUENOS AIRES";GUAMINI;6;399;27104
"Cebada total";2019/20;"BUENOS AIRES";GUAMINI;6;399;30800
"Cebada total";2020/21;"BUENOS AIRES";GUAMINI;6;399;62700
"Cebada total";2021/22;"BUENOS AIRES";GUAMINI;6;399;79200
"Cebada total";2022/23;"BUENOS AIRES";GUAMINI;6;399;89100
"Cebada total";2023/24;"BUENOS AIRES";GUAMINI;6;399;84000
"Cebada total";2024/25;"BUENOS AIRES";GUAMINI;6;399;70200
"Cebada total";2016/17;"BUENOS AIRES";"HIPOLITO YRIGOYEN";6;406;18000
"Cebada total";2017/18;"BUENOS AIRES";"HIPOLITO YRIGOYEN";6;406;14400
"Cebada total";2018/19;"BUENOS AIRES";"HIPOLITO YRIGOYEN";6;406;56595
"Cebada total";2019/20;"BUENOS AIRES";"HIPOLITO YRIGOYEN";6;406;20930
"Cebada total";2020/21;"BUENOS AIRES";"HIPOLITO YRIGOYEN";6;406;43200
"Cebada total";2021/22;"BUENOS AIRES";"HIPOLITO YRIGOYEN";6;406;45684
"Cebada total";2022/23;"BUENOS AIRES";"HIPOLITO YRIGOYEN";6;406;69750
"Cebada total";2023/24;"BUENOS AIRES";"HIPOLITO YRIGOYEN";6;406;38539
"Cebada total";2024/25;"BUENOS AIRES";"HIPOLITO YRIGOYEN";6;406;50310
"Cebada total";2016/17;"BUENOS AIRES";JUNIN;6;413;16900
"Cebada total";2017/18;"BUENOS AIRES";JUNIN;6;413;11904
"Cebada total";2018/19;"BUENOS AIRES";JUNIN;6;413;17357
"Cebada total";2019/20;"BUENOS AIRES";JUNIN;6;413;14000
"Cebada total";2020/21;"BUENOS AIRES";JUNIN;6;413;12400
"Cebada total";2021/22;"BUENOS AIRES";JUNIN;6;413;6236
"Cebada total";2022/23;"BUENOS AIRES";JUNIN;6;413;3758
"Cebada total";2023/24;"BUENOS AIRES";JUNIN;6;413;9200
"Cebada total";2024/25;"BUENOS AIRES";JUNIN;6;413;7650
"Cebada total";2016/17;"BUENOS AIRES";"LA PLATA";6;441;756
"Cebada total";2017/18;"BUENOS AIRES";"LA PLATA";6;441;572
"Cebada total";2018/19;"BUENOS AIRES";"LA PLATA";6;441;520
"Cebada total";2019/20;"BUENOS AIRES";"LA PLATA";6;441;500
"Cebada total";2020/21;"BUENOS AIRES";"LA PLATA";6;441;480
"Cebada total";2016/17;"BUENOS AIRES";LAPRIDA;6;448;10944
"Cebada total";2017/18;"BUENOS AIRES";LAPRIDA;6;448;17688
"Cebada total";2018/19;"BUENOS AIRES";LAPRIDA;6;448;19104
"Cebada total";2019/20;"BUENOS AIRES";LAPRIDA;6;448;9750
"Cebada total";2020/21;"BUENOS AIRES";LAPRIDA;6;448;14104
"Cebada total";2021/22;"BUENOS AIRES";LAPRIDA;6;448;18301
"Cebada total";2022/23;"BUENOS AIRES";LAPRIDA;6;448;33777
"Cebada total";2023/24;"BUENOS AIRES";LAPRIDA;6;448;31525
"Cebada total";2024/25;"BUENOS AIRES";LAPRIDA;6;448;61267
"Cebada total";2016/17;"BUENOS AIRES";"LAS FLORES";6;455;6800
"Cebada total";2017/18;"BUENOS AIRES";"LAS FLORES";6;455;4072
"Cebada total";2018/19;"BUENOS AIRES";"LAS FLORES";6;455;5202
"Cebada total";2019/20;"BUENOS AIRES";"LAS FLORES";6;455;5204
"Cebada total";2020/21;"BUENOS AIRES";"LAS FLORES";6;455;4708
"Cebada total";2021/22;"BUENOS AIRES";"LAS FLORES";6;455;8366
"Cebada total";2022/23;"BUENOS AIRES";"LAS FLORES";6;455;7468
"Cebada total";2023/24;"BUENOS AIRES";"LAS FLORES";6;455;8790
"Cebada total";2024/25;"BUENOS AIRES";"LAS FLORES";6;455;6719
"Cebada total";2016/17;"BUENOS AIRES";"LEANDRO N. ALEM";6;462;2748
"Cebada total";2017/18;"BUENOS AIRES";"LEANDRO N. ALEM";6;462;5060
"Cebada total";2018/19;"BUENOS AIRES";"LEANDRO N. ALEM";6;462;10500
"Cebada total";2019/20;"BUENOS AIRES";"LEANDRO N. ALEM";6;462;7178
"Cebada total";2020/21;"BUENOS AIRES";"LEANDRO N. ALEM";6;462;2555
"Cebada total";2021/22;"BUENOS AIRES";"LEANDRO N. ALEM";6;462;2380
"Cebada total";2022/23;"BUENOS AIRES";"LEANDRO N. ALEM";6;462;3040
"Cebada total";2023/24;"BUENOS AIRES";"LEANDRO N. ALEM";6;462;1254
"Cebada total";2024/25;"BUENOS AIRES";"LEANDRO N. ALEM";6;462;1250
"Cebada total";2024/25;"BUENOS AIRES";LEZAMA;6;466;4640
"Cebada total";2016/17;"BUENOS AIRES";LINCOLN;6;469;27638
"Cebada total";2017/18;"BUENOS AIRES";LINCOLN;6;469;12920
"Cebada total";2018/19;"BUENOS AIRES";LINCOLN;6;469;9360
"Cebada total";2019/20;"BUENOS AIRES";LINCOLN;6;469;9604
"Cebada total";2020/21;"BUENOS AIRES";LINCOLN;6;469;4200
"Cebada total";2021/22;"BUENOS AIRES";LINCOLN;6;469;11055
"Cebada total";2022/23;"BUENOS AIRES";LINCOLN;6;469;9625
"Cebada total";2023/24;"BUENOS AIRES";LINCOLN;6;469;1710
"Cebada total";2024/25;"BUENOS AIRES";LINCOLN;6;469;5428
"Cebada total";2016/17;"BUENOS AIRES";LOBERIA;6;476;212302
"Cebada total";2017/18;"BUENOS AIRES";LOBERIA;6;476;194350
"Cebada total";2018/19;"BUENOS AIRES";LOBERIA;6;476;268996
"Cebada total";2019/20;"BUENOS AIRES";LOBERIA;6;476;251267
"Cebada total";2020/21;"BUENOS AIRES";LOBERIA;6;476;215611
"Cebada total";2021/22;"BUENOS AIRES";LOBERIA;6;476;443508
"Cebada total";2022/23;"BUENOS AIRES";LOBERIA;6;476;198837
"Cebada total";2023/24;"BUENOS AIRES";LOBERIA;6;476;367200
"Cebada total";2024/25;"BUENOS AIRES";LOBERIA;6;476;307754
"Cebada total";2016/17;"BUENOS AIRES";LOBOS;6;483;14400
"Cebada total";2017/18;"BUENOS AIRES";LOBOS;6;483;9657
"Cebada total";2018/19;"BUENOS AIRES";LOBOS;6;483;11880
"Cebada total";2019/20;"BUENOS AIRES";LOBOS;6;483;11916
"Cebada total";2020/21;"BUENOS AIRES";LOBOS;6;483;11316
"Cebada total";2021/22;"BUENOS AIRES";LOBOS;6;483;12126
"Cebada total";2022/23;"BUENOS AIRES";LOBOS;6;483;10827
"Cebada total";2023/24;"BUENOS AIRES";LOBOS;6;483;9727
"Cebada total";2024/25;"BUENOS AIRES";LOBOS;6;483;5488
"Cebada total";2016/17;"BUENOS AIRES";LUJAN;6;497;4050
"Cebada total";2017/18;"BUENOS AIRES";LUJAN;6;497;2816
"Cebada total";2018/19;"BUENOS AIRES";LUJAN;6;497;3190
"Cebada total";2019/20;"BUENOS AIRES";LUJAN;6;497;12500
"Cebada total";2020/21;"BUENOS AIRES";LUJAN;6;497;10560
"Cebada total";2021/22;"BUENOS AIRES";LUJAN;6;497;960
"Cebada total";2022/23;"BUENOS AIRES";LUJAN;6;497;400
"Cebada total";2023/24;"BUENOS AIRES";LUJAN;6;497;3540
"Cebada total";2024/25;"BUENOS AIRES";LUJAN;6;497;2850
"Cebada total";2016/17;"BUENOS AIRES";MAGDALENA;6;505;4000
"Cebada total";2017/18;"BUENOS AIRES";MAGDALENA;6;505;3124
"Cebada total";2018/19;"BUENOS AIRES";MAGDALENA;6;505;3096
"Cebada total";2019/20;"BUENOS AIRES";MAGDALENA;6;505;2500
"Cebada total";2020/21;"BUENOS AIRES";MAGDALENA;6;505;2400
"Cebada total";2021/22;"BUENOS AIRES";MAGDALENA;6;505;816
"Cebada total";2022/23;"BUENOS AIRES";MAGDALENA;6;505;400
"Cebada total";2023/24;"BUENOS AIRES";MAGDALENA;6;505;1160
"Cebada total";2024/25;"BUENOS AIRES";MAGDALENA;6;505;1050
"Cebada total";2016/17;"BUENOS AIRES";MAIPU;6;511;5082
"Cebada total";2017/18;"BUENOS AIRES";MAIPU;6;511;6300
"Cebada total";2020/21;"BUENOS AIRES";MAIPU;6;511;1430
"Cebada total";2021/22;"BUENOS AIRES";MAIPU;6;511;2805
"Cebada total";2022/23;"BUENOS AIRES";MAIPU;6;511;3500
"Cebada total";2023/24;"BUENOS AIRES";MAIPU;6;511;5040
"Cebada total";2024/25;"BUENOS AIRES";MAIPU;6;511;3360
"Cebada total";2016/17;"BUENOS AIRES";"MAR CHIQUITA";6;518;0
"Cebada total";2017/18;"BUENOS AIRES";"MAR CHIQUITA";6;518;4720
"Cebada total";2018/19;"BUENOS AIRES";"MAR CHIQUITA";6;518;4400
"Cebada total";2020/21;"BUENOS AIRES";"MAR CHIQUITA";6;518;4200
"Cebada total";2021/22;"BUENOS AIRES";"MAR CHIQUITA";6;518;7325
"Cebada total";2022/23;"BUENOS AIRES";"MAR CHIQUITA";6;518;5950
"Cebada total";2023/24;"BUENOS AIRES";"MAR CHIQUITA";6;518;11400
"Cebada total";2024/25;"BUENOS AIRES";"MAR CHIQUITA";6;518;9600
"Cebada total";2016/17;"BUENOS AIRES";"MARCOS PAZ";6;525;4400
"Cebada total";2017/18;"BUENOS AIRES";"MARCOS PAZ";6;525;3124
"Cebada total";2018/19;"BUENOS AIRES";"MARCOS PAZ";6;525;3328
"Cebada total";2019/20;"BUENOS AIRES";"MARCOS PAZ";6;525;3500
"Cebada total";2020/21;"BUENOS AIRES";"MARCOS PAZ";6;525;3360
"Cebada total";2021/22;"BUENOS AIRES";"MARCOS PAZ";6;525;720
"Cebada total";2022/23;"BUENOS AIRES";"MARCOS PAZ";6;525;120
"Cebada total";2023/24;"BUENOS AIRES";"MARCOS PAZ";6;525;2610
"Cebada total";2024/25;"BUENOS AIRES";"MARCOS PAZ";6;525;1140
"Cebada total";2016/17;"BUENOS AIRES";MERCEDES;6;532;800
"Cebada total";2017/18;"BUENOS AIRES";MERCEDES;6;532;240
"Cebada total";2018/19;"BUENOS AIRES";MERCEDES;6;532;294
"Cebada total";2020/21;"BUENOS AIRES";MERCEDES;6;532;0
"Cebada total";2021/22;"BUENOS AIRES";MERCEDES;6;532;2500
"Cebada total";2022/23;"BUENOS AIRES";MERCEDES;6;532;690
"Cebada total";2023/24;"BUENOS AIRES";MERCEDES;6;532;322
"Cebada total";2024/25;"BUENOS AIRES";MERCEDES;6;532;400
"Cebada total";2016/17;"BUENOS AIRES";MONTE;6;547;9000
"Cebada total";2017/18;"BUENOS AIRES";MONTE;6;547;6984
"Cebada total";2018/19;"BUENOS AIRES";MONTE;6;547;7781
"Cebada total";2019/20;"BUENOS AIRES";MONTE;6;547;7801
"Cebada total";2020/21;"BUENOS AIRES";MONTE;6;547;7359
"Cebada total";2021/22;"BUENOS AIRES";MONTE;6;547;7885
"Cebada total";2022/23;"BUENOS AIRES";MONTE;6;547;7037
"Cebada total";2023/24;"BUENOS AIRES";MONTE;6;547;6345
"Cebada total";2024/25;"BUENOS AIRES";MONTE;6;547;4178
"Cebada total";2016/17;"BUENOS AIRES";NAVARRO;6;574;12950
"Cebada total";2017/18;"BUENOS AIRES";NAVARRO;6;574;8788
"Cebada total";2018/19;"BUENOS AIRES";NAVARRO;6;574;10197
"Cebada total";2019/20;"BUENOS AIRES";NAVARRO;6;574;10213
"Cebada total";2020/21;"BUENOS AIRES";NAVARRO;6;574;9432
"Cebada total";2021/22;"BUENOS AIRES";NAVARRO;6;574;10109
"Cebada total";2022/23;"BUENOS AIRES";NAVARRO;6;574;9020
"Cebada total";2023/24;"BUENOS AIRES";NAVARRO;6;574;8205
"Cebada total";2024/25;"BUENOS AIRES";NAVARRO;6;574;4823
"Cebada total";2016/17;"BUENOS AIRES";NECOCHEA;6;581;300988
"Cebada total";2017/18;"BUENOS AIRES";NECOCHEA;6;581;241296
"Cebada total";2018/19;"BUENOS AIRES";NECOCHEA;6;581;268686
"Cebada total";2019/20;"BUENOS AIRES";NECOCHEA;6;581;226800
"Cebada total";2020/21;"BUENOS AIRES";NECOCHEA;6;581;263160
"Cebada total";2021/22;"BUENOS AIRES";NECOCHEA;6;581;348975
"Cebada total";2022/23;"BUENOS AIRES";NECOCHEA;6;581;307499
"Cebada total";2023/24;"BUENOS AIRES";NECOCHEA;6;581;381722
"Cebada total";2024/25;"BUENOS AIRES";NECOCHEA;6;581;271387
"Cebada total";2016/17;"BUENOS AIRES";OLAVARRIA;6;595;11039
"Cebada total";2017/18;"BUENOS AIRES";OLAVARRIA;6;595;23424
"Cebada total";2018/19;"BUENOS AIRES";OLAVARRIA;6;595;98098
"Cebada total";2019/20;"BUENOS AIRES";OLAVARRIA;6;595;102074
"Cebada total";2020/21;"BUENOS AIRES";OLAVARRIA;6;595;64800
"Cebada total";2021/22;"BUENOS AIRES";OLAVARRIA;6;595;105705
"Cebada total";2022/23;"BUENOS AIRES";OLAVARRIA;6;595;108000
"Cebada total";2023/24;"BUENOS AIRES";OLAVARRIA;6;595;111720
"Cebada total";2024/25;"BUENOS AIRES";OLAVARRIA;6;595;72540
"Cebada total";2016/17;"BUENOS AIRES";PATAGONES;6;602;5634
"Cebada total";2017/18;"BUENOS AIRES";PATAGONES;6;602;12870
"Cebada total";2018/19;"BUENOS AIRES";PATAGONES;6;602;14899
"Cebada total";2019/20;"BUENOS AIRES";PATAGONES;6;602;12353
"Cebada total";2020/21;"BUENOS AIRES";PATAGONES;6;602;16476
"Cebada total";2021/22;"BUENOS AIRES";PATAGONES;6;602;1900
"Cebada total";2022/23;"BUENOS AIRES";PATAGONES;6;602;28325
"Cebada total";2023/24;"BUENOS AIRES";PATAGONES;6;602;320
"Cebada total";2024/25;"BUENOS AIRES";PATAGONES;6;602;18720
"Cebada total";2016/17;"BUENOS AIRES";PEHUAJO;6;609;29826
"Cebada total";2017/18;"BUENOS AIRES";PEHUAJO;6;609;39900
"Cebada total";2018/19;"BUENOS AIRES";PEHUAJO;6;609;42769
"Cebada total";2019/20;"BUENOS AIRES";PEHUAJO;6;609;15960
"Cebada total";2020/21;"BUENOS AIRES";PEHUAJO;6;609;38980
"Cebada total";2021/22;"BUENOS AIRES";PEHUAJO;6;609;65224
"Cebada total";2022/23;"BUENOS AIRES";PEHUAJO;6;609;31959
"Cebada total";2023/24;"BUENOS AIRES";PEHUAJO;6;609;12848
"Cebada total";2024/25;"BUENOS AIRES";PEHUAJO;6;609;51568
"Cebada total";2016/17;"BUENOS AIRES";PELLEGRINI;6;616;12160
"Cebada total";2017/18;"BUENOS AIRES";PELLEGRINI;6;616;4806
"Cebada total";2018/19;"BUENOS AIRES";PELLEGRINI;6;616;5940
"Cebada total";2019/20;"BUENOS AIRES";PELLEGRINI;6;616;1760
"Cebada total";2020/21;"BUENOS AIRES";PELLEGRINI;6;616;2176
"Cebada total";2021/22;"BUENOS AIRES";PELLEGRINI;6;616;2640
"Cebada total";2022/23;"BUENOS AIRES";PELLEGRINI;6;616;2240
"Cebada total";2023/24;"BUENOS AIRES";PELLEGRINI;6;616;6000
"Cebada total";2024/25;"BUENOS AIRES";PELLEGRINI;6;616;2600
"Cebada total";2016/17;"BUENOS AIRES";PERGAMINO;6;623;4624
"Cebada total";2017/18;"BUENOS AIRES";PERGAMINO;6;623;1680
"Cebada total";2018/19;"BUENOS AIRES";PERGAMINO;6;623;4655
"Cebada total";2019/20;"BUENOS AIRES";PERGAMINO;6;623;3280
"Cebada total";2020/21;"BUENOS AIRES";PERGAMINO;6;623;3040
"Cebada total";2021/22;"BUENOS AIRES";PERGAMINO;6;623;5361
"Cebada total";2022/23;"BUENOS AIRES";PERGAMINO;6;623;366
"Cebada total";2023/24;"BUENOS AIRES";PERGAMINO;6;623;10810
"Cebada total";2024/25;"BUENOS AIRES";PERGAMINO;6;623;10320
"Cebada total";2020/21;"BUENOS AIRES";PILA;6;630;216
"Cebada total";2021/22;"BUENOS AIRES";PILA;6;630;1944
"Cebada total";2022/23;"BUENOS AIRES";PILA;6;630;728
"Cebada total";2023/24;"BUENOS AIRES";PILA;6;630;580
"Cebada total";2024/25;"BUENOS AIRES";PILA;6;630;800
"Cebada total";2016/17;"BUENOS AIRES";PILAR;6;638;900
"Cebada total";2017/18;"BUENOS AIRES";PILAR;6;638;616
"Cebada total";2018/19;"BUENOS AIRES";PILAR;6;638;598
"Cebada total";2019/20;"BUENOS AIRES";PILAR;6;638;550
"Cebada total";2020/21;"BUENOS AIRES";PILAR;6;638;528
"Cebada total";2022/23;"BUENOS AIRES";PILAR;6;638;200
"Cebada total";2023/24;"BUENOS AIRES";PILAR;6;638;900
"Cebada total";2024/25;"BUENOS AIRES";PILAR;6;638;855
"Cebada total";2016/17;"BUENOS AIRES";PUAN;6;651;81939
"Cebada total";2017/18;"BUENOS AIRES";PUAN;6;651;92167
"Cebada total";2018/19;"BUENOS AIRES";PUAN;6;651;169560
"Cebada total";2019/20;"BUENOS AIRES";PUAN;6;651;81900
"Cebada total";2020/21;"BUENOS AIRES";PUAN;6;651;141750
"Cebada total";2021/22;"BUENOS AIRES";PUAN;6;651;88968
"Cebada total";2022/23;"BUENOS AIRES";PUAN;6;651;178200
"Cebada total";2023/24;"BUENOS AIRES";PUAN;6;651;152500
"Cebada total";2024/25;"BUENOS AIRES";PUAN;6;651;198000
"Cebada total";2016/17;"BUENOS AIRES";"PUNTA INDIO";6;655;1600
"Cebada total";2017/18;"BUENOS AIRES";"PUNTA INDIO";6;655;1232
"Cebada total";2018/19;"BUENOS AIRES";"PUNTA INDIO";6;655;1176
"Cebada total";2019/20;"BUENOS AIRES";"PUNTA INDIO";6;655;1400
"Cebada total";2020/21;"BUENOS AIRES";"PUNTA INDIO";6;655;1344
"Cebada total";2021/22;"BUENOS AIRES";"PUNTA INDIO";6;655;440
"Cebada total";2022/23;"BUENOS AIRES";"PUNTA INDIO";6;655;200
"Cebada total";2023/24;"BUENOS AIRES";"PUNTA INDIO";6;655;550
"Cebada total";2024/25;"BUENOS AIRES";"PUNTA INDIO";6;655;600
"Cebada total";2016/17;"BUENOS AIRES";RAMALLO;6;665;2243
"Cebada total";2017/18;"BUENOS AIRES";RAMALLO;6;665;4600
"Cebada total";2018/19;"BUENOS AIRES";RAMALLO;6;665;3120
"Cebada total";2019/20;"BUENOS AIRES";RAMALLO;6;665;7956
"Cebada total";2020/21;"BUENOS AIRES";RAMALLO;6;665;5550
"Cebada total";2021/22;"BUENOS AIRES";RAMALLO;6;665;0
"Cebada total";2022/23;"BUENOS AIRES";RAMALLO;6;665;1037
"Cebada total";2023/24;"BUENOS AIRES";RAMALLO;6;665;4950
"Cebada total";2024/25;"BUENOS AIRES";RAMALLO;6;665;4620
"Cebada total";2016/17;"BUENOS AIRES";RAUCH;6;672;5082
"Cebada total";2017/18;"BUENOS AIRES";RAUCH;6;672;3465
"Cebada total";2018/19;"BUENOS AIRES";RAUCH;6;672;5160
"Cebada total";2019/20;"BUENOS AIRES";RAUCH;6;672;8400
"Cebada total";2020/21;"BUENOS AIRES";RAUCH;6;672;6384
"Cebada total";2021/22;"BUENOS AIRES";RAUCH;6;672;8640
"Cebada total";2022/23;"BUENOS AIRES";RAUCH;6;672;4000
"Cebada total";2023/24;"BUENOS AIRES";RAUCH;6;672;10400
"Cebada total";2024/25;"BUENOS AIRES";RAUCH;6;672;8610
"Cebada total";2016/17;"BUENOS AIRES";RIVADAVIA;6;679;0
"Cebada total";2017/18;"BUENOS AIRES";RIVADAVIA;6;679;18720
"Cebada total";2018/19;"BUENOS AIRES";RIVADAVIA;6;679;25868
"Cebada total";2019/20;"BUENOS AIRES";RIVADAVIA;6;679;7072
"Cebada total";2020/21;"BUENOS AIRES";RIVADAVIA;6;679;11973
"Cebada total";2021/22;"BUENOS AIRES";RIVADAVIA;6;679;15304
"Cebada total";2022/23;"BUENOS AIRES";RIVADAVIA;6;679;10527
"Cebada total";2023/24;"BUENOS AIRES";RIVADAVIA;6;679;2960
"Cebada total";2024/25;"BUENOS AIRES";RIVADAVIA;6;679;8504
"Cebada total";2016/17;"BUENOS AIRES";ROJAS;6;686;17945
"Cebada total";2017/18;"BUENOS AIRES";ROJAS;6;686;2400
"Cebada total";2018/19;"BUENOS AIRES";ROJAS;6;686;21696
"Cebada total";2019/20;"BUENOS AIRES";ROJAS;6;686;17325
"Cebada total";2020/21;"BUENOS AIRES";ROJAS;6;686;13680
"Cebada total";2021/22;"BUENOS AIRES";ROJAS;6;686;10231
"Cebada total";2022/23;"BUENOS AIRES";ROJAS;6;686;5314
"Cebada total";2023/24;"BUENOS AIRES";ROJAS;6;686;11025
"Cebada total";2024/25;"BUENOS AIRES";ROJAS;6;686;8991
"Cebada total";2016/17;"BUENOS AIRES";"ROQUE PEREZ";6;693;14400
"Cebada total";2017/18;"BUENOS AIRES";"ROQUE PEREZ";6;693;6808
"Cebada total";2018/19;"BUENOS AIRES";"ROQUE PEREZ";6;693;7524
"Cebada total";2019/20;"BUENOS AIRES";"ROQUE PEREZ";6;693;7543
"Cebada total";2020/21;"BUENOS AIRES";"ROQUE PEREZ";6;693;7548
"Cebada total";2021/22;"BUENOS AIRES";"ROQUE PEREZ";6;693;8087
"Cebada total";2022/23;"BUENOS AIRES";"ROQUE PEREZ";6;693;7217
"Cebada total";2023/24;"BUENOS AIRES";"ROQUE PEREZ";6;693;6360
"Cebada total";2024/25;"BUENOS AIRES";"ROQUE PEREZ";6;693;5877
"Cebada total";2016/17;"BUENOS AIRES";SAAVEDRA;6;700;62947
"Cebada total";2017/18;"BUENOS AIRES";SAAVEDRA;6;700;64676
"Cebada total";2018/19;"BUENOS AIRES";SAAVEDRA;6;700;78863
"Cebada total";2019/20;"BUENOS AIRES";SAAVEDRA;6;700;59110
"Cebada total";2020/21;"BUENOS AIRES";SAAVEDRA;6;700;75600
"Cebada total";2021/22;"BUENOS AIRES";SAAVEDRA;6;700;55968
"Cebada total";2022/23;"BUENOS AIRES";SAAVEDRA;6;700;114000
"Cebada total";2023/24;"BUENOS AIRES";SAAVEDRA;6;700;82500
"Cebada total";2024/25;"BUENOS AIRES";SAAVEDRA;6;700;133000
"Cebada total";2016/17;"BUENOS AIRES";SALADILLO;6;707;832
"Cebada total";2017/18;"BUENOS AIRES";SALADILLO;6;707;3823
"Cebada total";2018/19;"BUENOS AIRES";SALADILLO;6;707;28645
"Cebada total";2019/20;"BUENOS AIRES";SALADILLO;6;707;15428
"Cebada total";2020/21;"BUENOS AIRES";SALADILLO;6;707;19496
"Cebada total";2021/22;"BUENOS AIRES";SALADILLO;6;707;36727
"Cebada total";2022/23;"BUENOS AIRES";SALADILLO;6;707;32787
"Cebada total";2023/24;"BUENOS AIRES";SALADILLO;6;707;33859
"Cebada total";2024/25;"BUENOS AIRES";SALADILLO;6;707;26510
"Cebada total";2016/17;"BUENOS AIRES";SALLIQUELO;6;721;7554
"Cebada total";2017/18;"BUENOS AIRES";SALLIQUELO;6;721;3634
"Cebada total";2018/19;"BUENOS AIRES";SALLIQUELO;6;721;6460
"Cebada total";2019/20;"BUENOS AIRES";SALLIQUELO;6;721;1540
"Cebada total";2020/21;"BUENOS AIRES";SALLIQUELO;6;721;1440
"Cebada total";2021/22;"BUENOS AIRES";SALLIQUELO;6;721;1650
"Cebada total";2022/23;"BUENOS AIRES";SALLIQUELO;6;721;1300
"Cebada total";2023/24;"BUENOS AIRES";SALLIQUELO;6;721;4350
"Cebada total";2024/25;"BUENOS AIRES";SALLIQUELO;6;721;1300
"Cebada total";2016/17;"BUENOS AIRES";SALTO;6;714;2782
"Cebada total";2017/18;"BUENOS AIRES";SALTO;6;714;3570
"Cebada total";2018/19;"BUENOS AIRES";SALTO;6;714;2240
"Cebada total";2019/20;"BUENOS AIRES";SALTO;6;714;9060
"Cebada total";2020/21;"BUENOS AIRES";SALTO;6;714;7980
"Cebada total";2021/22;"BUENOS AIRES";SALTO;6;714;9055
"Cebada total";2022/23;"BUENOS AIRES";SALTO;6;714;6950
"Cebada total";2023/24;"BUENOS AIRES";SALTO;6;714;6720
"Cebada total";2024/25;"BUENOS AIRES";SALTO;6;714;7480
"Cebada total";2017/18;"BUENOS AIRES";"SAN ANDRES DE GILES";6;728;3375
"Cebada total";2018/19;"BUENOS AIRES";"SAN ANDRES DE GILES";6;728;8678
"Cebada total";2019/20;"BUENOS AIRES";"SAN ANDRES DE GILES";6;728;3800
"Cebada total";2020/21;"BUENOS AIRES";"SAN ANDRES DE GILES";6;728;900
"Cebada total";2021/22;"BUENOS AIRES";"SAN ANDRES DE GILES";6;728;1322
"Cebada total";2022/23;"BUENOS AIRES";"SAN ANDRES DE GILES";6;728;778
"Cebada total";2023/24;"BUENOS AIRES";"SAN ANDRES DE GILES";6;728;1400
"Cebada total";2024/25;"BUENOS AIRES";"SAN ANDRES DE GILES";6;728;1050
"Cebada total";2016/17;"BUENOS AIRES";"SAN ANTONIO DE ARECO";6;735;1050
"Cebada total";2017/18;"BUENOS AIRES";"SAN ANTONIO DE ARECO";6;735;1520
"Cebada total";2018/19;"BUENOS AIRES";"SAN ANTONIO DE ARECO";6;735;420
"Cebada total";2019/20;"BUENOS AIRES";"SAN ANTONIO DE ARECO";6;735;3002
"Cebada total";2020/21;"BUENOS AIRES";"SAN ANTONIO DE ARECO";6;735;2405
"Cebada total";2021/22;"BUENOS AIRES";"SAN ANTONIO DE ARECO";6;735;2331
"Cebada total";2022/23;"BUENOS AIRES";"SAN ANTONIO DE ARECO";6;735;2070
"Cebada total";2023/24;"BUENOS AIRES";"SAN ANTONIO DE ARECO";6;735;11925
"Cebada total";2024/25;"BUENOS AIRES";"SAN ANTONIO DE ARECO";6;735;11070
"Cebada total";2016/17;"BUENOS AIRES";"SAN CAYETANO";6;742;160912
"Cebada total";2017/18;"BUENOS AIRES";"SAN CAYETANO";6;742;208252
"Cebada total";2018/19;"BUENOS AIRES";"SAN CAYETANO";6;742;176776
"Cebada total";2019/20;"BUENOS AIRES";"SAN CAYETANO";6;742;185500
"Cebada total";2020/21;"BUENOS AIRES";"SAN CAYETANO";6;742;212850
"Cebada total";2021/22;"BUENOS AIRES";"SAN CAYETANO";6;742;225201
"Cebada total";2022/23;"BUENOS AIRES";"SAN CAYETANO";6;742;227200
"Cebada total";2023/24;"BUENOS AIRES";"SAN CAYETANO";6;742;255229
"Cebada total";2024/25;"BUENOS AIRES";"SAN CAYETANO";6;742;148551
"Cebada total";2016/17;"BUENOS AIRES";"SAN NICOLAS";6;763;1260
"Cebada total";2017/18;"BUENOS AIRES";"SAN NICOLAS";6;763;1560
"Cebada total";2018/19;"BUENOS AIRES";"SAN NICOLAS";6;763;420
"Cebada total";2019/20;"BUENOS AIRES";"SAN NICOLAS";6;763;800
"Cebada total";2020/21;"BUENOS AIRES";"SAN NICOLAS";6;763;720
"Cebada total";2021/22;"BUENOS AIRES";"SAN NICOLAS";6;763;413
"Cebada total";2022/23;"BUENOS AIRES";"SAN NICOLAS";6;763;180
"Cebada total";2023/24;"BUENOS AIRES";"SAN NICOLAS";6;763;860
"Cebada total";2024/25;"BUENOS AIRES";"SAN NICOLAS";6;763;1200
"Cebada total";2016/17;"BUENOS AIRES";"SAN PEDRO";6;770;820
"Cebada total";2017/18;"BUENOS AIRES";"SAN PEDRO";6;770;2173
"Cebada total";2018/19;"BUENOS AIRES";"SAN PEDRO";6;770;410
"Cebada total";2019/20;"BUENOS AIRES";"SAN PEDRO";6;770;950
"Cebada total";2020/21;"BUENOS AIRES";"SAN PEDRO";6;770;925
"Cebada total";2021/22;"BUENOS AIRES";"SAN PEDRO";6;770;0
"Cebada total";2022/23;"BUENOS AIRES";"SAN PEDRO";6;770;1228
"Cebada total";2023/24;"BUENOS AIRES";"SAN PEDRO";6;770;3740
"Cebada total";2024/25;"BUENOS AIRES";"SAN PEDRO";6;770;3780
"Cebada total";2016/17;"BUENOS AIRES";"SAN VICENTE";6;778;2016
"Cebada total";2017/18;"BUENOS AIRES";"SAN VICENTE";6;778;1540
"Cebada total";2018/19;"BUENOS AIRES";"SAN VICENTE";6;778;1464
"Cebada total";2019/20;"BUENOS AIRES";"SAN VICENTE";6;778;1750
"Cebada total";2020/21;"BUENOS AIRES";"SAN VICENTE";6;778;1680
"Cebada total";2021/22;"BUENOS AIRES";"SAN VICENTE";6;778;88
"Cebada total";2022/23;"BUENOS AIRES";"SAN VICENTE";6;778;200
"Cebada total";2023/24;"BUENOS AIRES";"SAN VICENTE";6;778;840
"Cebada total";2024/25;"BUENOS AIRES";"SAN VICENTE";6;778;1288
"Cebada total";2016/17;"BUENOS AIRES";SUIPACHA;6;784;2000
"Cebada total";2017/18;"BUENOS AIRES";SUIPACHA;6;784;5440
"Cebada total";2018/19;"BUENOS AIRES";SUIPACHA;6;784;5174
"Cebada total";2019/20;"BUENOS AIRES";SUIPACHA;6;784;4200
"Cebada total";2020/21;"BUENOS AIRES";SUIPACHA;6;784;2944
"Cebada total";2021/22;"BUENOS AIRES";SUIPACHA;6;784;6250
"Cebada total";2022/23;"BUENOS AIRES";SUIPACHA;6;784;702
"Cebada total";2023/24;"BUENOS AIRES";SUIPACHA;6;784;2254
"Cebada total";2024/25;"BUENOS AIRES";SUIPACHA;6;784;7600
"Cebada total";2016/17;"BUENOS AIRES";TANDIL;6;791;236496
"Cebada total";2017/18;"BUENOS AIRES";TANDIL;6;791;196930
"Cebada total";2018/19;"BUENOS AIRES";TANDIL;6;791;237202
"Cebada total";2019/20;"BUENOS AIRES";TANDIL;6;791;219945
"Cebada total";2020/21;"BUENOS AIRES";TANDIL;6;791;200928
"Cebada total";2021/22;"BUENOS AIRES";TANDIL;6;791;277118
"Cebada total";2022/23;"BUENOS AIRES";TANDIL;6;791;210423
"Cebada total";2023/24;"BUENOS AIRES";TANDIL;6;791;285000
"Cebada total";2024/25;"BUENOS AIRES";TANDIL;6;791;240056
"Cebada total";2016/17;"BUENOS AIRES";TAPALQUE;6;798;350
"Cebada total";2017/18;"BUENOS AIRES";TAPALQUE;6;798;440
"Cebada total";2018/19;"BUENOS AIRES";TAPALQUE;6;798;377
"Cebada total";2019/20;"BUENOS AIRES";TAPALQUE;6;798;322
"Cebada total";2020/21;"BUENOS AIRES";TAPALQUE;6;798;6480
"Cebada total";2021/22;"BUENOS AIRES";TAPALQUE;6;798;5600
"Cebada total";2022/23;"BUENOS AIRES";TAPALQUE;6;798;7650
"Cebada total";2023/24;"BUENOS AIRES";TAPALQUE;6;798;9350
"Cebada total";2024/25;"BUENOS AIRES";TAPALQUE;6;798;5967
"Cebada total";2016/17;"BUENOS AIRES";TORNQUIST;6;819;70486
"Cebada total";2017/18;"BUENOS AIRES";TORNQUIST;6;819;93610
"Cebada total";2018/19;"BUENOS AIRES";TORNQUIST;6;819;72782
"Cebada total";2019/20;"BUENOS AIRES";TORNQUIST;6;819;31920
"Cebada total";2020/21;"BUENOS AIRES";TORNQUIST;6;819;70200
"Cebada total";2021/22;"BUENOS AIRES";TORNQUIST;6;819;50952
"Cebada total";2022/23;"BUENOS AIRES";TORNQUIST;6;819;78000
"Cebada total";2023/24;"BUENOS AIRES";TORNQUIST;6;819;85000
"Cebada total";2024/25;"BUENOS AIRES";TORNQUIST;6;819;136500
"Cebada total";2016/17;"BUENOS AIRES";"TRENQUE LAUQUEN";6;826;12920
"Cebada total";2017/18;"BUENOS AIRES";"TRENQUE LAUQUEN";6;826;112860
"Cebada total";2018/19;"BUENOS AIRES";"TRENQUE LAUQUEN";6;826;109662
"Cebada total";2019/20;"BUENOS AIRES";"TRENQUE LAUQUEN";6;826;51450
"Cebada total";2020/21;"BUENOS AIRES";"TRENQUE LAUQUEN";6;826;76580
"Cebada total";2021/22;"BUENOS AIRES";"TRENQUE LAUQUEN";6;826;32266
"Cebada total";2022/23;"BUENOS AIRES";"TRENQUE LAUQUEN";6;826;38721
"Cebada total";2023/24;"BUENOS AIRES";"TRENQUE LAUQUEN";6;826;13123
"Cebada total";2024/25;"BUENOS AIRES";"TRENQUE LAUQUEN";6;826;71184
"Cebada total";2016/17;"BUENOS AIRES";"TRES ARROYOS";6;833;182991
"Cebada total";2017/18;"BUENOS AIRES";"TRES ARROYOS";6;833;462009
"Cebada total";2018/19;"BUENOS AIRES";"TRES ARROYOS";6;833;369951
"Cebada total";2019/20;"BUENOS AIRES";"TRES ARROYOS";6;833;259000
"Cebada total";2020/21;"BUENOS AIRES";"TRES ARROYOS";6;833;283800
"Cebada total";2021/22;"BUENOS AIRES";"TRES ARROYOS";6;833;326008
"Cebada total";2022/23;"BUENOS AIRES";"TRES ARROYOS";6;833;396778
"Cebada total";2023/24;"BUENOS AIRES";"TRES ARROYOS";6;833;446375
"Cebada total";2024/25;"BUENOS AIRES";"TRES ARROYOS";6;833;277267
"Cebada total";2016/17;"BUENOS AIRES";"TRES LOMAS";6;847;25158
"Cebada total";2017/18;"BUENOS AIRES";"TRES LOMAS";6;847;8960
"Cebada total";2018/19;"BUENOS AIRES";"TRES LOMAS";6;847;11550
"Cebada total";2019/20;"BUENOS AIRES";"TRES LOMAS";6;847;1100
"Cebada total";2020/21;"BUENOS AIRES";"TRES LOMAS";6;847;1440
"Cebada total";2021/22;"BUENOS AIRES";"TRES LOMAS";6;847;1650
"Cebada total";2022/23;"BUENOS AIRES";"TRES LOMAS";6;847;1350
"Cebada total";2023/24;"BUENOS AIRES";"TRES LOMAS";6;847;5800
"Cebada total";2024/25;"BUENOS AIRES";"TRES LOMAS";6;847;5200
"Cebada total";2016/17;"BUENOS AIRES";VILLARINO;6;875;0
"Cebada total";2017/18;"BUENOS AIRES";VILLARINO;6;875;7785
"Cebada total";2018/19;"BUENOS AIRES";VILLARINO;6;875;8255
"Cebada total";2019/20;"BUENOS AIRES";VILLARINO;6;875;2307
"Cebada total";2020/21;"BUENOS AIRES";VILLARINO;6;875;1410
"Cebada total";2021/22;"BUENOS AIRES";VILLARINO;6;875;1808
"Cebada total";2022/23;"BUENOS AIRES";VILLARINO;6;875;10822
"Cebada total";2023/24;"BUENOS AIRES";VILLARINO;6;875;0
"Cebada total";2024/25;"BUENOS AIRES";VILLARINO;6;875;3542
"Cebada total";2016/17;"BUENOS AIRES";ZARATE;6;882;3990
"Cebada total";2017/18;"BUENOS AIRES";ZARATE;6;882;3000
"Cebada total";2018/19;"BUENOS AIRES";ZARATE;6;882;3075
"Cebada total";2019/20;"BUENOS AIRES";ZARATE;6;882;2925
"Cebada total";2020/21;"BUENOS AIRES";ZARATE;6;882;2850
"Cebada total";2021/22;"BUENOS AIRES";ZARATE;6;882;517
"Cebada total";2022/23;"BUENOS AIRES";ZARATE;6;882;136
"Cebada total";2023/24;"BUENOS AIRES";ZARATE;6;882;1320
"Cebada total";2024/25;"BUENOS AIRES";ZARATE;6;882;2100
"Cebada total";2016/17;CORDOBA;COLON;14;21;0
"Cebada total";2016/17;CORDOBA;"GENERAL ROCA";14;35;1120
"Cebada total";2017/18;CORDOBA;"GENERAL ROCA";14;35;1600
"Cebada total";2018/19;CORDOBA;"GENERAL ROCA";14;35;1500
"Cebada total";2019/20;CORDOBA;"GENERAL ROCA";14;35;0
"Cebada total";2020/21;CORDOBA;"GENERAL ROCA";14;35;8807
"Cebada total";2021/22;CORDOBA;"GENERAL ROCA";14;35;4487
"Cebada total";2022/23;CORDOBA;"GENERAL ROCA";14;35;17577
"Cebada total";2023/24;CORDOBA;"GENERAL ROCA";14;35;4513
"Cebada total";2024/25;CORDOBA;"GENERAL ROCA";14;35;0
"Cebada total";2016/17;CORDOBA;"GENERAL SAN MARTIN";14;42;0
"Cebada total";2017/18;CORDOBA;"GENERAL SAN MARTIN";14;42;2580
"Cebada total";2018/19;CORDOBA;"GENERAL SAN MARTIN";14;42;0
"Cebada total";2019/20;CORDOBA;"GENERAL SAN MARTIN";14;42;0
"Cebada total";2020/21;CORDOBA;"GENERAL SAN MARTIN";14;42;100
"Cebada total";2021/22;CORDOBA;"GENERAL SAN MARTIN";14;42;720
"Cebada total";2022/23;CORDOBA;"GENERAL SAN MARTIN";14;42;200
"Cebada total";2023/24;CORDOBA;"GENERAL SAN MARTIN";14;42;160
"Cebada total";2024/25;CORDOBA;"GENERAL SAN MARTIN";14;42;750
"Cebada total";2016/17;CORDOBA;ISCHILIN;14;49;598
"Cebada total";2017/18;CORDOBA;ISCHILIN;14;49;0
"Cebada total";2016/17;CORDOBA;"JUAREZ CELMAN";14;56;7000
"Cebada total";2017/18;CORDOBA;"JUAREZ CELMAN";14;56;1992
"Cebada total";2018/19;CORDOBA;"JUAREZ CELMAN";14;56;1600
"Cebada total";2019/20;CORDOBA;"JUAREZ CELMAN";14;56;3300
"Cebada total";2020/21;CORDOBA;"JUAREZ CELMAN";14;56;1950
"Cebada total";2021/22;CORDOBA;"JUAREZ CELMAN";14;56;3600
"Cebada total";2022/23;CORDOBA;"JUAREZ CELMAN";14;56;1800
"Cebada total";2023/24;CORDOBA;"JUAREZ CELMAN";14;56;2025
"Cebada total";2024/25;CORDOBA;"JUAREZ CELMAN";14;56;2700
"Cebada total";2016/17;CORDOBA;"MARCOS JUAREZ";14;63;16605
"Cebada total";2017/18;CORDOBA;"MARCOS JUAREZ";14;63;5850
"Cebada total";2018/19;CORDOBA;"MARCOS JUAREZ";14;63;5720
"Cebada total";2019/20;CORDOBA;"MARCOS JUAREZ";14;63;10395
"Cebada total";2020/21;CORDOBA;"MARCOS JUAREZ";14;63;2400
"Cebada total";2021/22;CORDOBA;"MARCOS JUAREZ";14;63;4780
"Cebada total";2022/23;CORDOBA;"MARCOS JUAREZ";14;63;1953
"Cebada total";2023/24;CORDOBA;"MARCOS JUAREZ";14;63;6250
"Cebada total";2024/25;CORDOBA;"MARCOS JUAREZ";14;63;2240
"Cebada total";2016/17;CORDOBA;"PRESIDENTE ROQUE SAENZ PENA";14;84;2853
"Cebada total";2017/18;CORDOBA;"PRESIDENTE ROQUE SAENZ PENA";14;84;1248
"Cebada total";2018/19;CORDOBA;"PRESIDENTE ROQUE SAENZ PENA";14;84;1250
"Cebada total";2019/20;CORDOBA;"PRESIDENTE ROQUE SAENZ PENA";14;84;1500
"Cebada total";2020/21;CORDOBA;"PRESIDENTE ROQUE SAENZ PENA";14;84;120
"Cebada total";2021/22;CORDOBA;"PRESIDENTE ROQUE SAENZ PENA";14;84;6613
"Cebada total";2022/23;CORDOBA;"PRESIDENTE ROQUE SAENZ PENA";14;84;6243
"Cebada total";2023/24;CORDOBA;"PRESIDENTE ROQUE SAENZ PENA";14;84;1330
"Cebada total";2016/17;CORDOBA;"RIO CUARTO";14;98;9238
"Cebada total";2017/18;CORDOBA;"RIO CUARTO";14;98;4928
"Cebada total";2018/19;CORDOBA;"RIO CUARTO";14;98;3600
"Cebada total";2019/20;CORDOBA;"RIO CUARTO";14;98;4000
"Cebada total";2020/21;CORDOBA;"RIO CUARTO";14;98;2400
"Cebada total";2021/22;CORDOBA;"RIO CUARTO";14;98;4600
"Cebada total";2022/23;CORDOBA;"RIO CUARTO";14;98;2000
"Cebada total";2023/24;CORDOBA;"RIO CUARTO";14;98;2700
"Cebada total";2024/25;CORDOBA;"RIO CUARTO";14;98;3600
"Cebada total";2016/17;CORDOBA;"RIO PRIMERO";14;105;10843
"Cebada total";2017/18;CORDOBA;"RIO PRIMERO";14;105;0
"Cebada total";2018/19;CORDOBA;"RIO PRIMERO";14;105;3150
"Cebada total";2019/20;CORDOBA;"RIO PRIMERO";14;105;3108
"Cebada total";2020/21;CORDOBA;"RIO PRIMERO";14;105;3173
"Cebada total";2021/22;CORDOBA;"RIO PRIMERO";14;105;4733
"Cebada total";2022/23;CORDOBA;"RIO PRIMERO";14;105;1776
"Cebada total";2023/24;CORDOBA;"RIO PRIMERO";14;105;1864
"Cebada total";2024/25;CORDOBA;"RIO PRIMERO";14;105;4530
"Cebada total";2016/17;CORDOBA;"RIO SEGUNDO";14;119;0
"Cebada total";2017/18;CORDOBA;"RIO SEGUNDO";14;119;1440
"Cebada total";2018/19;CORDOBA;"RIO SEGUNDO";14;119;0
"Cebada total";2019/20;CORDOBA;"RIO SEGUNDO";14;119;0
"Cebada total";2020/21;CORDOBA;"RIO SEGUNDO";14;119;100
"Cebada total";2021/22;CORDOBA;"RIO SEGUNDO";14;119;1170
"Cebada total";2022/23;CORDOBA;"RIO SEGUNDO";14;119;200
"Cebada total";2023/24;CORDOBA;"RIO SEGUNDO";14;119;400
"Cebada total";2024/25;CORDOBA;"RIO SEGUNDO";14;119;1120
"Cebada total";2016/17;CORDOBA;"SAN JUSTO";14;140;35125
"Cebada total";2017/18;CORDOBA;"SAN JUSTO";14;140;21504
"Cebada total";2018/19;CORDOBA;"SAN JUSTO";14;140;11475
"Cebada total";2019/20;CORDOBA;"SAN JUSTO";14;140;9324
"Cebada total";2020/21;CORDOBA;"SAN JUSTO";14;140;9670
"Cebada total";2021/22;CORDOBA;"SAN JUSTO";14;140;20116
"Cebada total";2022/23;CORDOBA;"SAN JUSTO";14;140;6622
"Cebada total";2023/24;CORDOBA;"SAN JUSTO";14;140;10700
"Cebada total";2024/25;CORDOBA;"SAN JUSTO";14;140;14640
"Cebada total";2016/17;CORDOBA;"SANTA MARIA";14;147;4500
"Cebada total";2017/18;CORDOBA;"SANTA MARIA";14;147;95
"Cebada total";2018/19;CORDOBA;"SANTA MARIA";14;147;0
"Cebada total";2019/20;CORDOBA;"SANTA MARIA";14;147;0
"Cebada total";2020/21;CORDOBA;"SANTA MARIA";14;147;200
"Cebada total";2021/22;CORDOBA;"SANTA MARIA";14;147;180
"Cebada total";2022/23;CORDOBA;"SANTA MARIA";14;147;300
"Cebada total";2023/24;CORDOBA;"SANTA MARIA";14;147;300
"Cebada total";2024/25;CORDOBA;"SANTA MARIA";14;147;480
"Cebada total";2016/17;CORDOBA;"TERCERO ARRIBA";14;161;0
"Cebada total";2017/18;CORDOBA;"TERCERO ARRIBA";14;161;2080
"Cebada total";2018/19;CORDOBA;"TERCERO ARRIBA";14;161;0
"Cebada total";2019/20;CORDOBA;"TERCERO ARRIBA";14;161;0
"Cebada total";2020/21;CORDOBA;"TERCERO ARRIBA";14;161;240
"Cebada total";2021/22;CORDOBA;"TERCERO ARRIBA";14;161;1360
"Cebada total";2022/23;CORDOBA;"TERCERO ARRIBA";14;161;200
"Cebada total";2023/24;CORDOBA;"TERCERO ARRIBA";14;161;200
"Cebada total";2024/25;CORDOBA;"TERCERO ARRIBA";14;161;480
"Cebada total";2016/17;CORDOBA;TOTORAL;14;168;2330
"Cebada total";2017/18;CORDOBA;TOTORAL;14;168;0
"Cebada total";2016/17;CORDOBA;TULUMBA;14;175;0
"Cebada total";2016/17;CORDOBA;UNION;14;182;4549
"Cebada total";2017/18;CORDOBA;UNION;14;182;4280
"Cebada total";2018/19;CORDOBA;UNION;14;182;7620
"Cebada total";2019/20;CORDOBA;UNION;14;182;8990
"Cebada total";2020/21;CORDOBA;UNION;14;182;1950
"Cebada total";2021/22;CORDOBA;UNION;14;182;10491
"Cebada total";2022/23;CORDOBA;UNION;14;182;2114
"Cebada total";2023/24;CORDOBA;UNION;14;182;4883
"Cebada total";2024/25;CORDOBA;UNION;14;182;8400
"Cebada total";2023/24;"ENTRE RIOS";COLON;30;8;351
"Cebada total";2024/25;"ENTRE RIOS";COLON;30;8;264
"Cebada total";2016/17;"ENTRE RIOS";DIAMANTE;30;21;1750
"Cebada total";2017/18;"ENTRE RIOS";DIAMANTE;30;21;3500
"Cebada total";2018/19;"ENTRE RIOS";DIAMANTE;30;21;3500
"Cebada total";2019/20;"ENTRE RIOS";DIAMANTE;30;21;3500
"Cebada total";2020/21;"ENTRE RIOS";DIAMANTE;30;21;2160
"Cebada total";2021/22;"ENTRE RIOS";DIAMANTE;30;21;2720
"Cebada total";2022/23;"ENTRE RIOS";DIAMANTE;30;21;2720
"Cebada total";2023/24;"ENTRE RIOS";DIAMANTE;30;21;1320
"Cebada total";2024/25;"ENTRE RIOS";DIAMANTE;30;21;2100
"Cebada total";2016/17;"ENTRE RIOS";FEDERAL;30;35;3200
"Cebada total";2017/18;"ENTRE RIOS";FEDERAL;30;35;2640
"Cebada total";2018/19;"ENTRE RIOS";FEDERAL;30;35;1700
"Cebada total";2019/20;"ENTRE RIOS";FEDERAL;30;35;1600
"Cebada total";2020/21;"ENTRE RIOS";FEDERAL;30;35;1350
"Cebada total";2021/22;"ENTRE RIOS";FEDERAL;30;35;1700
"Cebada total";2022/23;"ENTRE RIOS";FEDERAL;30;35;1650
"Cebada total";2023/24;"ENTRE RIOS";FEDERAL;30;35;1600
"Cebada total";2024/25;"ENTRE RIOS";FEDERAL;30;35;1400
"Cebada total";2019/20;"ENTRE RIOS";GUALEGUAY;30;49;1720
"Cebada total";2020/21;"ENTRE RIOS";GUALEGUAY;30;49;945
"Cebada total";2021/22;"ENTRE RIOS";GUALEGUAY;30;49;1080
"Cebada total";2022/23;"ENTRE RIOS";GUALEGUAY;30;49;698
"Cebada total";2023/24;"ENTRE RIOS";GUALEGUAY;30;49;1296
"Cebada total";2024/25;"ENTRE RIOS";GUALEGUAY;30;49;759
"Cebada total";2020/21;"ENTRE RIOS";GUALEGUAYCHU;30;56;0
"Cebada total";2021/22;"ENTRE RIOS";GUALEGUAYCHU;30;56;300
"Cebada total";2022/23;"ENTRE RIOS";GUALEGUAYCHU;30;56;384
"Cebada total";2023/24;"ENTRE RIOS";GUALEGUAYCHU;30;56;4212
"Cebada total";2024/25;"ENTRE RIOS";GUALEGUAYCHU;30;56;3168
"Cebada total";2016/17;"ENTRE RIOS";"LA PAZ";30;70;3300
"Cebada total";2017/18;"ENTRE RIOS";"LA PAZ";30;70;5250
"Cebada total";2018/19;"ENTRE RIOS";"LA PAZ";30;70;1750
"Cebada total";2019/20;"ENTRE RIOS";"LA PAZ";30;70;1650
"Cebada total";2020/21;"ENTRE RIOS";"LA PAZ";30;70;1300
"Cebada total";2021/22;"ENTRE RIOS";"LA PAZ";30;70;1650
"Cebada total";2022/23;"ENTRE RIOS";"LA PAZ";30;70;1650
"Cebada total";2023/24;"ENTRE RIOS";"LA PAZ";30;70;64
"Cebada total";2024/25;"ENTRE RIOS";"LA PAZ";30;70;1700
"Cebada total";2020/21;"ENTRE RIOS";NOGOYA;30;77;1325
"Cebada total";2021/22;"ENTRE RIOS";NOGOYA;30;77;736
"Cebada total";2022/23;"ENTRE RIOS";NOGOYA;30;77;1556
"Cebada total";2023/24;"ENTRE RIOS";NOGOYA;30;77;12996
"Cebada total";2024/25;"ENTRE RIOS";NOGOYA;30;77;2112
"Cebada total";2016/17;"ENTRE RIOS";PARANA;30;84;5250
"Cebada total";2017/18;"ENTRE RIOS";PARANA;30;84;385
"Cebada total";2018/19;"ENTRE RIOS";PARANA;30;84;3500
"Cebada total";2019/20;"ENTRE RIOS";PARANA;30;84;3300
"Cebada total";2020/21;"ENTRE RIOS";PARANA;30;84;1820
"Cebada total";2021/22;"ENTRE RIOS";PARANA;30;84;2310
"Cebada total";2022/23;"ENTRE RIOS";PARANA;30;84;2380
"Cebada total";2023/24;"ENTRE RIOS";PARANA;30;84;1240
"Cebada total";2024/25;"ENTRE RIOS";PARANA;30;84;2100
"Cebada total";2021/22;"ENTRE RIOS";TALA;30;91;150
"Cebada total";2022/23;"ENTRE RIOS";TALA;30;91;190
"Cebada total";2023/24;"ENTRE RIOS";TALA;30;91;1665
"Cebada total";2024/25;"ENTRE RIOS";TALA;30;91;1320
"Cebada total";2020/21;"ENTRE RIOS";URUGUAY;30;98;150
"Cebada total";2021/22;"ENTRE RIOS";URUGUAY;30;98;1400
"Cebada total";2022/23;"ENTRE RIOS";URUGUAY;30;98;860
"Cebada total";2023/24;"ENTRE RIOS";URUGUAY;30;98;3249
"Cebada total";2024/25;"ENTRE RIOS";URUGUAY;30;98;2343
"Cebada total";2019/20;"ENTRE RIOS";VICTORIA;30;105;2700
"Cebada total";2020/21;"ENTRE RIOS";VICTORIA;30;105;4620
"Cebada total";2021/22;"ENTRE RIOS";VICTORIA;30;105;6265
"Cebada total";2022/23;"ENTRE RIOS";VICTORIA;30;105;3258
"Cebada total";2023/24;"ENTRE RIOS";VICTORIA;30;105;4446
"Cebada total";2024/25;"ENTRE RIOS";VICTORIA;30;105;3432
"Cebada total";2020/21;"ENTRE RIOS";VILLAGUAY;30;113;0
"Cebada total";2021/22;"ENTRE RIOS";VILLAGUAY;30;113;1456
"Cebada total";2022/23;"ENTRE RIOS";VILLAGUAY;30;113;576
"Cebada total";2023/24;"ENTRE RIOS";VILLAGUAY;30;113;4446
"Cebada total";2024/25;"ENTRE RIOS";VILLAGUAY;30;113;3432
"Cebada total";2016/17;"LA PAMPA";ATREUCO;42;7;631
"Cebada total";2017/18;"LA PAMPA";ATREUCO;42;7;2500
"Cebada total";2018/19;"LA PAMPA";ATREUCO;42;7;7750
"Cebada total";2019/20;"LA PAMPA";ATREUCO;42;7;2860
"Cebada total";2020/21;"LA PAMPA";ATREUCO;42;7;18000
"Cebada total";2021/22;"LA PAMPA";ATREUCO;42;7;30690
"Cebada total";2022/23;"LA PAMPA";ATREUCO;42;7;11200
"Cebada total";2023/24;"LA PAMPA";ATREUCO;42;7;27200
"Cebada total";2024/25;"LA PAMPA";ATREUCO;42;7;25500
"Cebada total";2016/17;"LA PAMPA";CAPITAL;42;21;40179
"Cebada total";2017/18;"LA PAMPA";CAPITAL;42;21;32750
"Cebada total";2018/19;"LA PAMPA";CAPITAL;42;21;32750
"Cebada total";2019/20;"LA PAMPA";CAPITAL;42;21;13780
"Cebada total";2020/21;"LA PAMPA";CAPITAL;42;21;25000
"Cebada total";2021/22;"LA PAMPA";CAPITAL;42;21;19475
"Cebada total";2022/23;"LA PAMPA";CAPITAL;42;21;18925
"Cebada total";2023/24;"LA PAMPA";CAPITAL;42;21;11250
"Cebada total";2024/25;"LA PAMPA";CAPITAL;42;21;10800
"Cebada total";2016/17;"LA PAMPA";CATRILO;42;28;14020
"Cebada total";2017/18;"LA PAMPA";CATRILO;42;28;16800
"Cebada total";2018/19;"LA PAMPA";CATRILO;42;28;17400
"Cebada total";2019/20;"LA PAMPA";CATRILO;42;28;6097
"Cebada total";2020/21;"LA PAMPA";CATRILO;42;28;9000
"Cebada total";2021/22;"LA PAMPA";CATRILO;42;28;12480
"Cebada total";2022/23;"LA PAMPA";CATRILO;42;28;3750
"Cebada total";2023/24;"LA PAMPA";CATRILO;42;28;5250
"Cebada total";2024/25;"LA PAMPA";CATRILO;42;28;5040
"Cebada total";2016/17;"LA PAMPA";CHAPALEUFU;42;56;10800
"Cebada total";2017/18;"LA PAMPA";CHAPALEUFU;42;56;5040
"Cebada total";2018/19;"LA PAMPA";CHAPALEUFU;42;56;12960
"Cebada total";2019/20;"LA PAMPA";CHAPALEUFU;42;56;6480
"Cebada total";2020/21;"LA PAMPA";CHAPALEUFU;42;56;5600
"Cebada total";2021/22;"LA PAMPA";CHAPALEUFU;42;56;11900
"Cebada total";2022/23;"LA PAMPA";CHAPALEUFU;42;56;2100
"Cebada total";2023/24;"LA PAMPA";CHAPALEUFU;42;56;1800
"Cebada total";2024/25;"LA PAMPA";CHAPALEUFU;42;56;2330
"Cebada total";2016/17;"LA PAMPA";CONHELO;42;35;19312
"Cebada total";2017/18;"LA PAMPA";CONHELO;42;35;7452
"Cebada total";2018/19;"LA PAMPA";CONHELO;42;35;9180
"Cebada total";2019/20;"LA PAMPA";CONHELO;42;35;9240
"Cebada total";2020/21;"LA PAMPA";CONHELO;42;35;19360
"Cebada total";2021/22;"LA PAMPA";CONHELO;42;35;27000
"Cebada total";2022/23;"LA PAMPA";CONHELO;42;35;30960
"Cebada total";2023/24;"LA PAMPA";CONHELO;42;35;7280
"Cebada total";2024/25;"LA PAMPA";CONHELO;42;35;3686
"Cebada total";2016/17;"LA PAMPA";GUATRACHE;42;70;10000
"Cebada total";2017/18;"LA PAMPA";GUATRACHE;42;70;10340
"Cebada total";2018/19;"LA PAMPA";GUATRACHE;42;70;14000
"Cebada total";2019/20;"LA PAMPA";GUATRACHE;42;70;4000
"Cebada total";2020/21;"LA PAMPA";GUATRACHE;42;70;20000
"Cebada total";2021/22;"LA PAMPA";GUATRACHE;42;70;41250
"Cebada total";2022/23;"LA PAMPA";GUATRACHE;42;70;14280
"Cebada total";2023/24;"LA PAMPA";GUATRACHE;42;70;37500
"Cebada total";2024/25;"LA PAMPA";GUATRACHE;42;70;35000
"Cebada total";2016/17;"LA PAMPA";HUCAL;42;77;8800
"Cebada total";2017/18;"LA PAMPA";HUCAL;42;77;4600
"Cebada total";2018/19;"LA PAMPA";HUCAL;42;77;11000
"Cebada total";2019/20;"LA PAMPA";HUCAL;42;77;4200
"Cebada total";2020/21;"LA PAMPA";HUCAL;42;77;11000
"Cebada total";2021/22;"LA PAMPA";HUCAL;42;77;20086
"Cebada total";2022/23;"LA PAMPA";HUCAL;42;77;6075
"Cebada total";2023/24;"LA PAMPA";HUCAL;42;77;7000
"Cebada total";2024/25;"LA PAMPA";HUCAL;42;77;6720
"Cebada total";2016/17;"LA PAMPA";MARACO;42;105;22012
"Cebada total";2017/18;"LA PAMPA";MARACO;42;105;2448
"Cebada total";2018/19;"LA PAMPA";MARACO;42;105;17680
"Cebada total";2019/20;"LA PAMPA";MARACO;42;105;17274
"Cebada total";2020/21;"LA PAMPA";MARACO;42;105;12320
"Cebada total";2021/22;"LA PAMPA";MARACO;42;105;6400
"Cebada total";2022/23;"LA PAMPA";MARACO;42;105;1800
"Cebada total";2023/24;"LA PAMPA";MARACO;42;105;7800
"Cebada total";2024/25;"LA PAMPA";MARACO;42;105;2688
"Cebada total";2016/17;"LA PAMPA";"QUEMU QUEMU";42;119;13566
"Cebada total";2017/18;"LA PAMPA";"QUEMU QUEMU";42;119;17792
"Cebada total";2018/19;"LA PAMPA";"QUEMU QUEMU";42;119;47360
"Cebada total";2019/20;"LA PAMPA";"QUEMU QUEMU";42;119;7740
"Cebada total";2020/21;"LA PAMPA";"QUEMU QUEMU";42;119;7000
"Cebada total";2021/22;"LA PAMPA";"QUEMU QUEMU";42;119;26560
"Cebada total";2022/23;"LA PAMPA";"QUEMU QUEMU";42;119;12000
"Cebada total";2023/24;"LA PAMPA";"QUEMU QUEMU";42;119;3500
"Cebada total";2024/25;"LA PAMPA";"QUEMU QUEMU";42;119;2381
"Cebada total";2016/17;"LA PAMPA";RANCUL;42;126;4024
"Cebada total";2017/18;"LA PAMPA";RANCUL;42;126;2604
"Cebada total";2018/19;"LA PAMPA";RANCUL;42;126;6160
"Cebada total";2019/20;"LA PAMPA";RANCUL;42;126;4070
"Cebada total";2020/21;"LA PAMPA";RANCUL;42;126;11000
"Cebada total";2021/22;"LA PAMPA";RANCUL;42;126;11070
"Cebada total";2022/23;"LA PAMPA";RANCUL;42;126;0
"Cebada total";2023/24;"LA PAMPA";RANCUL;42;126;480
"Cebada total";2024/25;"LA PAMPA";RANCUL;42;126;704
"Cebada total";2016/17;"LA PAMPA";REALICO;42;133;0
"Cebada total";2017/18;"LA PAMPA";REALICO;42;133;704
"Cebada total";2018/19;"LA PAMPA";REALICO;42;133;21120
"Cebada total";2019/20;"LA PAMPA";REALICO;42;133;5724
"Cebada total";2020/21;"LA PAMPA";REALICO;42;133;8000
"Cebada total";2021/22;"LA PAMPA";REALICO;42;133;7200
"Cebada total";2022/23;"LA PAMPA";REALICO;42;133;5520
"Cebada total";2023/24;"LA PAMPA";REALICO;42;133;5720
"Cebada total";2024/25;"LA PAMPA";REALICO;42;133;1760
"Cebada total";2016/17;"LA PAMPA";TOAY;42;140;5000
"Cebada total";2017/18;"LA PAMPA";TOAY;42;140;1980
"Cebada total";2018/19;"LA PAMPA";TOAY;42;140;4000
"Cebada total";2019/20;"LA PAMPA";TOAY;42;140;1440
"Cebada total";2020/21;"LA PAMPA";TOAY;42;140;4200
"Cebada total";2021/22;"LA PAMPA";TOAY;42;140;2625
"Cebada total";2022/23;"LA PAMPA";TOAY;42;140;10736
"Cebada total";2023/24;"LA PAMPA";TOAY;42;140;4180
"Cebada total";2024/25;"LA PAMPA";TOAY;42;140;3420
"Cebada total";2016/17;"LA PAMPA";TRENEL;42;147;7980
"Cebada total";2017/18;"LA PAMPA";TRENEL;42;147;2744
"Cebada total";2018/19;"LA PAMPA";TRENEL;42;147;7280
"Cebada total";2019/20;"LA PAMPA";TRENEL;42;147;6664
"Cebada total";2020/21;"LA PAMPA";TRENEL;42;147;3520
"Cebada total";2021/22;"LA PAMPA";TRENEL;42;147;14310
"Cebada total";2022/23;"LA PAMPA";TRENEL;42;147;9460
"Cebada total";2023/24;"LA PAMPA";TRENEL;42;147;11040
"Cebada total";2024/25;"LA PAMPA";TRENEL;42;147;1760
"Cebada total";2016/17;"LA PAMPA";UTRACAN;42;154;4400
"Cebada total";2017/18;"LA PAMPA";UTRACAN;42;154;3600
"Cebada total";2018/19;"LA PAMPA";UTRACAN;42;154;4000
"Cebada total";2019/20;"LA PAMPA";UTRACAN;42;154;1700
"Cebada total";2020/21;"LA PAMPA";UTRACAN;42;154;2200
"Cebada total";2021/22;"LA PAMPA";UTRACAN;42;154;15048
"Cebada total";2022/23;"LA PAMPA";UTRACAN;42;154;2266
"Cebada total";2023/24;"LA PAMPA";UTRACAN;42;154;5060
"Cebada total";2024/25;"LA PAMPA";UTRACAN;42;154;4600
"Cebada total";2024/25;SALTA;CERRILLOS;66;35;50
"Cebada total";2021/22;"SAN LUIS";"CORONEL PRINGLES";74;21;720
"Cebada total";2022/23;"SAN LUIS";"GENERAL PEDERNERA";74;35;210
"Cebada total";2021/22;"SAN LUIS";"JUAN MARTIN DE PUEYRREDON";74;56;720
"Cebada total";2021/22;"SAN LUIS";JUNIN;74;49;960
"Cebada total";2016/17;"SANTA FE";BELGRANO;82;7;11141
"Cebada total";2017/18;"SANTA FE";BELGRANO;82;7;9804
"Cebada total";2018/19;"SANTA FE";BELGRANO;82;7;5720
"Cebada total";2019/20;"SANTA FE";BELGRANO;82;7;6696
"Cebada total";2020/21;"SANTA FE";BELGRANO;82;7;1347
"Cebada total";2021/22;"SANTA FE";BELGRANO;82;7;14200
"Cebada total";2022/23;"SANTA FE";BELGRANO;82;7;7098
"Cebada total";2016/17;"SANTA FE";CASEROS;82;14;11682
"Cebada total";2017/18;"SANTA FE";CASEROS;82;14;5700
"Cebada total";2018/19;"SANTA FE";CASEROS;82;14;4200
"Cebada total";2019/20;"SANTA FE";CASEROS;82;14;2880
"Cebada total";2020/21;"SANTA FE";CASEROS;82;14;1000
"Cebada total";2021/22;"SANTA FE";CASEROS;82;14;2250
"Cebada total";2022/23;"SANTA FE";CASEROS;82;14;1950
"Cebada total";2023/24;"SANTA FE";CASEROS;82;14;3040
"Cebada total";2024/25;"SANTA FE";CASEROS;82;14;3040
"Cebada total";2016/17;"SANTA FE";CASTELLANOS;82;21;0
"Cebada total";2017/18;"SANTA FE";CASTELLANOS;82;21;0
"Cebada total";2018/19;"SANTA FE";CASTELLANOS;82;21;0
"Cebada total";2019/20;"SANTA FE";CASTELLANOS;82;21;0
"Cebada total";2020/21;"SANTA FE";CASTELLANOS;82;21;0
"Cebada total";2021/22;"SANTA FE";CASTELLANOS;82;21;2040
"Cebada total";2022/23;"SANTA FE";CASTELLANOS;82;21;600
"Cebada total";2023/24;"SANTA FE";CASTELLANOS;82;21;400
"Cebada total";2024/25;"SANTA FE";CASTELLANOS;82;21;440
"Cebada total";2016/17;"SANTA FE";CONSTITUCION;82;28;16025
"Cebada total";2017/18;"SANTA FE";CONSTITUCION;82;28;2262
"Cebada total";2018/19;"SANTA FE";CONSTITUCION;82;28;1680
"Cebada total";2019/20;"SANTA FE";CONSTITUCION;82;28;5040
"Cebada total";2020/21;"SANTA FE";CONSTITUCION;82;28;2400
"Cebada total";2021/22;"SANTA FE";CONSTITUCION;82;28;5400
"Cebada total";2022/23;"SANTA FE";CONSTITUCION;82;28;360
"Cebada total";2023/24;"SANTA FE";CONSTITUCION;82;28;1050
"Cebada total";2024/25;"SANTA FE";CONSTITUCION;82;28;1050
"Cebada total";2016/17;"SANTA FE";"GENERAL LOPEZ";82;42;9286
"Cebada total";2017/18;"SANTA FE";"GENERAL LOPEZ";82;42;7144
"Cebada total";2018/19;"SANTA FE";"GENERAL LOPEZ";82;42;11400
"Cebada total";2019/20;"SANTA FE";"GENERAL LOPEZ";82;42;10260
"Cebada total";2020/21;"SANTA FE";"GENERAL LOPEZ";82;42;19250
"Cebada total";2021/22;"SANTA FE";"GENERAL LOPEZ";82;42;39132
"Cebada total";2022/23;"SANTA FE";"GENERAL LOPEZ";82;42;7500
"Cebada total";2023/24;"SANTA FE";"GENERAL LOPEZ";82;42;4560
"Cebada total";2024/25;"SANTA FE";"GENERAL LOPEZ";82;42;24244
"Cebada total";2016/17;"SANTA FE";IRIONDO;82;56;12275
"Cebada total";2017/18;"SANTA FE";IRIONDO;82;56;4625
"Cebada total";2018/19;"SANTA FE";IRIONDO;82;56;3000
"Cebada total";2019/20;"SANTA FE";IRIONDO;82;56;12653
"Cebada total";2020/21;"SANTA FE";IRIONDO;82;56;1604
"Cebada total";2021/22;"SANTA FE";IRIONDO;82;56;3074
"Cebada total";2022/23;"SANTA FE";IRIONDO;82;56;1456
"Cebada total";2023/24;"SANTA FE";IRIONDO;82;56;2321
"Cebada total";2024/25;"SANTA FE";IRIONDO;82;56;4269
"Cebada total";2021/22;"SANTA FE";"LA CAPITAL";82;63;0
"Cebada total";2016/17;"SANTA FE";"LAS COLONIAS";82;70;0
"Cebada total";2017/18;"SANTA FE";"LAS COLONIAS";82;70;0
"Cebada total";2018/19;"SANTA FE";"LAS COLONIAS";82;70;0
"Cebada total";2019/20;"SANTA FE";"LAS COLONIAS";82;70;0
"Cebada total";2020/21;"SANTA FE";"LAS COLONIAS";82;70;0
"Cebada total";2021/22;"SANTA FE";"LAS COLONIAS";82;70;1680
"Cebada total";2022/23;"SANTA FE";"LAS COLONIAS";82;70;1100
"Cebada total";2023/24;"SANTA FE";"LAS COLONIAS";82;70;1540
"Cebada total";2024/25;"SANTA FE";"LAS COLONIAS";82;70;3040
"Cebada total";2016/17;"SANTA FE";ROSARIO;82;84;731
"Cebada total";2017/18;"SANTA FE";ROSARIO;82;84;798
"Cebada total";2018/19;"SANTA FE";ROSARIO;82;84;1040
"Cebada total";2019/20;"SANTA FE";ROSARIO;82;84;1440
"Cebada total";2020/21;"SANTA FE";ROSARIO;82;84;800
"Cebada total";2021/22;"SANTA FE";ROSARIO;82;84;1800
"Cebada total";2022/23;"SANTA FE";ROSARIO;82;84;300
"Cebada total";2023/24;"SANTA FE";ROSARIO;82;84;1750
"Cebada total";2024/25;"SANTA FE";ROSARIO;82;84;3040
"Cebada total";2016/17;"SANTA FE";"SAN CRISTOBAL";82;91;0
"Cebada total";2017/18;"SANTA FE";"SAN CRISTOBAL";82;91;0
"Cebada total";2018/19;"SANTA FE";"SAN CRISTOBAL";82;91;0
"Cebada total";2019/20;"SANTA FE";"SAN CRISTOBAL";82;91;0
"Cebada total";2020/21;"SANTA FE";"SAN CRISTOBAL";82;91;0
"Cebada total";2021/22;"SANTA FE";"SAN CRISTOBAL";82;91;0
"Cebada total";2022/23;"SANTA FE";"SAN CRISTOBAL";82;91;200
"Cebada total";2023/24;"SANTA FE";"SAN CRISTOBAL";82;91;0
"Cebada total";2024/25;"SANTA FE";"SAN CRISTOBAL";82;91;40
"Cebada total";2016/17;"SANTA FE";"SAN JERONIMO";82;105;3805
"Cebada total";2017/18;"SANTA FE";"SAN JERONIMO";82;105;1330
"Cebada total";2018/19;"SANTA FE";"SAN JERONIMO";82;105;684
"Cebada total";2019/20;"SANTA FE";"SAN JERONIMO";82;105;2048
"Cebada total";2020/21;"SANTA FE";"SAN JERONIMO";82;105;2644
"Cebada total";2021/22;"SANTA FE";"SAN JERONIMO";82;105;5495
"Cebada total";2022/23;"SANTA FE";"SAN JERONIMO";82;105;2314
"Cebada total";2023/24;"SANTA FE";"SAN JERONIMO";82;105;1192
"Cebada total";2016/17;"SANTA FE";"SAN JUSTO";82;112;0
"Cebada total";2017/18;"SANTA FE";"SAN JUSTO";82;112;0
"Cebada total";2018/19;"SANTA FE";"SAN JUSTO";82;112;0
"Cebada total";2019/20;"SANTA FE";"SAN JUSTO";82;112;0
"Cebada total";2020/21;"SANTA FE";"SAN JUSTO";82;112;0
"Cebada total";2021/22;"SANTA FE";"SAN JUSTO";82;112;1280
"Cebada total";2022/23;"SANTA FE";"SAN JUSTO";82;112;600
"Cebada total";2023/24;"SANTA FE";"SAN JUSTO";82;112;1200
"Cebada total";2024/25;"SANTA FE";"SAN JUSTO";82;112;880
"Cebada total";2016/17;"SANTA FE";"SAN LORENZO";82;119;10958
"Cebada total";2020/21;"SANTA FE";"SAN LORENZO";82;119;600
"Cebada total";2021/22;"SANTA FE";"SAN LORENZO";82;119;1350
"Cebada total";2022/23;"SANTA FE";"SAN LORENZO";82;119;700
"Cebada total";2024/25;"SANTA FE";"SAN LORENZO";82;119;2100
"Cebada total";2016/17;"SANTA FE";"SAN MARTIN";82;126;1010
"Cebada total";2017/18;"SANTA FE";"SAN MARTIN";82;126;8225
"Cebada total";2018/19;"SANTA FE";"SAN MARTIN";82;126;4700
"Cebada total";2019/20;"SANTA FE";"SAN MARTIN";82;126;9248
"Cebada total";2020/21;"SANTA FE";"SAN MARTIN";82;126;2493
"Cebada total";2021/22;"SANTA FE";"SAN MARTIN";82;126;11316
"Cebada total";2022/23;"SANTA FE";"SAN MARTIN";82;126;5360
"Cebada total";2023/24;"SANTA FE";"SAN MARTIN";82;126;14191
"Cebada total";2024/25;"SANTA FE";"SAN MARTIN";82;126;6000
"Cebada total";2021/22;"SANTIAGO DEL ESTERO";AGUIRRE;86;7;460
"Cebada total";2022/23;"SANTIAGO DEL ESTERO";AGUIRRE;86;7;288
"Cebada total";2023/24;"SANTIAGO DEL ESTERO";AGUIRRE;86;7;720
"Cebada total";2024/25;"SANTIAGO DEL ESTERO";AGUIRRE;86;7;231
"Cebada total";2023/24;"SANTIAGO DEL ESTERO";ALBERDI;86;14;600
"Cebada total";2024/25;"SANTIAGO DEL ESTERO";ALBERDI;86;14;266
"Cebada total";2023/24;"SANTIAGO DEL ESTERO";BANDA;86;35;0
"Cebada total";2024/25;"SANTIAGO DEL ESTERO";BANDA;86;35;445
"Cebada total";2017/18;"SANTIAGO DEL ESTERO";BELGRANO;86;42;0
"Cebada total";2018/19;"SANTIAGO DEL ESTERO";BELGRANO;86;42;0
"Cebada total";2019/20;"SANTIAGO DEL ESTERO";BELGRANO;86;42;1190
"Cebada total";2020/21;"SANTIAGO DEL ESTERO";BELGRANO;86;42;2610
"Cebada total";2021/22;"SANTIAGO DEL ESTERO";BELGRANO;86;42;2584
"Cebada total";2022/23;"SANTIAGO DEL ESTERO";BELGRANO;86;42;900
"Cebada total";2023/24;"SANTIAGO DEL ESTERO";BELGRANO;86;42;1404
"Cebada total";2024/25;"SANTIAGO DEL ESTERO";BELGRANO;86;42;1141
"Cebada total";2017/18;"SANTIAGO DEL ESTERO";"GENERAL TABOADA";86;77;0
"Cebada total";2018/19;"SANTIAGO DEL ESTERO";"GENERAL TABOADA";86;77;0
"Cebada total";2019/20;"SANTIAGO DEL ESTERO";"GENERAL TABOADA";86;77;850
"Cebada total";2020/21;"SANTIAGO DEL ESTERO";"GENERAL TABOADA";86;77;2660
"Cebada total";2021/22;"SANTIAGO DEL ESTERO";"GENERAL TABOADA";86;77;2730
"Cebada total";2022/23;"SANTIAGO DEL ESTERO";"GENERAL TABOADA";86;77;1152
"Cebada total";2023/24;"SANTIAGO DEL ESTERO";"GENERAL TABOADA";86;77;2232
"Cebada total";2024/25;"SANTIAGO DEL ESTERO";"GENERAL TABOADA";86;77;1302
"Cebada total";2017/18;"SANTIAGO DEL ESTERO";GUASAYAN;86;84;480
"Cebada total";2016/17;"SANTIAGO DEL ESTERO";JIMENEZ;86;91;0
"Cebada total";2017/18;"SANTIAGO DEL ESTERO";JIMENEZ;86;91;6400
"Cebada total";2018/19;"SANTIAGO DEL ESTERO";JIMENEZ;86;91;9000
"Cebada total";2019/20;"SANTIAGO DEL ESTERO";JIMENEZ;86;91;16000
"Cebada total";2020/21;"SANTIAGO DEL ESTERO";JIMENEZ;86;91;10800
"Cebada total";2021/22;"SANTIAGO DEL ESTERO";JIMENEZ;86;91;18000
"Cebada total";2022/23;"SANTIAGO DEL ESTERO";JIMENEZ;86;91;12000
"Cebada total";2023/24;"SANTIAGO DEL ESTERO";JIMENEZ;86;91;15000
"Cebada total";2024/25;"SANTIAGO DEL ESTERO";JIMENEZ;86;91;7880
"Cebada total";2017/18;"SANTIAGO DEL ESTERO";"JUAN F. IBARRA";86;98;0
"Cebada total";2018/19;"SANTIAGO DEL ESTERO";"JUAN F. IBARRA";86;98;0
"Cebada total";2019/20;"SANTIAGO DEL ESTERO";"JUAN F. IBARRA";86;98;850
"Cebada total";2020/21;"SANTIAGO DEL ESTERO";"JUAN F. IBARRA";86;98;155
"Cebada total";2021/22;"SANTIAGO DEL ESTERO";"JUAN F. IBARRA";86;98;390
"Cebada total";2022/23;"SANTIAGO DEL ESTERO";"JUAN F. IBARRA";86;98;270
"Cebada total";2023/24;"SANTIAGO DEL ESTERO";"JUAN F. IBARRA";86;98;600
"Cebada total";2024/25;"SANTIAGO DEL ESTERO";"JUAN F. IBARRA";86;98;238
"Cebada total";2017/18;"SANTIAGO DEL ESTERO";MITRE;86;112;2550
"Cebada total";2018/19;"SANTIAGO DEL ESTERO";MITRE;86;112;3600
"Cebada total";2017/18;"SANTIAGO DEL ESTERO";MORENO;86;119;0
"Cebada total";2018/19;"SANTIAGO DEL ESTERO";MORENO;86;119;0
"Cebada total";2020/21;"SANTIAGO DEL ESTERO";MORENO;86;119;275
"Cebada total";2021/22;"SANTIAGO DEL ESTERO";MORENO;86;119;528
"Cebada total";2022/23;"SANTIAGO DEL ESTERO";MORENO;86;119;378
"Cebada total";2023/24;"SANTIAGO DEL ESTERO";MORENO;86;119;400
"Cebada total";2024/25;"SANTIAGO DEL ESTERO";MORENO;86;119;217
"Cebada total";2017/18;"SANTIAGO DEL ESTERO";PELLEGRINI;86;133;1139
"Cebada total";2018/19;"SANTIAGO DEL ESTERO";PELLEGRINI;86;133;1800
"Cebada total";2019/20;"SANTIAGO DEL ESTERO";PELLEGRINI;86;133;3000
"Cebada total";2020/21;"SANTIAGO DEL ESTERO";PELLEGRINI;86;133;2025
"Cebada total";2021/22;"SANTIAGO DEL ESTERO";PELLEGRINI;86;133;3600
"Cebada total";2022/23;"SANTIAGO DEL ESTERO";PELLEGRINI;86;133;2400
"Cebada total";2023/24;"SANTIAGO DEL ESTERO";PELLEGRINI;86;133;3000
"Cebada total";2024/25;"SANTIAGO DEL ESTERO";PELLEGRINI;86;133;1572
"Cebada total";2018/19;"SANTIAGO DEL ESTERO";"RIO HONDO";86;147;900
"Cebada total";2019/20;"SANTIAGO DEL ESTERO";"RIO HONDO";86;147;2000
"Cebada total";2020/21;"SANTIAGO DEL ESTERO";"RIO HONDO";86;147;1350
"Cebada total";2021/22;"SANTIAGO DEL ESTERO";"RIO HONDO";86;147;3600
"Cebada total";2022/23;"SANTIAGO DEL ESTERO";"RIO HONDO";86;147;2000
"Cebada total";2023/24;"SANTIAGO DEL ESTERO";"RIO HONDO";86;147;3000
"Cebada total";2024/25;"SANTIAGO DEL ESTERO";"RIO HONDO";86;147;1755
"Cebada total";2020/21;"SANTIAGO DEL ESTERO";RIVADAVIA;86;154;160
"Cebada total";2021/22;"SANTIAGO DEL ESTERO";RIVADAVIA;86;154;392
"Cebada total";2022/23;"SANTIAGO DEL ESTERO";RIVADAVIA;86;154;198
"Cebada total";2023/24;"SANTIAGO DEL ESTERO";RIVADAVIA;86;154;492
"Cebada total";2024/25;"SANTIAGO DEL ESTERO";RIVADAVIA;86;154;287
"Cebada total";2016/17;TUCUMAN;BURRUYACU;90;7;0
"Cebada total";2017/18;TUCUMAN;BURRUYACU;90;7;0
Girasol;2015/16;"BUENOS AIRES";"25 DE MAYO";6;854;5400
Girasol;2016/17;"BUENOS AIRES";"25 DE MAYO";6;854;6670
Girasol;2017/18;"BUENOS AIRES";"25 DE MAYO";6;854;9049
Girasol;2018/19;"BUENOS AIRES";"25 DE MAYO";6;854;14578
Girasol;2019/20;"BUENOS AIRES";"25 DE MAYO";6;854;8392
Girasol;2020/21;"BUENOS AIRES";"25 DE MAYO";6;854;17239
Girasol;2021/22;"BUENOS AIRES";"25 DE MAYO";6;854;22601
Girasol;2022/23;"BUENOS AIRES";"25 DE MAYO";6;854;31692
Girasol;2023/24;"BUENOS AIRES";"25 DE MAYO";6;854;28258
Girasol;2015/16;"BUENOS AIRES";"9 DE JULIO";6;588;5000
Girasol;2016/17;"BUENOS AIRES";"9 DE JULIO";6;588;10500
Girasol;2017/18;"BUENOS AIRES";"9 DE JULIO";6;588;9800
Girasol;2018/19;"BUENOS AIRES";"9 DE JULIO";6;588;14000
Girasol;2019/20;"BUENOS AIRES";"9 DE JULIO";6;588;5600
Girasol;2020/21;"BUENOS AIRES";"9 DE JULIO";6;588;5000
Girasol;2021/22;"BUENOS AIRES";"9 DE JULIO";6;588;5400
Girasol;2022/23;"BUENOS AIRES";"9 DE JULIO";6;588;19600
Girasol;2023/24;"BUENOS AIRES";"9 DE JULIO";6;588;15433
Girasol;2015/16;"BUENOS AIRES";"ADOLFO ALSINA";6;7;109200
Girasol;2016/17;"BUENOS AIRES";"ADOLFO ALSINA";6;7;120000
Girasol;2017/18;"BUENOS AIRES";"ADOLFO ALSINA";6;7;88000
Girasol;2018/19;"BUENOS AIRES";"ADOLFO ALSINA";6;7;80000
Girasol;2019/20;"BUENOS AIRES";"ADOLFO ALSINA";6;7;53200
Girasol;2020/21;"BUENOS AIRES";"ADOLFO ALSINA";6;7;87360
Girasol;2021/22;"BUENOS AIRES";"ADOLFO ALSINA";6;7;92400
Girasol;2022/23;"BUENOS AIRES";"ADOLFO ALSINA";6;7;112500
Girasol;2023/24;"BUENOS AIRES";"ADOLFO ALSINA";6;7;103200
Girasol;2016/17;"BUENOS AIRES";"ADOLFO GONZALES CHAVES";6;14;6482
Girasol;2017/18;"BUENOS AIRES";"ADOLFO GONZALES CHAVES";6;14;7000
Girasol;2018/19;"BUENOS AIRES";"ADOLFO GONZALES CHAVES";6;14;7980
Girasol;2019/20;"BUENOS AIRES";"ADOLFO GONZALES CHAVES";6;14;9000
Girasol;2020/21;"BUENOS AIRES";"ADOLFO GONZALES CHAVES";6;14;23800
Girasol;2021/22;"BUENOS AIRES";"ADOLFO GONZALES CHAVES";6;14;20684
Girasol;2022/23;"BUENOS AIRES";"ADOLFO GONZALES CHAVES";6;14;43826
Girasol;2023/24;"BUENOS AIRES";"ADOLFO GONZALES CHAVES";6;14;34768
Girasol;2015/16;"BUENOS AIRES";ALBERTI;6;21;1250
Girasol;2016/17;"BUENOS AIRES";ALBERTI;6;21;3000
Girasol;2017/18;"BUENOS AIRES";ALBERTI;6;21;2000
Girasol;2018/19;"BUENOS AIRES";ALBERTI;6;21;2800
Girasol;2019/20;"BUENOS AIRES";ALBERTI;6;21;560
Girasol;2022/23;"BUENOS AIRES";ALBERTI;6;21;4800
Girasol;2015/16;"BUENOS AIRES";ARRECIFES;6;77;140
Girasol;2016/17;"BUENOS AIRES";ARRECIFES;6;77;1800
Girasol;2017/18;"BUENOS AIRES";ARRECIFES;6;77;1120
Girasol;2018/19;"BUENOS AIRES";ARRECIFES;6;77;3542
Girasol;2019/20;"BUENOS AIRES";ARRECIFES;6;77;2250
Girasol;2020/21;"BUENOS AIRES";ARRECIFES;6;77;560
Girasol;2021/22;"BUENOS AIRES";ARRECIFES;6;77;4434
Girasol;2022/23;"BUENOS AIRES";ARRECIFES;6;77;1512
Girasol;2023/24;"BUENOS AIRES";ARRECIFES;6;77;2100
Girasol;2015/16;"BUENOS AIRES";AYACUCHO;6;42;39100
Girasol;2016/17;"BUENOS AIRES";AYACUCHO;6;42;31500
Girasol;2017/18;"BUENOS AIRES";AYACUCHO;6;42;56100
Girasol;2018/19;"BUENOS AIRES";AYACUCHO;6;42;61800
Girasol;2019/20;"BUENOS AIRES";AYACUCHO;6;42;51980
Girasol;2020/21;"BUENOS AIRES";AYACUCHO;6;42;59520
Girasol;2021/22;"BUENOS AIRES";AYACUCHO;6;42;65560
Girasol;2022/23;"BUENOS AIRES";AYACUCHO;6;42;57600
Girasol;2023/24;"BUENOS AIRES";AYACUCHO;6;42;61160
Girasol;2015/16;"BUENOS AIRES";AZUL;6;49;30130
Girasol;2016/17;"BUENOS AIRES";AZUL;6;49;34980
Girasol;2017/18;"BUENOS AIRES";AZUL;6;49;30807
Girasol;2018/19;"BUENOS AIRES";AZUL;6;49;42178
Girasol;2019/20;"BUENOS AIRES";AZUL;6;49;37800
Girasol;2020/21;"BUENOS AIRES";AZUL;6;49;57600
Girasol;2021/22;"BUENOS AIRES";AZUL;6;49;53000
Girasol;2022/23;"BUENOS AIRES";AZUL;6;49;71253
Girasol;2023/24;"BUENOS AIRES";AZUL;6;49;34679
Girasol;2015/16;"BUENOS AIRES";"BAHIA BLANCA";6;56;351
Girasol;2016/17;"BUENOS AIRES";"BAHIA BLANCA";6;56;420
Girasol;2017/18;"BUENOS AIRES";"BAHIA BLANCA";6;56;560
Girasol;2018/19;"BUENOS AIRES";"BAHIA BLANCA";6;56;770
Girasol;2019/20;"BUENOS AIRES";"BAHIA BLANCA";6;56;420
Girasol;2020/21;"BUENOS AIRES";"BAHIA BLANCA";6;56;560
Girasol;2021/22;"BUENOS AIRES";"BAHIA BLANCA";6;56;400
Girasol;2015/16;"BUENOS AIRES";BALCARCE;6;63;102000
Girasol;2016/17;"BUENOS AIRES";BALCARCE;6;63;107040
Girasol;2017/18;"BUENOS AIRES";BALCARCE;6;63;133078
Girasol;2018/19;"BUENOS AIRES";BALCARCE;6;63;72600
Girasol;2019/20;"BUENOS AIRES";BALCARCE;6;63;65100
Girasol;2020/21;"BUENOS AIRES";BALCARCE;6;63;88000
Girasol;2021/22;"BUENOS AIRES";BALCARCE;6;63;115920
Girasol;2022/23;"BUENOS AIRES";BALCARCE;6;63;127503
Girasol;2023/24;"BUENOS AIRES";BALCARCE;6;63;87169
Girasol;2015/16;"BUENOS AIRES";BARADERO;6;70;290
Girasol;2016/17;"BUENOS AIRES";BARADERO;6;70;3360
Girasol;2017/18;"BUENOS AIRES";BARADERO;6;70;1800
Girasol;2021/22;"BUENOS AIRES";BARADERO;6;70;589
Girasol;2022/23;"BUENOS AIRES";BARADERO;6;70;400
Girasol;2023/24;"BUENOS AIRES";BARADERO;6;70;580
Girasol;2015/16;"BUENOS AIRES";"BENITO JUAREZ";6;84;25630
Girasol;2016/17;"BUENOS AIRES";"BENITO JUAREZ";6;84;32230
Girasol;2017/18;"BUENOS AIRES";"BENITO JUAREZ";6;84;28050
Girasol;2018/19;"BUENOS AIRES";"BENITO JUAREZ";6;84;36906
Girasol;2019/20;"BUENOS AIRES";"BENITO JUAREZ";6;84;24700
Girasol;2020/21;"BUENOS AIRES";"BENITO JUAREZ";6;84;37800
Girasol;2021/22;"BUENOS AIRES";"BENITO JUAREZ";6;84;45293
Girasol;2022/23;"BUENOS AIRES";"BENITO JUAREZ";6;84;47493
Girasol;2023/24;"BUENOS AIRES";"BENITO JUAREZ";6;84;34118
Girasol;2015/16;"BUENOS AIRES";BOLIVAR;6;105;15000
Girasol;2016/17;"BUENOS AIRES";BOLIVAR;6;105;14250
Girasol;2017/18;"BUENOS AIRES";BOLIVAR;6;105;12000
Girasol;2018/19;"BUENOS AIRES";BOLIVAR;6;105;42000
Girasol;2019/20;"BUENOS AIRES";BOLIVAR;6;105;27600
Girasol;2020/21;"BUENOS AIRES";BOLIVAR;6;105;46200
Girasol;2021/22;"BUENOS AIRES";BOLIVAR;6;105;45640
Girasol;2022/23;"BUENOS AIRES";BOLIVAR;6;105;52500
Girasol;2023/24;"BUENOS AIRES";BOLIVAR;6;105;42000
Girasol;2015/16;"BUENOS AIRES";BRAGADO;6;112;1250
Girasol;2016/17;"BUENOS AIRES";BRAGADO;6;112;3000
Girasol;2017/18;"BUENOS AIRES";BRAGADO;6;112;2800
Girasol;2018/19;"BUENOS AIRES";BRAGADO;6;112;2800
Girasol;2019/20;"BUENOS AIRES";BRAGADO;6;112;840
Girasol;2020/21;"BUENOS AIRES";BRAGADO;6;112;750
Girasol;2021/22;"BUENOS AIRES";BRAGADO;6;112;810
Girasol;2022/23;"BUENOS AIRES";BRAGADO;6;112;5250
Girasol;2023/24;"BUENOS AIRES";BRAGADO;6;112;830
Girasol;2015/16;"BUENOS AIRES";BRANDSEN;6;119;1666
Girasol;2016/17;"BUENOS AIRES";BRANDSEN;6;119;1575
Girasol;2017/18;"BUENOS AIRES";BRANDSEN;6;119;1425
Girasol;2018/19;"BUENOS AIRES";BRANDSEN;6;119;1760
Girasol;2019/20;"BUENOS AIRES";BRANDSEN;6;119;1579
Girasol;2020/21;"BUENOS AIRES";BRANDSEN;6;119;260
Girasol;2021/22;"BUENOS AIRES";BRANDSEN;6;119;168
Girasol;2022/23;"BUENOS AIRES";BRANDSEN;6;119;264
Girasol;2023/24;"BUENOS AIRES";BRANDSEN;6;119;140
Girasol;2015/16;"BUENOS AIRES";CAMPANA;6;126;270
Girasol;2023/24;"BUENOS AIRES";CAMPANA;6;126;1624
Girasol;2015/16;"BUENOS AIRES";CANUELAS;6;134;2076
Girasol;2016/17;"BUENOS AIRES";CANUELAS;6;134;2300
Girasol;2017/18;"BUENOS AIRES";CANUELAS;6;134;1900
Girasol;2018/19;"BUENOS AIRES";CANUELAS;6;134;2200
Girasol;2019/20;"BUENOS AIRES";CANUELAS;6;134;1894
Girasol;2020/21;"BUENOS AIRES";CANUELAS;6;134;2520
Girasol;2021/22;"BUENOS AIRES";CANUELAS;6;134;2256
Girasol;2022/23;"BUENOS AIRES";CANUELAS;6;134;1980
Girasol;2023/24;"BUENOS AIRES";CANUELAS;6;134;420
Girasol;2021/22;"BUENOS AIRES";"CAPITAN SARMIENTO";6;140;660
Girasol;2022/23;"BUENOS AIRES";"CAPITAN SARMIENTO";6;140;440
Girasol;2023/24;"BUENOS AIRES";"CAPITAN SARMIENTO";6;140;600
Girasol;2015/16;"BUENOS AIRES";"CARLOS CASARES";6;147;23640
Girasol;2016/17;"BUENOS AIRES";"CARLOS CASARES";6;147;21060
Girasol;2017/18;"BUENOS AIRES";"CARLOS CASARES";6;147;19320
Girasol;2018/19;"BUENOS AIRES";"CARLOS CASARES";6;147;11200
Girasol;2019/20;"BUENOS AIRES";"CARLOS CASARES";6;147;8100
Girasol;2020/21;"BUENOS AIRES";"CARLOS CASARES";6;147;10850
Girasol;2021/22;"BUENOS AIRES";"CARLOS CASARES";6;147;13765
Girasol;2022/23;"BUENOS AIRES";"CARLOS CASARES";6;147;11730
Girasol;2023/24;"BUENOS AIRES";"CARLOS CASARES";6;147;7145
Girasol;2015/16;"BUENOS AIRES";"CARLOS TEJEDOR";6;154;32520
Girasol;2016/17;"BUENOS AIRES";"CARLOS TEJEDOR";6;154;25000
Girasol;2017/18;"BUENOS AIRES";"CARLOS TEJEDOR";6;154;20280
Girasol;2018/19;"BUENOS AIRES";"CARLOS TEJEDOR";6;154;17508
Girasol;2019/20;"BUENOS AIRES";"CARLOS TEJEDOR";6;154;13000
Girasol;2020/21;"BUENOS AIRES";"CARLOS TEJEDOR";6;154;14414
Girasol;2021/22;"BUENOS AIRES";"CARLOS TEJEDOR";6;154;36148
Girasol;2022/23;"BUENOS AIRES";"CARLOS TEJEDOR";6;154;34730
Girasol;2023/24;"BUENOS AIRES";"CARLOS TEJEDOR";6;154;43420
Girasol;2015/16;"BUENOS AIRES";"CARMEN DE ARECO";6;161;440
Girasol;2016/17;"BUENOS AIRES";"CARMEN DE ARECO";6;161;440
Girasol;2018/19;"BUENOS AIRES";"CARMEN DE ARECO";6;161;600
Girasol;2020/21;"BUENOS AIRES";"CARMEN DE ARECO";6;161;1100
Girasol;2021/22;"BUENOS AIRES";"CARMEN DE ARECO";6;161;1300
Girasol;2022/23;"BUENOS AIRES";"CARMEN DE ARECO";6;161;3200
Girasol;2023/24;"BUENOS AIRES";"CARMEN DE ARECO";6;161;2900
Girasol;2015/16;"BUENOS AIRES";CASTELLI;6;168;4100
Girasol;2016/17;"BUENOS AIRES";CASTELLI;6;168;4320
Girasol;2017/18;"BUENOS AIRES";CASTELLI;6;168;3000
Girasol;2018/19;"BUENOS AIRES";CASTELLI;6;168;2520
Girasol;2019/20;"BUENOS AIRES";CASTELLI;6;168;3120
Girasol;2020/21;"BUENOS AIRES";CASTELLI;6;168;8750
Girasol;2021/22;"BUENOS AIRES";CASTELLI;6;168;10120
Girasol;2022/23;"BUENOS AIRES";CASTELLI;6;168;7000
Girasol;2023/24;"BUENOS AIRES";CASTELLI;6;168;4000
Girasol;2015/16;"BUENOS AIRES";CHACABUCO;6;210;210
Girasol;2016/17;"BUENOS AIRES";CHACABUCO;6;210;220
Girasol;2017/18;"BUENOS AIRES";CHACABUCO;6;210;1200
Girasol;2018/19;"BUENOS AIRES";CHACABUCO;6;210;660
Girasol;2019/20;"BUENOS AIRES";CHACABUCO;6;210;1550
Girasol;2020/21;"BUENOS AIRES";CHACABUCO;6;210;1150
Girasol;2021/22;"BUENOS AIRES";CHACABUCO;6;210;3625
Girasol;2022/23;"BUENOS AIRES";CHACABUCO;6;210;3200
Girasol;2023/24;"BUENOS AIRES";CHACABUCO;6;210;3200
Girasol;2015/16;"BUENOS AIRES";CHASCOMUS;6;217;3690
Girasol;2016/17;"BUENOS AIRES";CHASCOMUS;6;217;3740
Girasol;2017/18;"BUENOS AIRES";CHASCOMUS;6;217;4620
Girasol;2018/19;"BUENOS AIRES";CHASCOMUS;6;217;5280
Girasol;2019/20;"BUENOS AIRES";CHASCOMUS;6;217;7893
Girasol;2020/21;"BUENOS AIRES";CHASCOMUS;6;217;20250
Girasol;2021/22;"BUENOS AIRES";CHASCOMUS;6;217;17592
Girasol;2022/23;"BUENOS AIRES";CHASCOMUS;6;217;22000
Girasol;2023/24;"BUENOS AIRES";CHASCOMUS;6;217;12320
Girasol;2015/16;"BUENOS AIRES";CHIVILCOY;6;224;1000
Girasol;2016/17;"BUENOS AIRES";CHIVILCOY;6;224;3600
Girasol;2017/18;"BUENOS AIRES";CHIVILCOY;6;224;2160
Girasol;2018/19;"BUENOS AIRES";CHIVILCOY;6;224;3500
Girasol;2019/20;"BUENOS AIRES";CHIVILCOY;6;224;560
Girasol;2020/21;"BUENOS AIRES";CHIVILCOY;6;224;250
Girasol;2021/22;"BUENOS AIRES";CHIVILCOY;6;224;378
Girasol;2022/23;"BUENOS AIRES";CHIVILCOY;6;224;3750
Girasol;2023/24;"BUENOS AIRES";CHIVILCOY;6;224;4238
Girasol;2015/16;"BUENOS AIRES";COLON;6;175;150
Girasol;2015/16;"BUENOS AIRES";"CORONEL DE MARINA L ROSALES";6;182;500
Girasol;2016/17;"BUENOS AIRES";"CORONEL DE MARINA L ROSALES";6;182;420
Girasol;2017/18;"BUENOS AIRES";"CORONEL DE MARINA L ROSALES";6;182;600
Girasol;2018/19;"BUENOS AIRES";"CORONEL DE MARINA L ROSALES";6;182;720
Girasol;2019/20;"BUENOS AIRES";"CORONEL DE MARINA L ROSALES";6;182;420
Girasol;2020/21;"BUENOS AIRES";"CORONEL DE MARINA L ROSALES";6;182;540
Girasol;2021/22;"BUENOS AIRES";"CORONEL DE MARINA L ROSALES";6;182;500
Girasol;2022/23;"BUENOS AIRES";"CORONEL DE MARINA L ROSALES";6;182;450
Girasol;2023/24;"BUENOS AIRES";"CORONEL DE MARINA L ROSALES";6;182;200
Girasol;2015/16;"BUENOS AIRES";"CORONEL DORREGO";6;189;15500
Girasol;2016/17;"BUENOS AIRES";"CORONEL DORREGO";6;189;57050
Girasol;2017/18;"BUENOS AIRES";"CORONEL DORREGO";6;189;79200
Girasol;2018/19;"BUENOS AIRES";"CORONEL DORREGO";6;189;25600
Girasol;2019/20;"BUENOS AIRES";"CORONEL DORREGO";6;189;28800
Girasol;2020/21;"BUENOS AIRES";"CORONEL DORREGO";6;189;56000
Girasol;2021/22;"BUENOS AIRES";"CORONEL DORREGO";6;189;61172
Girasol;2022/23;"BUENOS AIRES";"CORONEL DORREGO";6;189;106088
Girasol;2023/24;"BUENOS AIRES";"CORONEL DORREGO";6;189;18141
Girasol;2015/16;"BUENOS AIRES";"CORONEL PRINGLES";6;196;25000
Girasol;2016/17;"BUENOS AIRES";"CORONEL PRINGLES";6;196;24525
Girasol;2017/18;"BUENOS AIRES";"CORONEL PRINGLES";6;196;33000
Girasol;2018/19;"BUENOS AIRES";"CORONEL PRINGLES";6;196;28800
Girasol;2019/20;"BUENOS AIRES";"CORONEL PRINGLES";6;196;22100
Girasol;2020/21;"BUENOS AIRES";"CORONEL PRINGLES";6;196;42000
Girasol;2021/22;"BUENOS AIRES";"CORONEL PRINGLES";6;196;37414
Girasol;2022/23;"BUENOS AIRES";"CORONEL PRINGLES";6;196;53050
Girasol;2023/24;"BUENOS AIRES";"CORONEL PRINGLES";6;196;23705
Girasol;2015/16;"BUENOS AIRES";"CORONEL SUAREZ";6;203;93500
Girasol;2016/17;"BUENOS AIRES";"CORONEL SUAREZ";6;203;72600
Girasol;2017/18;"BUENOS AIRES";"CORONEL SUAREZ";6;203;35238
Girasol;2018/19;"BUENOS AIRES";"CORONEL SUAREZ";6;203;40479
Girasol;2019/20;"BUENOS AIRES";"CORONEL SUAREZ";6;203;28000
Girasol;2020/21;"BUENOS AIRES";"CORONEL SUAREZ";6;203;60648
Girasol;2021/22;"BUENOS AIRES";"CORONEL SUAREZ";6;203;61200
Girasol;2022/23;"BUENOS AIRES";"CORONEL SUAREZ";6;203;85600
Girasol;2023/24;"BUENOS AIRES";"CORONEL SUAREZ";6;203;80750
Girasol;2015/16;"BUENOS AIRES";DAIREAUX;6;231;45000
Girasol;2016/17;"BUENOS AIRES";DAIREAUX;6;231;42500
Girasol;2017/18;"BUENOS AIRES";DAIREAUX;6;231;20000
Girasol;2018/19;"BUENOS AIRES";DAIREAUX;6;231;42000
Girasol;2019/20;"BUENOS AIRES";DAIREAUX;6;231;27480
Girasol;2020/21;"BUENOS AIRES";DAIREAUX;6;231;45150
Girasol;2021/22;"BUENOS AIRES";DAIREAUX;6;231;38172
Girasol;2022/23;"BUENOS AIRES";DAIREAUX;6;231;52500
Girasol;2023/24;"BUENOS AIRES";DAIREAUX;6;231;50600
Girasol;2016/17;"BUENOS AIRES";DOLORES;6;238;1050
Girasol;2020/21;"BUENOS AIRES";DOLORES;6;238;330
Girasol;2021/22;"BUENOS AIRES";DOLORES;6;238;270
Girasol;2022/23;"BUENOS AIRES";DOLORES;6;238;1440
Girasol;2015/16;"BUENOS AIRES";"EXALTACION DE LA CRUZ";6;266;135
Girasol;2021/22;"BUENOS AIRES";"EXALTACION DE LA CRUZ";6;266;347
Girasol;2022/23;"BUENOS AIRES";"EXALTACION DE LA CRUZ";6;266;200
Girasol;2023/24;"BUENOS AIRES";"EXALTACION DE LA CRUZ";6;266;320
Girasol;2015/16;"BUENOS AIRES";"FLORENTINO AMEGHINO";6;277;2880
Girasol;2016/17;"BUENOS AIRES";"FLORENTINO AMEGHINO";6;277;3150
Girasol;2017/18;"BUENOS AIRES";"FLORENTINO AMEGHINO";6;277;1300
Girasol;2018/19;"BUENOS AIRES";"FLORENTINO AMEGHINO";6;277;1890
Girasol;2019/20;"BUENOS AIRES";"FLORENTINO AMEGHINO";6;277;1720
Girasol;2020/21;"BUENOS AIRES";"FLORENTINO AMEGHINO";6;277;5000
Girasol;2021/22;"BUENOS AIRES";"FLORENTINO AMEGHINO";6;277;4515
Girasol;2022/23;"BUENOS AIRES";"FLORENTINO AMEGHINO";6;277;9600
Girasol;2023/24;"BUENOS AIRES";"FLORENTINO AMEGHINO";6;277;12750
Girasol;2015/16;"BUENOS AIRES";"GENERAL ALVARADO";6;280;69390
Girasol;2016/17;"BUENOS AIRES";"GENERAL ALVARADO";6;280;59340
Girasol;2017/18;"BUENOS AIRES";"GENERAL ALVARADO";6;280;85330
Girasol;2018/19;"BUENOS AIRES";"GENERAL ALVARADO";6;280;59787
Girasol;2019/20;"BUENOS AIRES";"GENERAL ALVARADO";6;280;67500
Girasol;2020/21;"BUENOS AIRES";"GENERAL ALVARADO";6;280;69002
Girasol;2021/22;"BUENOS AIRES";"GENERAL ALVARADO";6;280;72972
Girasol;2022/23;"BUENOS AIRES";"GENERAL ALVARADO";6;280;71683
Girasol;2023/24;"BUENOS AIRES";"GENERAL ALVARADO";6;280;55285
Girasol;2015/16;"BUENOS AIRES";"GENERAL ALVEAR";6;287;3000
Girasol;2016/17;"BUENOS AIRES";"GENERAL ALVEAR";6;287;3600
Girasol;2017/18;"BUENOS AIRES";"GENERAL ALVEAR";6;287;2800
Girasol;2018/19;"BUENOS AIRES";"GENERAL ALVEAR";6;287;2940
Girasol;2019/20;"BUENOS AIRES";"GENERAL ALVEAR";6;287;2646
Girasol;2020/21;"BUENOS AIRES";"GENERAL ALVEAR";6;287;4200
Girasol;2021/22;"BUENOS AIRES";"GENERAL ALVEAR";6;287;3645
Girasol;2022/23;"BUENOS AIRES";"GENERAL ALVEAR";6;287;5880
Girasol;2023/24;"BUENOS AIRES";"GENERAL ALVEAR";6;287;6440
Girasol;2015/16;"BUENOS AIRES";"GENERAL ARENALES";6;294;440
Girasol;2016/17;"BUENOS AIRES";"GENERAL ARENALES";6;294;400
Girasol;2017/18;"BUENOS AIRES";"GENERAL ARENALES";6;294;720
Girasol;2019/20;"BUENOS AIRES";"GENERAL ARENALES";6;294;900
Girasol;2020/21;"BUENOS AIRES";"GENERAL ARENALES";6;294;660
Girasol;2021/22;"BUENOS AIRES";"GENERAL ARENALES";6;294;580
Girasol;2022/23;"BUENOS AIRES";"GENERAL ARENALES";6;294;1190
Girasol;2023/24;"BUENOS AIRES";"GENERAL ARENALES";6;294;1190
Girasol;2015/16;"BUENOS AIRES";"GENERAL BELGRANO";6;301;2160
Girasol;2016/17;"BUENOS AIRES";"GENERAL BELGRANO";6;301;2520
Girasol;2017/18;"BUENOS AIRES";"GENERAL BELGRANO";6;301;2094
Girasol;2018/19;"BUENOS AIRES";"GENERAL BELGRANO";6;301;3892
Girasol;2019/20;"BUENOS AIRES";"GENERAL BELGRANO";6;301;5194
Girasol;2020/21;"BUENOS AIRES";"GENERAL BELGRANO";6;301;12296
Girasol;2021/22;"BUENOS AIRES";"GENERAL BELGRANO";6;301;12351
Girasol;2022/23;"BUENOS AIRES";"GENERAL BELGRANO";6;301;21255
Girasol;2023/24;"BUENOS AIRES";"GENERAL BELGRANO";6;301;23458
Girasol;2015/16;"BUENOS AIRES";"GENERAL GUIDO";6;308;1700
Girasol;2016/17;"BUENOS AIRES";"GENERAL GUIDO";6;308;7700
Girasol;2017/18;"BUENOS AIRES";"GENERAL GUIDO";6;308;7326
Girasol;2018/19;"BUENOS AIRES";"GENERAL GUIDO";6;308;3400
Girasol;2019/20;"BUENOS AIRES";"GENERAL GUIDO";6;308;3360
Girasol;2020/21;"BUENOS AIRES";"GENERAL GUIDO";6;308;5000
Girasol;2021/22;"BUENOS AIRES";"GENERAL GUIDO";6;308;7040
Girasol;2022/23;"BUENOS AIRES";"GENERAL GUIDO";6;308;7000
Girasol;2023/24;"BUENOS AIRES";"GENERAL GUIDO";6;308;4000
Girasol;2015/16;"BUENOS AIRES";"GENERAL JUAN MADARIAGA";6;315;24650
Girasol;2016/17;"BUENOS AIRES";"GENERAL JUAN MADARIAGA";6;315;31510
Girasol;2017/18;"BUENOS AIRES";"GENERAL JUAN MADARIAGA";6;315;36800
Girasol;2018/19;"BUENOS AIRES";"GENERAL JUAN MADARIAGA";6;315;20000
Girasol;2019/20;"BUENOS AIRES";"GENERAL JUAN MADARIAGA";6;315;19600
Girasol;2020/21;"BUENOS AIRES";"GENERAL JUAN MADARIAGA";6;315;24640
Girasol;2021/22;"BUENOS AIRES";"GENERAL JUAN MADARIAGA";6;315;27500
Girasol;2022/23;"BUENOS AIRES";"GENERAL JUAN MADARIAGA";6;315;48900
Girasol;2023/24;"BUENOS AIRES";"GENERAL JUAN MADARIAGA";6;315;32500
Girasol;2015/16;"BUENOS AIRES";"GENERAL LA MADRID";6;322;60270
Girasol;2016/17;"BUENOS AIRES";"GENERAL LA MADRID";6;322;34400
Girasol;2017/18;"BUENOS AIRES";"GENERAL LA MADRID";6;322;27020
Girasol;2018/19;"BUENOS AIRES";"GENERAL LA MADRID";6;322;22862
Girasol;2019/20;"BUENOS AIRES";"GENERAL LA MADRID";6;322;40000
Girasol;2020/21;"BUENOS AIRES";"GENERAL LA MADRID";6;322;52332
Girasol;2021/22;"BUENOS AIRES";"GENERAL LA MADRID";6;322;48600
Girasol;2022/23;"BUENOS AIRES";"GENERAL LA MADRID";6;322;53250
Girasol;2023/24;"BUENOS AIRES";"GENERAL LA MADRID";6;322;63900
Girasol;2015/16;"BUENOS AIRES";"GENERAL LAS HERAS";6;329;478
Girasol;2016/17;"BUENOS AIRES";"GENERAL LAS HERAS";6;329;840
Girasol;2017/18;"BUENOS AIRES";"GENERAL LAS HERAS";6;329;665
Girasol;2018/19;"BUENOS AIRES";"GENERAL LAS HERAS";6;329;880
Girasol;2019/20;"BUENOS AIRES";"GENERAL LAS HERAS";6;329;1263
Girasol;2020/21;"BUENOS AIRES";"GENERAL LAS HERAS";6;329;1040
Girasol;2021/22;"BUENOS AIRES";"GENERAL LAS HERAS";6;329;1080
Girasol;2022/23;"BUENOS AIRES";"GENERAL LAS HERAS";6;329;1100
Girasol;2023/24;"BUENOS AIRES";"GENERAL LAS HERAS";6;329;520
Girasol;2015/16;"BUENOS AIRES";"GENERAL LAVALLE";6;336;480
Girasol;2016/17;"BUENOS AIRES";"GENERAL LAVALLE";6;336;1000
Girasol;2020/21;"BUENOS AIRES";"GENERAL LAVALLE";6;336;440
Girasol;2021/22;"BUENOS AIRES";"GENERAL LAVALLE";6;336;400
Girasol;2015/16;"BUENOS AIRES";"GENERAL PAZ";6;343;777
Girasol;2016/17;"BUENOS AIRES";"GENERAL PAZ";6;343;805
Girasol;2017/18;"BUENOS AIRES";"GENERAL PAZ";6;343;800
Girasol;2018/19;"BUENOS AIRES";"GENERAL PAZ";6;343;880
Girasol;2019/20;"BUENOS AIRES";"GENERAL PAZ";6;343;1579
Girasol;2020/21;"BUENOS AIRES";"GENERAL PAZ";6;343;1612
Girasol;2021/22;"BUENOS AIRES";"GENERAL PAZ";6;343;1488
Girasol;2022/23;"BUENOS AIRES";"GENERAL PAZ";6;343;1870
Girasol;2023/24;"BUENOS AIRES";"GENERAL PAZ";6;343;2610
Girasol;2015/16;"BUENOS AIRES";"GENERAL PINTO";6;351;2250
Girasol;2016/17;"BUENOS AIRES";"GENERAL PINTO";6;351;2470
Girasol;2017/18;"BUENOS AIRES";"GENERAL PINTO";6;351;1560
Girasol;2018/19;"BUENOS AIRES";"GENERAL PINTO";6;351;1440
Girasol;2019/20;"BUENOS AIRES";"GENERAL PINTO";6;351;1150
Girasol;2020/21;"BUENOS AIRES";"GENERAL PINTO";6;351;1470
Girasol;2021/22;"BUENOS AIRES";"GENERAL PINTO";6;351;1760
Girasol;2022/23;"BUENOS AIRES";"GENERAL PINTO";6;351;4800
Girasol;2023/24;"BUENOS AIRES";"GENERAL PINTO";6;351;7000
Girasol;2015/16;"BUENOS AIRES";"GENERAL PUEYRREDON";6;357;27820
Girasol;2016/17;"BUENOS AIRES";"GENERAL PUEYRREDON";6;357;19550
Girasol;2017/18;"BUENOS AIRES";"GENERAL PUEYRREDON";6;357;29400
Girasol;2018/19;"BUENOS AIRES";"GENERAL PUEYRREDON";6;357;24029
Girasol;2019/20;"BUENOS AIRES";"GENERAL PUEYRREDON";6;357;21600
Girasol;2020/21;"BUENOS AIRES";"GENERAL PUEYRREDON";6;357;27600
Girasol;2021/22;"BUENOS AIRES";"GENERAL PUEYRREDON";6;357;27600
Girasol;2022/23;"BUENOS AIRES";"GENERAL PUEYRREDON";6;357;36483
Girasol;2023/24;"BUENOS AIRES";"GENERAL PUEYRREDON";6;357;14313
Girasol;2015/16;"BUENOS AIRES";"GENERAL VIAMONTE";6;385;2300
Girasol;2016/17;"BUENOS AIRES";"GENERAL VIAMONTE";6;385;2772
Girasol;2017/18;"BUENOS AIRES";"GENERAL VIAMONTE";6;385;1528
Girasol;2018/19;"BUENOS AIRES";"GENERAL VIAMONTE";6;385;1350
Girasol;2019/20;"BUENOS AIRES";"GENERAL VIAMONTE";6;385;880
Girasol;2020/21;"BUENOS AIRES";"GENERAL VIAMONTE";6;385;1225
Girasol;2021/22;"BUENOS AIRES";"GENERAL VIAMONTE";6;385;1260
Girasol;2022/23;"BUENOS AIRES";"GENERAL VIAMONTE";6;385;1500
Girasol;2023/24;"BUENOS AIRES";"GENERAL VIAMONTE";6;385;2600
Girasol;2015/16;"BUENOS AIRES";"GENERAL VILLEGAS";6;392;6510
Girasol;2016/17;"BUENOS AIRES";"GENERAL VILLEGAS";6;392;4428
Girasol;2017/18;"BUENOS AIRES";"GENERAL VILLEGAS";6;392;2530
Girasol;2018/19;"BUENOS AIRES";"GENERAL VILLEGAS";6;392;3450
Girasol;2019/20;"BUENOS AIRES";"GENERAL VILLEGAS";6;392;2640
Girasol;2020/21;"BUENOS AIRES";"GENERAL VILLEGAS";6;392;9400
Girasol;2021/22;"BUENOS AIRES";"GENERAL VILLEGAS";6;392;9000
Girasol;2022/23;"BUENOS AIRES";"GENERAL VILLEGAS";6;392;43400
Girasol;2023/24;"BUENOS AIRES";"GENERAL VILLEGAS";6;392;37500
Girasol;2015/16;"BUENOS AIRES";GUAMINI;6;399;75900
Girasol;2016/17;"BUENOS AIRES";GUAMINI;6;399;92000
Girasol;2017/18;"BUENOS AIRES";GUAMINI;6;399;55000
Girasol;2018/19;"BUENOS AIRES";GUAMINI;6;399;57200
Girasol;2019/20;"BUENOS AIRES";GUAMINI;6;399;44000
Girasol;2020/21;"BUENOS AIRES";GUAMINI;6;399;70720
Girasol;2021/22;"BUENOS AIRES";GUAMINI;6;399;79200
Girasol;2022/23;"BUENOS AIRES";GUAMINI;6;399;92500
Girasol;2023/24;"BUENOS AIRES";GUAMINI;6;399;91800
Girasol;2015/16;"BUENOS AIRES";"HIPOLITO YRIGOYEN";6;406;7500
Girasol;2016/17;"BUENOS AIRES";"HIPOLITO YRIGOYEN";6;406;7410
Girasol;2017/18;"BUENOS AIRES";"HIPOLITO YRIGOYEN";6;406;6000
Girasol;2018/19;"BUENOS AIRES";"HIPOLITO YRIGOYEN";6;406;10290
Girasol;2019/20;"BUENOS AIRES";"HIPOLITO YRIGOYEN";6;406;11544
Girasol;2020/21;"BUENOS AIRES";"HIPOLITO YRIGOYEN";6;406;10290
Girasol;2021/22;"BUENOS AIRES";"HIPOLITO YRIGOYEN";6;406;13705
Girasol;2022/23;"BUENOS AIRES";"HIPOLITO YRIGOYEN";6;406;44100
Girasol;2023/24;"BUENOS AIRES";"HIPOLITO YRIGOYEN";6;406;52500
Girasol;2015/16;"BUENOS AIRES";JUNIN;6;413;420
Girasol;2016/17;"BUENOS AIRES";JUNIN;6;413;440
Girasol;2017/18;"BUENOS AIRES";JUNIN;6;413;1200
Girasol;2018/19;"BUENOS AIRES";JUNIN;6;413;640
Girasol;2019/20;"BUENOS AIRES";JUNIN;6;413;1280
Girasol;2020/21;"BUENOS AIRES";JUNIN;6;413;1100
Girasol;2021/22;"BUENOS AIRES";JUNIN;6;413;1058
Girasol;2022/23;"BUENOS AIRES";JUNIN;6;413;2310
Girasol;2023/24;"BUENOS AIRES";JUNIN;6;413;2380
Girasol;2023/24;"BUENOS AIRES";"LA PLATA";6;441;78
Girasol;2015/16;"BUENOS AIRES";LAPRIDA;6;448;11100
Girasol;2016/17;"BUENOS AIRES";LAPRIDA;6;448;8359
Girasol;2017/18;"BUENOS AIRES";LAPRIDA;6;448;13200
Girasol;2018/19;"BUENOS AIRES";LAPRIDA;6;448;7600
Girasol;2019/20;"BUENOS AIRES";LAPRIDA;6;448;5700
Girasol;2020/21;"BUENOS AIRES";LAPRIDA;6;448;6800
Girasol;2021/22;"BUENOS AIRES";LAPRIDA;6;448;19513
Girasol;2022/23;"BUENOS AIRES";LAPRIDA;6;448;17966
Girasol;2023/24;"BUENOS AIRES";LAPRIDA;6;448;26695
Girasol;2015/16;"BUENOS AIRES";"LAS FLORES";6;455;12600
Girasol;2016/17;"BUENOS AIRES";"LAS FLORES";6;455;13440
Girasol;2017/18;"BUENOS AIRES";"LAS FLORES";6;455;6608
Girasol;2018/19;"BUENOS AIRES";"LAS FLORES";6;455;8996
Girasol;2019/20;"BUENOS AIRES";"LAS FLORES";6;455;9747
Girasol;2020/21;"BUENOS AIRES";"LAS FLORES";6;455;19860
Girasol;2021/22;"BUENOS AIRES";"LAS FLORES";6;455;23927
Girasol;2022/23;"BUENOS AIRES";"LAS FLORES";6;455;27744
Girasol;2023/24;"BUENOS AIRES";"LAS FLORES";6;455;28073
Girasol;2015/16;"BUENOS AIRES";"LEANDRO N. ALEM";6;462;1560
Girasol;2016/17;"BUENOS AIRES";"LEANDRO N. ALEM";6;462;1769
Girasol;2017/18;"BUENOS AIRES";"LEANDRO N. ALEM";6;462;1080
Girasol;2018/19;"BUENOS AIRES";"LEANDRO N. ALEM";6;462;1040
Girasol;2019/20;"BUENOS AIRES";"LEANDRO N. ALEM";6;462;900
Girasol;2020/21;"BUENOS AIRES";"LEANDRO N. ALEM";6;462;1060
Girasol;2021/22;"BUENOS AIRES";"LEANDRO N. ALEM";6;462;1150
Girasol;2022/23;"BUENOS AIRES";"LEANDRO N. ALEM";6;462;870
Girasol;2023/24;"BUENOS AIRES";"LEANDRO N. ALEM";6;462;1250
Girasol;2023/24;"BUENOS AIRES";LEZAMA;6;466;17360
Girasol;2015/16;"BUENOS AIRES";LINCOLN;6;469;7840
Girasol;2016/17;"BUENOS AIRES";LINCOLN;6;469;8289
Girasol;2017/18;"BUENOS AIRES";LINCOLN;6;469;5610
Girasol;2018/19;"BUENOS AIRES";LINCOLN;6;469;6820
Girasol;2019/20;"BUENOS AIRES";LINCOLN;6;469;5880
Girasol;2020/21;"BUENOS AIRES";LINCOLN;6;469;8925
Girasol;2021/22;"BUENOS AIRES";LINCOLN;6;469;8550
Girasol;2022/23;"BUENOS AIRES";LINCOLN;6;469;33075
Girasol;2023/24;"BUENOS AIRES";LINCOLN;6;469;29700
Girasol;2015/16;"BUENOS AIRES";LOBERIA;6;476;96140
Girasol;2016/17;"BUENOS AIRES";LOBERIA;6;476;119680
Girasol;2017/18;"BUENOS AIRES";LOBERIA;6;476;156530
Girasol;2018/19;"BUENOS AIRES";LOBERIA;6;476;109528
Girasol;2019/20;"BUENOS AIRES";LOBERIA;6;476;118750
Girasol;2020/21;"BUENOS AIRES";LOBERIA;6;476;136400
Girasol;2021/22;"BUENOS AIRES";LOBERIA;6;476;133380
Girasol;2022/23;"BUENOS AIRES";LOBERIA;6;476;141862
Girasol;2023/24;"BUENOS AIRES";LOBERIA;6;476;91952
Girasol;2015/16;"BUENOS AIRES";LOBOS;6;483;3900
Girasol;2016/17;"BUENOS AIRES";LOBOS;6;483;5800
Girasol;2017/18;"BUENOS AIRES";LOBOS;6;483;1280
Girasol;2018/19;"BUENOS AIRES";LOBOS;6;483;1615
Girasol;2019/20;"BUENOS AIRES";LOBOS;6;483;1754
Girasol;2020/21;"BUENOS AIRES";LOBOS;6;483;432
Girasol;2021/22;"BUENOS AIRES";LOBOS;6;483;2324
Girasol;2022/23;"BUENOS AIRES";LOBOS;6;483;2693
Girasol;2023/24;"BUENOS AIRES";LOBOS;6;483;2542
Girasol;2015/16;"BUENOS AIRES";LUJAN;6;497;1674
Girasol;2016/17;"BUENOS AIRES";LUJAN;6;497;2280
Girasol;2017/18;"BUENOS AIRES";LUJAN;6;497;1805
Girasol;2018/19;"BUENOS AIRES";LUJAN;6;497;2200
Girasol;2019/20;"BUENOS AIRES";LUJAN;6;497;3157
Girasol;2020/21;"BUENOS AIRES";LUJAN;6;497;980
Girasol;2021/22;"BUENOS AIRES";LUJAN;6;497;840
Girasol;2022/23;"BUENOS AIRES";LUJAN;6;497;1760
Girasol;2020/21;"BUENOS AIRES";MAGDALENA;6;505;540
Girasol;2021/22;"BUENOS AIRES";MAGDALENA;6;505;546
Girasol;2022/23;"BUENOS AIRES";MAGDALENA;6;505;616
Girasol;2023/24;"BUENOS AIRES";MAGDALENA;6;505;700
Girasol;2015/16;"BUENOS AIRES";MAIPU;6;511;19800
Girasol;2016/17;"BUENOS AIRES";MAIPU;6;511;18000
Girasol;2017/18;"BUENOS AIRES";MAIPU;6;511;12276
Girasol;2018/19;"BUENOS AIRES";MAIPU;6;511;14260
Girasol;2019/20;"BUENOS AIRES";MAIPU;6;511;15400
Girasol;2020/21;"BUENOS AIRES";MAIPU;6;511;17820
Girasol;2021/22;"BUENOS AIRES";MAIPU;6;511;21720
Girasol;2022/23;"BUENOS AIRES";MAIPU;6;511;20500
Girasol;2023/24;"BUENOS AIRES";MAIPU;6;511;15750
Girasol;2015/16;"BUENOS AIRES";"MAR CHIQUITA";6;518;28000
Girasol;2016/17;"BUENOS AIRES";"MAR CHIQUITA";6;518;34100
Girasol;2017/18;"BUENOS AIRES";"MAR CHIQUITA";6;518;32480
Girasol;2018/19;"BUENOS AIRES";"MAR CHIQUITA";6;518;34100
Girasol;2019/20;"BUENOS AIRES";"MAR CHIQUITA";6;518;35100
Girasol;2020/21;"BUENOS AIRES";"MAR CHIQUITA";6;518;36450
Girasol;2021/22;"BUENOS AIRES";"MAR CHIQUITA";6;518;34800
Girasol;2022/23;"BUENOS AIRES";"MAR CHIQUITA";6;518;43400
Girasol;2023/24;"BUENOS AIRES";"MAR CHIQUITA";6;518;31200
Girasol;2015/16;"BUENOS AIRES";"MARCOS PAZ";6;525;461
Girasol;2016/17;"BUENOS AIRES";"MARCOS PAZ";6;525;460
Girasol;2017/18;"BUENOS AIRES";"MARCOS PAZ";6;525;475
Girasol;2018/19;"BUENOS AIRES";"MARCOS PAZ";6;525;660
Girasol;2019/20;"BUENOS AIRES";"MARCOS PAZ";6;525;947
Girasol;2020/21;"BUENOS AIRES";"MARCOS PAZ";6;525;560
Girasol;2021/22;"BUENOS AIRES";"MARCOS PAZ";6;525;500
Girasol;2022/23;"BUENOS AIRES";"MARCOS PAZ";6;525;550
Girasol;2015/16;"BUENOS AIRES";MERCEDES;6;532;500
Girasol;2016/17;"BUENOS AIRES";MERCEDES;6;532;600
Girasol;2017/18;"BUENOS AIRES";MERCEDES;6;532;540
Girasol;2018/19;"BUENOS AIRES";MERCEDES;6;532;1050
Girasol;2019/20;"BUENOS AIRES";MERCEDES;6;532;280
Girasol;2015/16;"BUENOS AIRES";MONTE;6;547;2500
Girasol;2016/17;"BUENOS AIRES";MONTE;6;547;4350
Girasol;2017/18;"BUENOS AIRES";MONTE;6;547;1086
Girasol;2018/19;"BUENOS AIRES";MONTE;6;547;1310
Girasol;2019/20;"BUENOS AIRES";MONTE;6;547;1305
Girasol;2020/21;"BUENOS AIRES";MONTE;6;547;4558
Girasol;2021/22;"BUENOS AIRES";MONTE;6;547;8562
Girasol;2022/23;"BUENOS AIRES";MONTE;6;547;9930
Girasol;2023/24;"BUENOS AIRES";MONTE;6;547;10912
Girasol;2015/16;"BUENOS AIRES";NAVARRO;6;574;3900
Girasol;2016/17;"BUENOS AIRES";NAVARRO;6;574;4350
Girasol;2017/18;"BUENOS AIRES";NAVARRO;6;574;1610
Girasol;2018/19;"BUENOS AIRES";NAVARRO;6;574;1974
Girasol;2019/20;"BUENOS AIRES";NAVARRO;6;574;1965
Girasol;2020/21;"BUENOS AIRES";NAVARRO;6;574;1790
Girasol;2021/22;"BUENOS AIRES";NAVARRO;6;574;1792
Girasol;2022/23;"BUENOS AIRES";NAVARRO;6;574;2078
Girasol;2023/24;"BUENOS AIRES";NAVARRO;6;574;2029
Girasol;2015/16;"BUENOS AIRES";NECOCHEA;6;581;81360
Girasol;2016/17;"BUENOS AIRES";NECOCHEA;6;581;104029
Girasol;2017/18;"BUENOS AIRES";NECOCHEA;6;581;110000
Girasol;2018/19;"BUENOS AIRES";NECOCHEA;6;581;104160
Girasol;2019/20;"BUENOS AIRES";NECOCHEA;6;581;86400
Girasol;2020/21;"BUENOS AIRES";NECOCHEA;6;581;132750
Girasol;2021/22;"BUENOS AIRES";NECOCHEA;6;581;132124
Girasol;2022/23;"BUENOS AIRES";NECOCHEA;6;581;188266
Girasol;2023/24;"BUENOS AIRES";NECOCHEA;6;581;145686
Girasol;2015/16;"BUENOS AIRES";OLAVARRIA;6;595;28000
Girasol;2016/17;"BUENOS AIRES";OLAVARRIA;6;595;26400
Girasol;2017/18;"BUENOS AIRES";OLAVARRIA;6;595;22000
Girasol;2018/19;"BUENOS AIRES";OLAVARRIA;6;595;21000
Girasol;2019/20;"BUENOS AIRES";OLAVARRIA;6;595;18780
Girasol;2020/21;"BUENOS AIRES";OLAVARRIA;6;595;26670
Girasol;2021/22;"BUENOS AIRES";OLAVARRIA;6;595;22780
Girasol;2022/23;"BUENOS AIRES";OLAVARRIA;6;595;29820
Girasol;2023/24;"BUENOS AIRES";OLAVARRIA;6;595;33000
Girasol;2015/16;"BUENOS AIRES";PATAGONES;6;602;2520
Girasol;2016/17;"BUENOS AIRES";PATAGONES;6;602;2760
Girasol;2017/18;"BUENOS AIRES";PATAGONES;6;602;1560
Girasol;2018/19;"BUENOS AIRES";PATAGONES;6;602;2640
Girasol;2019/20;"BUENOS AIRES";PATAGONES;6;602;2040
Girasol;2020/21;"BUENOS AIRES";PATAGONES;6;602;864
Girasol;2021/22;"BUENOS AIRES";PATAGONES;6;602;2838
Girasol;2022/23;"BUENOS AIRES";PATAGONES;6;602;4400
Girasol;2023/24;"BUENOS AIRES";PATAGONES;6;602;8280
Girasol;2015/16;"BUENOS AIRES";PEHUAJO;6;609;18650
Girasol;2016/17;"BUENOS AIRES";PEHUAJO;6;609;27500
Girasol;2017/18;"BUENOS AIRES";PEHUAJO;6;609;22950
Girasol;2018/19;"BUENOS AIRES";PEHUAJO;6;609;5359
Girasol;2019/20;"BUENOS AIRES";PEHUAJO;6;609;15660
Girasol;2020/21;"BUENOS AIRES";PEHUAJO;6;609;33350
Girasol;2021/22;"BUENOS AIRES";PEHUAJO;6;609;41577
Girasol;2022/23;"BUENOS AIRES";PEHUAJO;6;609;38160
Girasol;2023/24;"BUENOS AIRES";PEHUAJO;6;609;42000
Girasol;2015/16;"BUENOS AIRES";PELLEGRINI;6;616;66000
Girasol;2016/17;"BUENOS AIRES";PELLEGRINI;6;616;77000
Girasol;2017/18;"BUENOS AIRES";PELLEGRINI;6;616;62500
Girasol;2018/19;"BUENOS AIRES";PELLEGRINI;6;616;67200
Girasol;2019/20;"BUENOS AIRES";PELLEGRINI;6;616;52900
Girasol;2020/21;"BUENOS AIRES";PELLEGRINI;6;616;60200
Girasol;2021/22;"BUENOS AIRES";PELLEGRINI;6;616;67650
Girasol;2022/23;"BUENOS AIRES";PELLEGRINI;6;616;83700
Girasol;2023/24;"BUENOS AIRES";PELLEGRINI;6;616;76500
Girasol;2015/16;"BUENOS AIRES";PERGAMINO;6;623;290
Girasol;2020/21;"BUENOS AIRES";PERGAMINO;6;623;900
Girasol;2021/22;"BUENOS AIRES";PERGAMINO;6;623;2800
Girasol;2022/23;"BUENOS AIRES";PERGAMINO;6;623;2134
Girasol;2023/24;"BUENOS AIRES";PERGAMINO;6;623;2790
Girasol;2015/16;"BUENOS AIRES";PILA;6;630;5750
Girasol;2016/17;"BUENOS AIRES";PILA;6;630;4400
Girasol;2017/18;"BUENOS AIRES";PILA;6;630;1610
Girasol;2018/19;"BUENOS AIRES";PILA;6;630;7200
Girasol;2019/20;"BUENOS AIRES";PILA;6;630;7000
Girasol;2020/21;"BUENOS AIRES";PILA;6;630;5000
Girasol;2021/22;"BUENOS AIRES";PILA;6;630;10120
Girasol;2022/23;"BUENOS AIRES";PILA;6;630;11600
Girasol;2023/24;"BUENOS AIRES";PILA;6;630;6000
Girasol;2015/16;"BUENOS AIRES";PILAR;6;638;239
Girasol;2016/17;"BUENOS AIRES";PILAR;6;638;480
Girasol;2017/18;"BUENOS AIRES";PILAR;6;638;380
Girasol;2018/19;"BUENOS AIRES";PILAR;6;638;440
Girasol;2019/20;"BUENOS AIRES";PILAR;6;638;631
Girasol;2015/16;"BUENOS AIRES";PUAN;6;651;34040
Girasol;2016/17;"BUENOS AIRES";PUAN;6;651;6600
Girasol;2017/18;"BUENOS AIRES";PUAN;6;651;12740
Girasol;2018/19;"BUENOS AIRES";PUAN;6;651;22833
Girasol;2019/20;"BUENOS AIRES";PUAN;6;651;4400
Girasol;2020/21;"BUENOS AIRES";PUAN;6;651;8000
Girasol;2021/22;"BUENOS AIRES";PUAN;6;651;10470
Girasol;2022/23;"BUENOS AIRES";PUAN;6;651;3800
Girasol;2023/24;"BUENOS AIRES";PUAN;6;651;3000
Girasol;2023/24;"BUENOS AIRES";"PUNTA INDIO";6;655;240
Girasol;2015/16;"BUENOS AIRES";RAMALLO;6;665;280
Girasol;2021/22;"BUENOS AIRES";RAMALLO;6;665;696
Girasol;2022/23;"BUENOS AIRES";RAMALLO;6;665;367
Girasol;2023/24;"BUENOS AIRES";RAMALLO;6;665;510
Girasol;2015/16;"BUENOS AIRES";RAUCH;6;672;16500
Girasol;2016/17;"BUENOS AIRES";RAUCH;6;672;21560
Girasol;2017/18;"BUENOS AIRES";RAUCH;6;672;11830
Girasol;2018/19;"BUENOS AIRES";RAUCH;6;672;21400
Girasol;2019/20;"BUENOS AIRES";RAUCH;6;672;20640
Girasol;2020/21;"BUENOS AIRES";RAUCH;6;672;17280
Girasol;2021/22;"BUENOS AIRES";RAUCH;6;672;14300
Girasol;2022/23;"BUENOS AIRES";RAUCH;6;672;12400
Girasol;2023/24;"BUENOS AIRES";RAUCH;6;672;15200
Girasol;2015/16;"BUENOS AIRES";RIVADAVIA;6;679;14350
Girasol;2016/17;"BUENOS AIRES";RIVADAVIA;6;679;29700
Girasol;2017/18;"BUENOS AIRES";RIVADAVIA;6;679;22140
Girasol;2018/19;"BUENOS AIRES";RIVADAVIA;6;679;24300
Girasol;2019/20;"BUENOS AIRES";RIVADAVIA;6;679;13160
Girasol;2020/21;"BUENOS AIRES";RIVADAVIA;6;679;26600
Girasol;2021/22;"BUENOS AIRES";RIVADAVIA;6;679;29363
Girasol;2022/23;"BUENOS AIRES";RIVADAVIA;6;679;28750
Girasol;2023/24;"BUENOS AIRES";RIVADAVIA;6;679;28750
Girasol;2015/16;"BUENOS AIRES";ROJAS;6;686;440
Girasol;2016/17;"BUENOS AIRES";ROJAS;6;686;480
Girasol;2018/19;"BUENOS AIRES";ROJAS;6;686;700
Girasol;2019/20;"BUENOS AIRES";ROJAS;6;686;900
Girasol;2020/21;"BUENOS AIRES";ROJAS;6;686;690
Girasol;2021/22;"BUENOS AIRES";ROJAS;6;686;704
Girasol;2022/23;"BUENOS AIRES";ROJAS;6;686;1750
Girasol;2023/24;"BUENOS AIRES";ROJAS;6;686;1750
Girasol;2015/16;"BUENOS AIRES";"ROQUE PEREZ";6;693;3510
Girasol;2016/17;"BUENOS AIRES";"ROQUE PEREZ";6;693;4200
Girasol;2017/18;"BUENOS AIRES";"ROQUE PEREZ";6;693;1397
Girasol;2018/19;"BUENOS AIRES";"ROQUE PEREZ";6;693;1685
Girasol;2019/20;"BUENOS AIRES";"ROQUE PEREZ";6;693;1677
Girasol;2020/21;"BUENOS AIRES";"ROQUE PEREZ";6;693;7592
Girasol;2021/22;"BUENOS AIRES";"ROQUE PEREZ";6;693;9801
Girasol;2022/23;"BUENOS AIRES";"ROQUE PEREZ";6;693;11727
Girasol;2023/24;"BUENOS AIRES";"ROQUE PEREZ";6;693;15037
Girasol;2015/16;"BUENOS AIRES";SAAVEDRA;6;700;45310
Girasol;2016/17;"BUENOS AIRES";SAAVEDRA;6;700;22000
Girasol;2017/18;"BUENOS AIRES";SAAVEDRA;6;700;19880
Girasol;2018/19;"BUENOS AIRES";SAAVEDRA;6;700;10268
Girasol;2019/20;"BUENOS AIRES";SAAVEDRA;6;700;7603
Girasol;2020/21;"BUENOS AIRES";SAAVEDRA;6;700;12800
Girasol;2021/22;"BUENOS AIRES";SAAVEDRA;6;700;16200
Girasol;2022/23;"BUENOS AIRES";SAAVEDRA;6;700;10620
Girasol;2023/24;"BUENOS AIRES";SAAVEDRA;6;700;10200
Girasol;2015/16;"BUENOS AIRES";SALADILLO;6;707;3900
Girasol;2016/17;"BUENOS AIRES";SALADILLO;6;707;4200
Girasol;2017/18;"BUENOS AIRES";SALADILLO;6;707;5328
Girasol;2018/19;"BUENOS AIRES";SALADILLO;6;707;5882
Girasol;2019/20;"BUENOS AIRES";SALADILLO;6;707;8415
Girasol;2020/21;"BUENOS AIRES";SALADILLO;6;707;13275
Girasol;2021/22;"BUENOS AIRES";SALADILLO;6;707;17031
Girasol;2022/23;"BUENOS AIRES";SALADILLO;6;707;19746
Girasol;2023/24;"BUENOS AIRES";SALADILLO;6;707;19337
Girasol;2015/16;"BUENOS AIRES";SALLIQUELO;6;721;26400
Girasol;2016/17;"BUENOS AIRES";SALLIQUELO;6;721;32200
Girasol;2017/18;"BUENOS AIRES";SALLIQUELO;6;721;15000
Girasol;2018/19;"BUENOS AIRES";SALLIQUELO;6;721;24000
Girasol;2019/20;"BUENOS AIRES";SALLIQUELO;6;721;20900
Girasol;2020/21;"BUENOS AIRES";SALLIQUELO;6;721;49450
Girasol;2021/22;"BUENOS AIRES";SALLIQUELO;6;721;54120
Girasol;2022/23;"BUENOS AIRES";SALLIQUELO;6;721;67500
Girasol;2023/24;"BUENOS AIRES";SALLIQUELO;6;721;60000
Girasol;2015/16;"BUENOS AIRES";SALTO;6;714;145
Girasol;2018/19;"BUENOS AIRES";SALTO;6;714;1652
Girasol;2019/20;"BUENOS AIRES";SALTO;6;714;1120
Girasol;2020/21;"BUENOS AIRES";SALTO;6;714;600
Girasol;2021/22;"BUENOS AIRES";SALTO;6;714;231
Girasol;2022/23;"BUENOS AIRES";SALTO;6;714;345
Girasol;2023/24;"BUENOS AIRES";SALTO;6;714;480
Girasol;2015/16;"BUENOS AIRES";"SAN ANDRES DE GILES";6;728;2420
Girasol;2016/17;"BUENOS AIRES";"SAN ANDRES DE GILES";6;728;400
Girasol;2018/19;"BUENOS AIRES";"SAN ANDRES DE GILES";6;728;600
Girasol;2020/21;"BUENOS AIRES";"SAN ANDRES DE GILES";6;728;880
Girasol;2021/22;"BUENOS AIRES";"SAN ANDRES DE GILES";6;728;704
Girasol;2022/23;"BUENOS AIRES";"SAN ANDRES DE GILES";6;728;1178
Girasol;2023/24;"BUENOS AIRES";"SAN ANDRES DE GILES";6;728;1064
Girasol;2015/16;"BUENOS AIRES";"SAN ANTONIO DE ARECO";6;735;420
Girasol;2016/17;"BUENOS AIRES";"SAN ANTONIO DE ARECO";6;735;300
Girasol;2017/18;"BUENOS AIRES";"SAN ANTONIO DE ARECO";6;735;290
Girasol;2018/19;"BUENOS AIRES";"SAN ANTONIO DE ARECO";6;735;990
Girasol;2019/20;"BUENOS AIRES";"SAN ANTONIO DE ARECO";6;735;870
Girasol;2020/21;"BUENOS AIRES";"SAN ANTONIO DE ARECO";6;735;870
Girasol;2021/22;"BUENOS AIRES";"SAN ANTONIO DE ARECO";6;735;294
Girasol;2022/23;"BUENOS AIRES";"SAN ANTONIO DE ARECO";6;735;230
Girasol;2023/24;"BUENOS AIRES";"SAN ANTONIO DE ARECO";6;735;300
Girasol;2015/16;"BUENOS AIRES";"SAN CAYETANO";6;742;40250
Girasol;2016/17;"BUENOS AIRES";"SAN CAYETANO";6;742;45968
Girasol;2017/18;"BUENOS AIRES";"SAN CAYETANO";6;742;72000
Girasol;2018/19;"BUENOS AIRES";"SAN CAYETANO";6;742;46000
Girasol;2019/20;"BUENOS AIRES";"SAN CAYETANO";6;742;37800
Girasol;2020/21;"BUENOS AIRES";"SAN CAYETANO";6;742;63720
Girasol;2021/22;"BUENOS AIRES";"SAN CAYETANO";6;742;80786
Girasol;2022/23;"BUENOS AIRES";"SAN CAYETANO";6;742;122916
Girasol;2023/24;"BUENOS AIRES";"SAN CAYETANO";6;742;80138
Girasol;2015/16;"BUENOS AIRES";"SAN NICOLAS";6;763;290
Girasol;2018/19;"BUENOS AIRES";"SAN NICOLAS";6;763;450
Girasol;2019/20;"BUENOS AIRES";"SAN NICOLAS";6;763;600
Girasol;2020/21;"BUENOS AIRES";"SAN NICOLAS";6;763;600
Girasol;2021/22;"BUENOS AIRES";"SAN NICOLAS";6;763;180
Girasol;2022/23;"BUENOS AIRES";"SAN NICOLAS";6;763;120
Girasol;2023/24;"BUENOS AIRES";"SAN NICOLAS";6;763;174
Girasol;2015/16;"BUENOS AIRES";"SAN PEDRO";6;770;140
Girasol;2018/19;"BUENOS AIRES";"SAN PEDRO";6;770;2533
Girasol;2019/20;"BUENOS AIRES";"SAN PEDRO";6;770;1350
Girasol;2020/21;"BUENOS AIRES";"SAN PEDRO";6;770;560
Girasol;2021/22;"BUENOS AIRES";"SAN PEDRO";6;770;1065
Girasol;2022/23;"BUENOS AIRES";"SAN PEDRO";6;770;400
Girasol;2023/24;"BUENOS AIRES";"SAN PEDRO";6;770;620
Girasol;2020/21;"BUENOS AIRES";"SAN VICENTE";6;778;650
Girasol;2021/22;"BUENOS AIRES";"SAN VICENTE";6;778;616
Girasol;2022/23;"BUENOS AIRES";"SAN VICENTE";6;778;660
Girasol;2015/16;"BUENOS AIRES";SUIPACHA;6;784;750
Girasol;2016/17;"BUENOS AIRES";SUIPACHA;6;784;1000
Girasol;2017/18;"BUENOS AIRES";SUIPACHA;6;784;900
Girasol;2018/19;"BUENOS AIRES";SUIPACHA;6;784;1750
Girasol;2019/20;"BUENOS AIRES";SUIPACHA;6;784;560
Girasol;2020/21;"BUENOS AIRES";SUIPACHA;6;784;750
Girasol;2021/22;"BUENOS AIRES";SUIPACHA;6;784;810
Girasol;2022/23;"BUENOS AIRES";SUIPACHA;6;784;750
Girasol;2015/16;"BUENOS AIRES";TANDIL;6;791;77750
Girasol;2016/17;"BUENOS AIRES";TANDIL;6;791;98095
Girasol;2017/18;"BUENOS AIRES";TANDIL;6;791;122425
Girasol;2018/19;"BUENOS AIRES";TANDIL;6;791;105600
Girasol;2019/20;"BUENOS AIRES";TANDIL;6;791;91350
Girasol;2020/21;"BUENOS AIRES";TANDIL;6;791;97630
Girasol;2021/22;"BUENOS AIRES";TANDIL;6;791;134860
Girasol;2022/23;"BUENOS AIRES";TANDIL;6;791;119690
Girasol;2023/24;"BUENOS AIRES";TANDIL;6;791;82157
Girasol;2015/16;"BUENOS AIRES";TAPALQUE;6;798;1400
Girasol;2016/17;"BUENOS AIRES";TAPALQUE;6;798;1440
Girasol;2017/18;"BUENOS AIRES";TAPALQUE;6;798;1200
Girasol;2018/19;"BUENOS AIRES";TAPALQUE;6;798;1140
Girasol;2019/20;"BUENOS AIRES";TAPALQUE;6;798;1116
Girasol;2020/21;"BUENOS AIRES";TAPALQUE;6;798;2850
Girasol;2021/22;"BUENOS AIRES";TAPALQUE;6;798;2627
Girasol;2022/23;"BUENOS AIRES";TAPALQUE;6;798;2700
Girasol;2023/24;"BUENOS AIRES";TAPALQUE;6;798;4600
Girasol;2015/16;"BUENOS AIRES";TORNQUIST;6;819;10560
Girasol;2016/17;"BUENOS AIRES";TORNQUIST;6;819;3800
Girasol;2017/18;"BUENOS AIRES";TORNQUIST;6;819;7420
Girasol;2019/20;"BUENOS AIRES";TORNQUIST;6;819;1267
Girasol;2020/21;"BUENOS AIRES";TORNQUIST;6;819;4800
Girasol;2021/22;"BUENOS AIRES";TORNQUIST;6;819;5400
Girasol;2022/23;"BUENOS AIRES";TORNQUIST;6;819;4930
Girasol;2023/24;"BUENOS AIRES";TORNQUIST;6;819;4200
Girasol;2015/16;"BUENOS AIRES";"TRENQUE LAUQUEN";6;826;68400
Girasol;2016/17;"BUENOS AIRES";"TRENQUE LAUQUEN";6;826;87185
Girasol;2017/18;"BUENOS AIRES";"TRENQUE LAUQUEN";6;826;68640
Girasol;2018/19;"BUENOS AIRES";"TRENQUE LAUQUEN";6;826;105750
Girasol;2019/20;"BUENOS AIRES";"TRENQUE LAUQUEN";6;826;80000
Girasol;2020/21;"BUENOS AIRES";"TRENQUE LAUQUEN";6;826;82500
Girasol;2021/22;"BUENOS AIRES";"TRENQUE LAUQUEN";6;826;95977
Girasol;2022/23;"BUENOS AIRES";"TRENQUE LAUQUEN";6;826;93750
Girasol;2023/24;"BUENOS AIRES";"TRENQUE LAUQUEN";6;826;104780
Girasol;2015/16;"BUENOS AIRES";"TRES ARROYOS";6;833;72750
Girasol;2016/17;"BUENOS AIRES";"TRES ARROYOS";6;833;99337
Girasol;2017/18;"BUENOS AIRES";"TRES ARROYOS";6;833;95000
Girasol;2018/19;"BUENOS AIRES";"TRES ARROYOS";6;833;96900
Girasol;2019/20;"BUENOS AIRES";"TRES ARROYOS";6;833;89100
Girasol;2020/21;"BUENOS AIRES";"TRES ARROYOS";6;833;152220
Girasol;2021/22;"BUENOS AIRES";"TRES ARROYOS";6;833;172784
Girasol;2022/23;"BUENOS AIRES";"TRES ARROYOS";6;833;277313
Girasol;2023/24;"BUENOS AIRES";"TRES ARROYOS";6;833;179474
Girasol;2015/16;"BUENOS AIRES";"TRES LOMAS";6;847;41400
Girasol;2016/17;"BUENOS AIRES";"TRES LOMAS";6;847;50400
Girasol;2017/18;"BUENOS AIRES";"TRES LOMAS";6;847;35000
Girasol;2018/19;"BUENOS AIRES";"TRES LOMAS";6;847;43200
Girasol;2019/20;"BUENOS AIRES";"TRES LOMAS";6;847;39100
Girasol;2020/21;"BUENOS AIRES";"TRES LOMAS";6;847;42000
Girasol;2021/22;"BUENOS AIRES";"TRES LOMAS";6;847;47670
Girasol;2022/23;"BUENOS AIRES";"TRES LOMAS";6;847;57200
Girasol;2023/24;"BUENOS AIRES";"TRES LOMAS";6;847;55000
Girasol;2015/16;"BUENOS AIRES";VILLARINO;6;875;1890
Girasol;2016/17;"BUENOS AIRES";VILLARINO;6;875;2300
Girasol;2017/18;"BUENOS AIRES";VILLARINO;6;875;1400
Girasol;2018/19;"BUENOS AIRES";VILLARINO;6;875;2200
Girasol;2019/20;"BUENOS AIRES";VILLARINO;6;875;2040
Girasol;2020/21;"BUENOS AIRES";VILLARINO;6;875;2520
Girasol;2021/22;"BUENOS AIRES";VILLARINO;6;875;3225
Girasol;2022/23;"BUENOS AIRES";VILLARINO;6;875;4620
Girasol;2023/24;"BUENOS AIRES";VILLARINO;6;875;5040
Girasol;2015/16;"BUENOS AIRES";ZARATE;6;882;135
Girasol;2020/21;CATAMARCA;"SANTA ROSA";10;98;96
Girasol;2021/22;CATAMARCA;"SANTA ROSA";10;98;160
Girasol;2022/23;CATAMARCA;"SANTA ROSA";10;98;100
Girasol;2023/24;CATAMARCA;"SANTA ROSA";10;98;105
Girasol;2015/16;CHACO;"12 DE OCTUBRE";22;36;40425
Girasol;2016/17;CHACO;"12 DE OCTUBRE";22;36;76960
Girasol;2017/18;CHACO;"12 DE OCTUBRE";22;36;54743
Girasol;2018/19;CHACO;"12 DE OCTUBRE";22;36;60874
Girasol;2019/20;CHACO;"12 DE OCTUBRE";22;36;33935
Girasol;2020/21;CHACO;"12 DE OCTUBRE";22;36;9100
Girasol;2021/22;CHACO;"12 DE OCTUBRE";22;36;19193
Girasol;2022/23;CHACO;"12 DE OCTUBRE";22;36;11040
Girasol;2023/24;CHACO;"12 DE OCTUBRE";22;36;5400
Girasol;2015/16;CHACO;"2 DE ABRIL";22;39;23920
Girasol;2016/17;CHACO;"2 DE ABRIL";22;39;39480
Girasol;2017/18;CHACO;"2 DE ABRIL";22;39;74979
Girasol;2018/19;CHACO;"2 DE ABRIL";22;39;61583
Girasol;2019/20;CHACO;"2 DE ABRIL";22;39;42813
Girasol;2020/21;CHACO;"2 DE ABRIL";22;39;11700
Girasol;2021/22;CHACO;"2 DE ABRIL";22;39;51786
Girasol;2022/23;CHACO;"2 DE ABRIL";22;39;16614
Girasol;2023/24;CHACO;"2 DE ABRIL";22;39;14130
Girasol;2015/16;CHACO;"25 DE MAYO";22;168;1445
Girasol;2016/17;CHACO;"25 DE MAYO";22;168;625
Girasol;2017/18;CHACO;"25 DE MAYO";22;168;184
Girasol;2018/19;CHACO;"25 DE MAYO";22;168;435
Girasol;2020/21;CHACO;"25 DE MAYO";22;168;333
Girasol;2021/22;CHACO;"25 DE MAYO";22;168;340
Girasol;2022/23;CHACO;"25 DE MAYO";22;168;630
Girasol;2023/24;CHACO;"25 DE MAYO";22;168;240
Girasol;2015/16;CHACO;"9 DE JULIO";22;105;39760
Girasol;2016/17;CHACO;"9 DE JULIO";22;105;79344
Girasol;2017/18;CHACO;"9 DE JULIO";22;105;43260
Girasol;2018/19;CHACO;"9 DE JULIO";22;105;51768
Girasol;2019/20;CHACO;"9 DE JULIO";22;105;28609
Girasol;2020/21;CHACO;"9 DE JULIO";22;105;5760
Girasol;2021/22;CHACO;"9 DE JULIO";22;105;15045
Girasol;2022/23;CHACO;"9 DE JULIO";22;105;14307
Girasol;2023/24;CHACO;"9 DE JULIO";22;105;10650
Girasol;2015/16;CHACO;"ALMIRANTE BROWN";22;7;69323
Girasol;2016/17;CHACO;"ALMIRANTE BROWN";22;7;72500
Girasol;2017/18;CHACO;"ALMIRANTE BROWN";22;7;92054
Girasol;2018/19;CHACO;"ALMIRANTE BROWN";22;7;89842
Girasol;2019/20;CHACO;"ALMIRANTE BROWN";22;7;83685
Girasol;2020/21;CHACO;"ALMIRANTE BROWN";22;7;5229
Girasol;2021/22;CHACO;"ALMIRANTE BROWN";22;7;5060
Girasol;2022/23;CHACO;"ALMIRANTE BROWN";22;7;12000
Girasol;2023/24;CHACO;"ALMIRANTE BROWN";22;7;4760
Girasol;2015/16;CHACO;CHACABUCO;22;28;49725
Girasol;2016/17;CHACO;CHACABUCO;22;28;78080
Girasol;2017/18;CHACO;CHACABUCO;22;28;54646
Girasol;2018/19;CHACO;CHACABUCO;22;28;65037
Girasol;2019/20;CHACO;CHACABUCO;22;28;33859
Girasol;2020/21;CHACO;CHACABUCO;22;28;9750
Girasol;2021/22;CHACO;CHACABUCO;22;28;39321
Girasol;2022/23;CHACO;CHACABUCO;22;28;25560
Girasol;2023/24;CHACO;CHACABUCO;22;28;23850
Girasol;2015/16;CHACO;"COMANDANTE FERNANDEZ";22;21;47327
Girasol;2016/17;CHACO;"COMANDANTE FERNANDEZ";22;21;44850
Girasol;2017/18;CHACO;"COMANDANTE FERNANDEZ";22;21;52960
Girasol;2018/19;CHACO;"COMANDANTE FERNANDEZ";22;21;45677
Girasol;2019/20;CHACO;"COMANDANTE FERNANDEZ";22;21;27380
Girasol;2020/21;CHACO;"COMANDANTE FERNANDEZ";22;21;10775
Girasol;2021/22;CHACO;"COMANDANTE FERNANDEZ";22;21;43355
Girasol;2022/23;CHACO;"COMANDANTE FERNANDEZ";22;21;22100
Girasol;2023/24;CHACO;"COMANDANTE FERNANDEZ";22;21;10080
Girasol;2015/16;CHACO;"FRAY JUSTO SANTA MARIA DE ORO";22;43;28720
Girasol;2016/17;CHACO;"FRAY JUSTO SANTA MARIA DE ORO";22;43;47535
Girasol;2017/18;CHACO;"FRAY JUSTO SANTA MARIA DE ORO";22;43;28698
Girasol;2018/19;CHACO;"FRAY JUSTO SANTA MARIA DE ORO";22;43;20655
Girasol;2019/20;CHACO;"FRAY JUSTO SANTA MARIA DE ORO";22;43;15318
Girasol;2020/21;CHACO;"FRAY JUSTO SANTA MARIA DE ORO";22;43;3420
Girasol;2021/22;CHACO;"FRAY JUSTO SANTA MARIA DE ORO";22;43;11060
Girasol;2022/23;CHACO;"FRAY JUSTO SANTA MARIA DE ORO";22;43;18400
Girasol;2023/24;CHACO;"FRAY JUSTO SANTA MARIA DE ORO";22;43;16200
Girasol;2015/16;CHACO;"GENERAL BELGRANO";22;49;18570
Girasol;2016/17;CHACO;"GENERAL BELGRANO";22;49;28500
Girasol;2017/18;CHACO;"GENERAL BELGRANO";22;49;30839
Girasol;2018/19;CHACO;"GENERAL BELGRANO";22;49;34884
Girasol;2019/20;CHACO;"GENERAL BELGRANO";22;49;18054
Girasol;2020/21;CHACO;"GENERAL BELGRANO";22;49;6600
Girasol;2021/22;CHACO;"GENERAL BELGRANO";22;49;15760
Girasol;2022/23;CHACO;"GENERAL BELGRANO";22;49;31320
Girasol;2023/24;CHACO;"GENERAL BELGRANO";22;49;24840
Girasol;2015/16;CHACO;"GENERAL GUEMES";22;63;10365
Girasol;2016/17;CHACO;"GENERAL GUEMES";22;63;15210
Girasol;2017/18;CHACO;"GENERAL GUEMES";22;63;11642
Girasol;2018/19;CHACO;"GENERAL GUEMES";22;63;16053
Girasol;2019/20;CHACO;"GENERAL GUEMES";22;63;9158
Girasol;2020/21;CHACO;"GENERAL GUEMES";22;63;1182
Girasol;2021/22;CHACO;"GENERAL GUEMES";22;63;0
Girasol;2022/23;CHACO;"GENERAL GUEMES";22;63;7980
Girasol;2023/24;CHACO;"GENERAL GUEMES";22;63;7910
Girasol;2015/16;CHACO;INDEPENDENCIA;22;70;78829
Girasol;2016/17;CHACO;INDEPENDENCIA;22;70;56250
Girasol;2017/18;CHACO;INDEPENDENCIA;22;70;79656
Girasol;2018/19;CHACO;INDEPENDENCIA;22;70;79977
Girasol;2019/20;CHACO;INDEPENDENCIA;22;70;52000
Girasol;2020/21;CHACO;INDEPENDENCIA;22;70;6279
Girasol;2021/22;CHACO;INDEPENDENCIA;22;70;35000
Girasol;2022/23;CHACO;INDEPENDENCIA;22;70;56800
Girasol;2023/24;CHACO;INDEPENDENCIA;22;70;35185
Girasol;2015/16;CHACO;"LIBERTADOR GENERAL SAN MARTIN";22;84;502
Girasol;2016/17;CHACO;"LIBERTADOR GENERAL SAN MARTIN";22;84;650
Girasol;2017/18;CHACO;"LIBERTADOR GENERAL SAN MARTIN";22;84;1350
Girasol;2018/19;CHACO;"LIBERTADOR GENERAL SAN MARTIN";22;84;450
Girasol;2023/24;CHACO;"LIBERTADOR GENERAL SAN MARTIN";22;84;208
Girasol;2015/16;CHACO;MAIPU;22;91;19848
Girasol;2016/17;CHACO;MAIPU;22;91;38220
Girasol;2017/18;CHACO;MAIPU;22;91;37445
Girasol;2018/19;CHACO;MAIPU;22;91;36014
Girasol;2019/20;CHACO;MAIPU;22;91;28956
Girasol;2020/21;CHACO;MAIPU;22;91;25119
Girasol;2021/22;CHACO;MAIPU;22;91;15660
Girasol;2022/23;CHACO;MAIPU;22;91;28900
Girasol;2023/24;CHACO;MAIPU;22;91;21920
Girasol;2015/16;CHACO;"MAYOR LUIS J. FONTANA";22;98;21900
Girasol;2016/17;CHACO;"MAYOR LUIS J. FONTANA";22;98;38190
Girasol;2017/18;CHACO;"MAYOR LUIS J. FONTANA";22;98;52132
Girasol;2018/19;CHACO;"MAYOR LUIS J. FONTANA";22;98;54288
Girasol;2019/20;CHACO;"MAYOR LUIS J. FONTANA";22;98;32074
Girasol;2020/21;CHACO;"MAYOR LUIS J. FONTANA";22;98;8400
Girasol;2021/22;CHACO;"MAYOR LUIS J. FONTANA";22;98;34650
Girasol;2022/23;CHACO;"MAYOR LUIS J. FONTANA";22;98;35280
Girasol;2023/24;CHACO;"MAYOR LUIS J. FONTANA";22;98;17700
Girasol;2015/16;CHACO;O'HIGGINS;22;112;40128
Girasol;2016/17;CHACO;O'HIGGINS;22;112;74560
Girasol;2017/18;CHACO;O'HIGGINS;22;112;52442
Girasol;2018/19;CHACO;O'HIGGINS;22;112;72634
Girasol;2019/20;CHACO;O'HIGGINS;22;112;35921
Girasol;2020/21;CHACO;O'HIGGINS;22;112;14280
Girasol;2021/22;CHACO;O'HIGGINS;22;112;20340
Girasol;2022/23;CHACO;O'HIGGINS;22;112;24141
Girasol;2023/24;CHACO;O'HIGGINS;22;112;23600
Girasol;2015/16;CHACO;QUITILIPI;22;133;8999
Girasol;2016/17;CHACO;QUITILIPI;22;133;11200
Girasol;2017/18;CHACO;QUITILIPI;22;133;14740
Girasol;2018/19;CHACO;QUITILIPI;22;133;8808
Girasol;2019/20;CHACO;QUITILIPI;22;133;6346
Girasol;2020/21;CHACO;QUITILIPI;22;133;2347
Girasol;2021/22;CHACO;QUITILIPI;22;133;4130
Girasol;2022/23;CHACO;QUITILIPI;22;133;1170
Girasol;2023/24;CHACO;QUITILIPI;22;133;2664
Girasol;2015/16;CHACO;"SAN FERNANDO";22;140;1200
Girasol;2016/17;CHACO;"SAN FERNANDO";22;140;2087
Girasol;2017/18;CHACO;"SAN FERNANDO";22;140;4556
Girasol;2018/19;CHACO;"SAN FERNANDO";22;140;5186
Girasol;2019/20;CHACO;"SAN FERNANDO";22;140;2688
Girasol;2015/16;CHACO;"SAN LORENZO";22;147;3100
Girasol;2016/17;CHACO;"SAN LORENZO";22;147;5586
Girasol;2017/18;CHACO;"SAN LORENZO";22;147;1953
Girasol;2018/19;CHACO;"SAN LORENZO";22;147;1693
Girasol;2019/20;CHACO;"SAN LORENZO";22;147;1054
Girasol;2020/21;CHACO;"SAN LORENZO";22;147;500
Girasol;2021/22;CHACO;"SAN LORENZO";22;147;693
Girasol;2022/23;CHACO;"SAN LORENZO";22;147;448
Girasol;2023/24;CHACO;"SAN LORENZO";22;147;1680
Girasol;2016/17;CHACO;"SARGENTO CABRAL";22;154;1200
Girasol;2017/18;CHACO;"SARGENTO CABRAL";22;154;330
Girasol;2018/19;CHACO;"SARGENTO CABRAL";22;154;400
Girasol;2019/20;CHACO;"SARGENTO CABRAL";22;154;560
Girasol;2023/24;CHACO;"SARGENTO CABRAL";22;154;544
Girasol;2020/21;CORDOBA;COLON;14;21;1480
Girasol;2021/22;CORDOBA;COLON;14;21;924
Girasol;2022/23;CORDOBA;COLON;14;21;1596
Girasol;2023/24;CORDOBA;COLON;14;21;1520
Girasol;2022/23;CORDOBA;"CRUZ DEL EJE";14;28;255
Girasol;2023/24;CORDOBA;"CRUZ DEL EJE";14;28;340
Girasol;2015/16;CORDOBA;"GENERAL ROCA";14;35;13500
Girasol;2016/17;CORDOBA;"GENERAL ROCA";14;35;10560
Girasol;2017/18;CORDOBA;"GENERAL ROCA";14;35;8580
Girasol;2018/19;CORDOBA;"GENERAL ROCA";14;35;16790
Girasol;2019/20;CORDOBA;"GENERAL ROCA";14;35;15313
Girasol;2020/21;CORDOBA;"GENERAL ROCA";14;35;37084
Girasol;2021/22;CORDOBA;"GENERAL ROCA";14;35;71528
Girasol;2022/23;CORDOBA;"GENERAL ROCA";14;35;83391
Girasol;2023/24;CORDOBA;"GENERAL ROCA";14;35;68023
Girasol;2017/18;CORDOBA;"GENERAL SAN MARTIN";14;42;360
Girasol;2018/19;CORDOBA;"GENERAL SAN MARTIN";14;42;463
Girasol;2020/21;CORDOBA;"GENERAL SAN MARTIN";14;42;2300
Girasol;2021/22;CORDOBA;"GENERAL SAN MARTIN";14;42;5400
Girasol;2022/23;CORDOBA;"GENERAL SAN MARTIN";14;42;9360
Girasol;2023/24;CORDOBA;"GENERAL SAN MARTIN";14;42;8800
Girasol;2023/24;CORDOBA;ISCHILIN;14;49;70
Girasol;2015/16;CORDOBA;"JUAREZ CELMAN";14;56;2520
Girasol;2016/17;CORDOBA;"JUAREZ CELMAN";14;56;2640
Girasol;2017/18;CORDOBA;"JUAREZ CELMAN";14;56;2192
Girasol;2018/19;CORDOBA;"JUAREZ CELMAN";14;56;1100
Girasol;2019/20;CORDOBA;"JUAREZ CELMAN";14;56;1200
Girasol;2020/21;CORDOBA;"JUAREZ CELMAN";14;56;5500
Girasol;2021/22;CORDOBA;"JUAREZ CELMAN";14;56;5250
Girasol;2022/23;CORDOBA;"JUAREZ CELMAN";14;56;6300
Girasol;2023/24;CORDOBA;"JUAREZ CELMAN";14;56;10800
Girasol;2015/16;CORDOBA;"MARCOS JUAREZ";14;63;1170
Girasol;2016/17;CORDOBA;"MARCOS JUAREZ";14;63;1785
Girasol;2017/18;CORDOBA;"MARCOS JUAREZ";14;63;2420
Girasol;2018/19;CORDOBA;"MARCOS JUAREZ";14;63;2758
Girasol;2019/20;CORDOBA;"MARCOS JUAREZ";14;63;4320
Girasol;2020/21;CORDOBA;"MARCOS JUAREZ";14;63;7200
Girasol;2021/22;CORDOBA;"MARCOS JUAREZ";14;63;6380
Girasol;2022/23;CORDOBA;"MARCOS JUAREZ";14;63;14160
Girasol;2023/24;CORDOBA;"MARCOS JUAREZ";14;63;30160
Girasol;2015/16;CORDOBA;"PRESIDENTE ROQUE SAENZ PENA";14;84;9500
Girasol;2016/17;CORDOBA;"PRESIDENTE ROQUE SAENZ PENA";14;84;4180
Girasol;2017/18;CORDOBA;"PRESIDENTE ROQUE SAENZ PENA";14;84;4180
Girasol;2018/19;CORDOBA;"PRESIDENTE ROQUE SAENZ PENA";14;84;26450
Girasol;2019/20;CORDOBA;"PRESIDENTE ROQUE SAENZ PENA";14;84;27710
Girasol;2020/21;CORDOBA;"PRESIDENTE ROQUE SAENZ PENA";14;84;27076
Girasol;2021/22;CORDOBA;"PRESIDENTE ROQUE SAENZ PENA";14;84;53420
Girasol;2022/23;CORDOBA;"PRESIDENTE ROQUE SAENZ PENA";14;84;74848
Girasol;2023/24;CORDOBA;"PRESIDENTE ROQUE SAENZ PENA";14;84;63368
Girasol;2015/16;CORDOBA;"RIO CUARTO";14;98;4774
Girasol;2016/17;CORDOBA;"RIO CUARTO";14;98;4991
Girasol;2017/18;CORDOBA;"RIO CUARTO";14;98;4340
Girasol;2018/19;CORDOBA;"RIO CUARTO";14;98;3000
Girasol;2019/20;CORDOBA;"RIO CUARTO";14;98;3300
Girasol;2020/21;CORDOBA;"RIO CUARTO";14;98;11550
Girasol;2021/22;CORDOBA;"RIO CUARTO";14;98;10450
Girasol;2022/23;CORDOBA;"RIO CUARTO";14;98;12600
Girasol;2023/24;CORDOBA;"RIO CUARTO";14;98;17600
Girasol;2015/16;CORDOBA;"RIO PRIMERO";14;105;4180
Girasol;2016/17;CORDOBA;"RIO PRIMERO";14;105;7600
Girasol;2018/19;CORDOBA;"RIO PRIMERO";14;105;1584
Girasol;2019/20;CORDOBA;"RIO PRIMERO";14;105;4620
Girasol;2020/21;CORDOBA;"RIO PRIMERO";14;105;2520
Girasol;2021/22;CORDOBA;"RIO PRIMERO";14;105;2373
Girasol;2022/23;CORDOBA;"RIO PRIMERO";14;105;3420
Girasol;2023/24;CORDOBA;"RIO PRIMERO";14;105;3515
Girasol;2020/21;CORDOBA;"RIO SECO";14;112;2000
Girasol;2021/22;CORDOBA;"RIO SECO";14;112;1584
Girasol;2022/23;CORDOBA;"RIO SECO";14;112;660
Girasol;2023/24;CORDOBA;"RIO SECO";14;112;704
Girasol;2019/20;CORDOBA;"RIO SEGUNDO";14;119;494
Girasol;2020/21;CORDOBA;"RIO SEGUNDO";14;119;1000
Girasol;2021/22;CORDOBA;"RIO SEGUNDO";14;119;1100
Girasol;2022/23;CORDOBA;"RIO SEGUNDO";14;119;3400
Girasol;2023/24;CORDOBA;"RIO SEGUNDO";14;119;3450
Girasol;2016/17;CORDOBA;"SAN JUSTO";14;140;11700
Girasol;2018/19;CORDOBA;"SAN JUSTO";14;140;16502
Girasol;2019/20;CORDOBA;"SAN JUSTO";14;140;18002
Girasol;2020/21;CORDOBA;"SAN JUSTO";14;140;25680
Girasol;2021/22;CORDOBA;"SAN JUSTO";14;140;28560
Girasol;2022/23;CORDOBA;"SAN JUSTO";14;140;48552
Girasol;2023/24;CORDOBA;"SAN JUSTO";14;140;60950
Girasol;2018/19;CORDOBA;"SANTA MARIA";14;147;200
Girasol;2023/24;CORDOBA;"SANTA MARIA";14;147;200
Girasol;2019/20;CORDOBA;"TERCERO ARRIBA";14;161;264
Girasol;2020/21;CORDOBA;"TERCERO ARRIBA";14;161;800
Girasol;2021/22;CORDOBA;"TERCERO ARRIBA";14;161;1620
Girasol;2022/23;CORDOBA;"TERCERO ARRIBA";14;161;3740
Girasol;2023/24;CORDOBA;"TERCERO ARRIBA";14;161;3300
Girasol;2017/18;CORDOBA;TOTORAL;14;168;2268
Girasol;2018/19;CORDOBA;TOTORAL;14;168;1531
Girasol;2020/21;CORDOBA;TOTORAL;14;168;654
Girasol;2021/22;CORDOBA;TOTORAL;14;168;945
Girasol;2022/23;CORDOBA;TOTORAL;14;168;576
Girasol;2023/24;CORDOBA;TOTORAL;14;168;512
Girasol;2018/19;CORDOBA;TULUMBA;14;175;1204
Girasol;2020/21;CORDOBA;TULUMBA;14;175;200
Girasol;2021/22;CORDOBA;TULUMBA;14;175;216
Girasol;2022/23;CORDOBA;TULUMBA;14;175;234
Girasol;2023/24;CORDOBA;TULUMBA;14;175;234
Girasol;2015/16;CORDOBA;UNION;14;182;1300
Girasol;2016/17;CORDOBA;UNION;14;182;2300
Girasol;2017/18;CORDOBA;UNION;14;182;2400
Girasol;2018/19;CORDOBA;UNION;14;182;4889
Girasol;2019/20;CORDOBA;UNION;14;182;3360
Girasol;2020/21;CORDOBA;UNION;14;182;16581
Girasol;2021/22;CORDOBA;UNION;14;182;12750
Girasol;2022/23;CORDOBA;UNION;14;182;38900
Girasol;2023/24;CORDOBA;UNION;14;182;40560
Girasol;2020/21;CORRIENTES;ESQUINA;18;49;352
Girasol;2021/22;CORRIENTES;ESQUINA;18;49;352
Girasol;2022/23;CORRIENTES;ESQUINA;18;49;560
Girasol;2023/24;CORRIENTES;ESQUINA;18;49;1200
Girasol;2020/21;CORRIENTES;SAUCE;18;175;88
Girasol;2021/22;CORRIENTES;SAUCE;18;175;88
Girasol;2022/23;CORRIENTES;SAUCE;18;175;420
Girasol;2023/24;CORRIENTES;SAUCE;18;175;900
Girasol;2016/17;"ENTRE RIOS";CONCORDIA;30;15;180
Girasol;2020/21;"ENTRE RIOS";CONCORDIA;30;15;563
Girasol;2021/22;"ENTRE RIOS";CONCORDIA;30;15;432
Girasol;2022/23;"ENTRE RIOS";CONCORDIA;30;15;585
Girasol;2015/16;"ENTRE RIOS";DIAMANTE;30;21;500
Girasol;2016/17;"ENTRE RIOS";DIAMANTE;30;21;960
Girasol;2017/18;"ENTRE RIOS";DIAMANTE;30;21;1000
Girasol;2018/19;"ENTRE RIOS";DIAMANTE;30;21;1380
Girasol;2019/20;"ENTRE RIOS";DIAMANTE;30;21;750
Girasol;2020/21;"ENTRE RIOS";DIAMANTE;30;21;400
Girasol;2021/22;"ENTRE RIOS";DIAMANTE;30;21;400
Girasol;2022/23;"ENTRE RIOS";DIAMANTE;30;21;230
Girasol;2015/16;"ENTRE RIOS";FEDERACION;30;28;800
Girasol;2016/17;"ENTRE RIOS";FEDERACION;30;28;900
Girasol;2017/18;"ENTRE RIOS";FEDERACION;30;28;340
Girasol;2018/19;"ENTRE RIOS";FEDERACION;30;28;600
Girasol;2019/20;"ENTRE RIOS";FEDERACION;30;28;600
Girasol;2022/23;"ENTRE RIOS";FEDERACION;30;28;680
Girasol;2015/16;"ENTRE RIOS";FEDERAL;30;35;400
Girasol;2016/17;"ENTRE RIOS";FEDERAL;30;35;800
Girasol;2017/18;"ENTRE RIOS";FEDERAL;30;35;900
Girasol;2018/19;"ENTRE RIOS";FEDERAL;30;35;600
Girasol;2019/20;"ENTRE RIOS";FEDERAL;30;35;660
Girasol;2020/21;"ENTRE RIOS";FEDERAL;30;35;210
Girasol;2021/22;"ENTRE RIOS";FEDERAL;30;35;1350
Girasol;2022/23;"ENTRE RIOS";FEDERAL;30;35;2805
Girasol;2023/24;"ENTRE RIOS";FEDERAL;30;35;210
Girasol;2020/21;"ENTRE RIOS";FELICIANO;30;42;1610
Girasol;2021/22;"ENTRE RIOS";FELICIANO;30;42;2945
Girasol;2022/23;"ENTRE RIOS";FELICIANO;30;42;3060
Girasol;2023/24;"ENTRE RIOS";FELICIANO;30;42;2400
Girasol;2016/17;"ENTRE RIOS";GUALEGUAY;30;49;80
Girasol;2021/22;"ENTRE RIOS";GUALEGUAY;30;49;255
Girasol;2022/23;"ENTRE RIOS";GUALEGUAY;30;49;51
Girasol;2023/24;"ENTRE RIOS";GUALEGUAY;30;49;850
Girasol;2018/19;"ENTRE RIOS";GUALEGUAYCHU;30;56;270
Girasol;2020/21;"ENTRE RIOS";GUALEGUAYCHU;30;56;825
Girasol;2021/22;"ENTRE RIOS";GUALEGUAYCHU;30;56;714
Girasol;2022/23;"ENTRE RIOS";GUALEGUAYCHU;30;56;690
Girasol;2023/24;"ENTRE RIOS";GUALEGUAYCHU;30;56;2550
Girasol;2015/16;"ENTRE RIOS";"LA PAZ";30;70;3300
Girasol;2016/17;"ENTRE RIOS";"LA PAZ";30;70;4320
Girasol;2017/18;"ENTRE RIOS";"LA PAZ";30;70;4400
Girasol;2018/19;"ENTRE RIOS";"LA PAZ";30;70;4400
Girasol;2019/20;"ENTRE RIOS";"LA PAZ";30;70;1760
Girasol;2020/21;"ENTRE RIOS";"LA PAZ";30;70;5500
Girasol;2021/22;"ENTRE RIOS";"LA PAZ";30;70;8100
Girasol;2022/23;"ENTRE RIOS";"LA PAZ";30;70;11250
Girasol;2023/24;"ENTRE RIOS";"LA PAZ";30;70;3200
Girasol;2016/17;"ENTRE RIOS";NOGOYA;30;77;675
Girasol;2018/19;"ENTRE RIOS";NOGOYA;30;77;1625
Girasol;2020/21;"ENTRE RIOS";NOGOYA;30;77;48
Girasol;2021/22;"ENTRE RIOS";NOGOYA;30;77;210
Girasol;2022/23;"ENTRE RIOS";NOGOYA;30;77;166
Girasol;2023/24;"ENTRE RIOS";NOGOYA;30;77;1105
Girasol;2015/16;"ENTRE RIOS";PARANA;30;84;1100
Girasol;2016/17;"ENTRE RIOS";PARANA;30;84;660
Girasol;2017/18;"ENTRE RIOS";PARANA;30;84;8600
Girasol;2018/19;"ENTRE RIOS";PARANA;30;84;3960
Girasol;2019/20;"ENTRE RIOS";PARANA;30;84;2171
Girasol;2020/21;"ENTRE RIOS";PARANA;30;84;2070
Girasol;2021/22;"ENTRE RIOS";PARANA;30;84;3610
Girasol;2022/23;"ENTRE RIOS";PARANA;30;84;4560
Girasol;2023/24;"ENTRE RIOS";PARANA;30;84;1980
Girasol;2020/21;"ENTRE RIOS";"SAN SALVADOR";30;88;120
Girasol;2021/22;"ENTRE RIOS";"SAN SALVADOR";30;88;45
Girasol;2022/23;"ENTRE RIOS";"SAN SALVADOR";30;88;72
Girasol;2023/24;"ENTRE RIOS";"SAN SALVADOR";30;88;680
Girasol;2016/17;"ENTRE RIOS";TALA;30;91;136
Girasol;2021/22;"ENTRE RIOS";TALA;30;91;320
Girasol;2022/23;"ENTRE RIOS";TALA;30;91;221
Girasol;2023/24;"ENTRE RIOS";TALA;30;91;2210
Girasol;2016/17;"ENTRE RIOS";URUGUAY;30;98;720
Girasol;2017/18;"ENTRE RIOS";URUGUAY;30;98;270
Girasol;2018/19;"ENTRE RIOS";URUGUAY;30;98;770
Girasol;2019/20;"ENTRE RIOS";URUGUAY;30;98;425
Girasol;2020/21;"ENTRE RIOS";URUGUAY;30;98;738
Girasol;2021/22;"ENTRE RIOS";URUGUAY;30;98;1394
Girasol;2022/23;"ENTRE RIOS";URUGUAY;30;98;913
Girasol;2023/24;"ENTRE RIOS";URUGUAY;30;98;340
Girasol;2016/17;"ENTRE RIOS";VICTORIA;30;105;0
Girasol;2020/21;"ENTRE RIOS";VICTORIA;30;105;715
Girasol;2021/22;"ENTRE RIOS";VICTORIA;30;105;224
Girasol;2022/23;"ENTRE RIOS";VICTORIA;30;105;546
Girasol;2023/24;"ENTRE RIOS";VICTORIA;30;105;1360
Girasol;2017/18;"ENTRE RIOS";VILLAGUAY;30;113;70
Girasol;2018/19;"ENTRE RIOS";VILLAGUAY;30;113;3230
Girasol;2020/21;"ENTRE RIOS";VILLAGUAY;30;113;3675
Girasol;2021/22;"ENTRE RIOS";VILLAGUAY;30;113;4794
Girasol;2022/23;"ENTRE RIOS";VILLAGUAY;30;113;3204
Girasol;2023/24;"ENTRE RIOS";VILLAGUAY;30;113;1190
Girasol;2023/24;FORMOSA;LAISHI;34;21;2010
Girasol;2021/22;FORMOSA;PATINO;34;35;360
Girasol;2022/23;FORMOSA;PATINO;34;35;1500
Girasol;2023/24;FORMOSA;PATINO;34;35;800
Girasol;2021/22;FORMOSA;PIRANE;34;56;1530
Girasol;2022/23;FORMOSA;PIRANE;34;56;750
Girasol;2023/24;FORMOSA;PIRANE;34;56;252
Girasol;2016/17;FORMOSA;"SIN DEFINIR";34;0;11700
Girasol;2017/18;FORMOSA;"SIN DEFINIR";34;0;15300
Girasol;2019/20;FORMOSA;"SIN DEFINIR";34;0;5400
Girasol;2020/21;FORMOSA;"SIN DEFINIR";34;0;1458
Girasol;2015/16;"LA PAMPA";ATREUCO;42;7;80000
Girasol;2016/17;"LA PAMPA";ATREUCO;42;7;79800
Girasol;2017/18;"LA PAMPA";ATREUCO;42;7;84000
Girasol;2018/19;"LA PAMPA";ATREUCO;42;7;43920
Girasol;2019/20;"LA PAMPA";ATREUCO;42;7;30000
Girasol;2020/21;"LA PAMPA";ATREUCO;42;7;42746
Girasol;2021/22;"LA PAMPA";ATREUCO;42;7;103904
Girasol;2022/23;"LA PAMPA";ATREUCO;42;7;124125
Girasol;2023/24;"LA PAMPA";ATREUCO;42;7;62880
Girasol;2015/16;"LA PAMPA";CAPITAL;42;21;36000
Girasol;2016/17;"LA PAMPA";CAPITAL;42;21;41800
Girasol;2017/18;"LA PAMPA";CAPITAL;42;21;34200
Girasol;2018/19;"LA PAMPA";CAPITAL;42;21;48300
Girasol;2019/20;"LA PAMPA";CAPITAL;42;21;27720
Girasol;2020/21;"LA PAMPA";CAPITAL;42;21;30000
Girasol;2021/22;"LA PAMPA";CAPITAL;42;21;32490
Girasol;2022/23;"LA PAMPA";CAPITAL;42;21;40040
Girasol;2023/24;"LA PAMPA";CAPITAL;42;21;42240
Girasol;2015/16;"LA PAMPA";CATRILO;42;28;132000
Girasol;2016/17;"LA PAMPA";CATRILO;42;28;125400
Girasol;2017/18;"LA PAMPA";CATRILO;42;28;123480
Girasol;2018/19;"LA PAMPA";CATRILO;42;28;85920
Girasol;2019/20;"LA PAMPA";CATRILO;42;28;61050
Girasol;2020/21;"LA PAMPA";CATRILO;42;28;75000
Girasol;2021/22;"LA PAMPA";CATRILO;42;28;96123
Girasol;2022/23;"LA PAMPA";CATRILO;42;28;138320
Girasol;2023/24;"LA PAMPA";CATRILO;42;28;85750
Girasol;2015/16;"LA PAMPA";CHAPALEUFU;42;56;46690
Girasol;2016/17;"LA PAMPA";CHAPALEUFU;42;56;15120
Girasol;2017/18;"LA PAMPA";CHAPALEUFU;42;56;15960
Girasol;2018/19;"LA PAMPA";CHAPALEUFU;42;56;800
Girasol;2019/20;"LA PAMPA";CHAPALEUFU;42;56;9400
Girasol;2020/21;"LA PAMPA";CHAPALEUFU;42;56;13250
Girasol;2021/22;"LA PAMPA";CHAPALEUFU;42;56;17145
Girasol;2022/23;"LA PAMPA";CHAPALEUFU;42;56;27280
Girasol;2023/24;"LA PAMPA";CHAPALEUFU;42;56;23750
Girasol;2015/16;"LA PAMPA";CONHELO;42;35;4590
Girasol;2016/17;"LA PAMPA";CONHELO;42;35;9890
Girasol;2017/18;"LA PAMPA";CONHELO;42;35;7700
Girasol;2018/19;"LA PAMPA";CONHELO;42;35;20460
Girasol;2019/20;"LA PAMPA";CONHELO;42;35;7300
Girasol;2020/21;"LA PAMPA";CONHELO;42;35;13860
Girasol;2021/22;"LA PAMPA";CONHELO;42;35;16746
Girasol;2022/23;"LA PAMPA";CONHELO;42;35;44820
Girasol;2023/24;"LA PAMPA";CONHELO;42;35;62920
Girasol;2020/21;"LA PAMPA";GUATRACHE;42;70;1000
Girasol;2021/22;"LA PAMPA";GUATRACHE;42;70;720
Girasol;2022/23;"LA PAMPA";GUATRACHE;42;70;900
Girasol;2020/21;"LA PAMPA";HUCAL;42;77;288
Girasol;2021/22;"LA PAMPA";HUCAL;42;77;300
Girasol;2022/23;"LA PAMPA";HUCAL;42;77;750
Girasol;2015/16;"LA PAMPA";MARACO;42;105;32340
Girasol;2016/17;"LA PAMPA";MARACO;42;105;30240
Girasol;2017/18;"LA PAMPA";MARACO;42;105;30510
Girasol;2018/19;"LA PAMPA";MARACO;42;105;25000
Girasol;2019/20;"LA PAMPA";MARACO;42;105;20200
Girasol;2020/21;"LA PAMPA";MARACO;42;105;49750
Girasol;2021/22;"LA PAMPA";MARACO;42;105;47507
Girasol;2022/23;"LA PAMPA";MARACO;42;105;39380
Girasol;2023/24;"LA PAMPA";MARACO;42;105;42250
Girasol;2015/16;"LA PAMPA";"QUEMU QUEMU";42;119;72400
Girasol;2016/17;"LA PAMPA";"QUEMU QUEMU";42;119;92400
Girasol;2017/18;"LA PAMPA";"QUEMU QUEMU";42;119;89960
Girasol;2018/19;"LA PAMPA";"QUEMU QUEMU";42;119;60030
Girasol;2019/20;"LA PAMPA";"QUEMU QUEMU";42;119;28800
Girasol;2020/21;"LA PAMPA";"QUEMU QUEMU";42;119;67390
Girasol;2021/22;"LA PAMPA";"QUEMU QUEMU";42;119;66402
Girasol;2022/23;"LA PAMPA";"QUEMU QUEMU";42;119;82280
Girasol;2023/24;"LA PAMPA";"QUEMU QUEMU";42;119;61250
Girasol;2015/16;"LA PAMPA";RANCUL;42;126;24000
Girasol;2016/17;"LA PAMPA";RANCUL;42;126;20240
Girasol;2017/18;"LA PAMPA";RANCUL;42;126;18240
Girasol;2018/19;"LA PAMPA";RANCUL;42;126;23100
Girasol;2019/20;"LA PAMPA";RANCUL;42;126;20200
Girasol;2020/21;"LA PAMPA";RANCUL;42;126;22000
Girasol;2021/22;"LA PAMPA";RANCUL;42;126;39910
Girasol;2022/23;"LA PAMPA";RANCUL;42;126;38160
Girasol;2023/24;"LA PAMPA";RANCUL;42;126;26220
Girasol;2015/16;"LA PAMPA";REALICO;42;133;15200
Girasol;2016/17;"LA PAMPA";REALICO;42;133;7590
Girasol;2017/18;"LA PAMPA";REALICO;42;133;16560
Girasol;2018/19;"LA PAMPA";REALICO;42;133;30590
Girasol;2019/20;"LA PAMPA";REALICO;42;133;28800
Girasol;2020/21;"LA PAMPA";REALICO;42;133;16600
Girasol;2021/22;"LA PAMPA";REALICO;42;133;39111
Girasol;2022/23;"LA PAMPA";REALICO;42;133;51000
Girasol;2023/24;"LA PAMPA";REALICO;42;133;55430
Girasol;2015/16;"LA PAMPA";TOAY;42;140;14400
Girasol;2016/17;"LA PAMPA";TOAY;42;140;12800
Girasol;2017/18;"LA PAMPA";TOAY;42;140;8400
Girasol;2018/19;"LA PAMPA";TOAY;42;140;4350
Girasol;2019/20;"LA PAMPA";TOAY;42;140;2860
Girasol;2020/21;"LA PAMPA";TOAY;42;140;3000
Girasol;2021/22;"LA PAMPA";TOAY;42;140;21232
Girasol;2022/23;"LA PAMPA";TOAY;42;140;6225
Girasol;2023/24;"LA PAMPA";TOAY;42;140;15240
Girasol;2015/16;"LA PAMPA";TRENEL;42;147;3420
Girasol;2016/17;"LA PAMPA";TRENEL;42;147;7260
Girasol;2017/18;"LA PAMPA";TRENEL;42;147;5720
Girasol;2018/19;"LA PAMPA";TRENEL;42;147;11760
Girasol;2019/20;"LA PAMPA";TRENEL;42;147;4400
Girasol;2020/21;"LA PAMPA";TRENEL;42;147;5510
Girasol;2021/22;"LA PAMPA";TRENEL;42;147;12405
Girasol;2022/23;"LA PAMPA";TRENEL;42;147;30060
Girasol;2023/24;"LA PAMPA";TRENEL;42;147;29040
Girasol;2015/16;"LA PAMPA";UTRACAN;42;154;10200
Girasol;2016/17;"LA PAMPA";UTRACAN;42;154;4800
Girasol;2017/18;"LA PAMPA";UTRACAN;42;154;4500
Girasol;2020/21;"LA PAMPA";UTRACAN;42;154;135
Girasol;2021/22;"LA PAMPA";UTRACAN;42;154;450
Girasol;2022/23;"LA PAMPA";UTRACAN;42;154;450
Girasol;2023/24;"LA PAMPA";UTRACAN;42;154;1920
Girasol;2019/20;SALTA;ANTA;66;7;847
Girasol;2020/21;SALTA;ANTA;66;7;1736
Girasol;2021/22;SALTA;ANTA;66;7;1758
Girasol;2022/23;SALTA;ANTA;66;7;1176
Girasol;2023/24;SALTA;ANTA;66;7;171
Girasol;2022/23;SALTA;CERRILLOS;66;35;26
Girasol;2023/24;SALTA;CERRILLOS;66;35;15
Girasol;2020/21;SALTA;CHICOANA;66;42;64
Girasol;2021/22;SALTA;CHICOANA;66;42;84
Girasol;2022/23;SALTA;CHICOANA;66;42;85
Girasol;2023/24;SALTA;CHICOANA;66;42;123
Girasol;2023/24;SALTA;"GENERAL JOSE DE SAN MARTIN";66;56;349
Girasol;2019/20;SALTA;METAN;66;112;480
Girasol;2020/21;SALTA;METAN;66;112;408
Girasol;2021/22;SALTA;METAN;66;112;195
Girasol;2022/23;SALTA;METAN;66;112;245
Girasol;2023/24;SALTA;METAN;66;112;150
Girasol;2022/23;SALTA;"ROSARIO DE LA FRONTERA";66;140;246
Girasol;2023/24;SALTA;"ROSARIO DE LA FRONTERA";66;140;152
Girasol;2021/22;SALTA;"ROSARIO DE LERMA";66;147;23
Girasol;2022/23;SALTA;"ROSARIO DE LERMA";66;147;35
Girasol;2015/16;"SAN LUIS";AYACUCHO;74;7;1020
Girasol;2016/17;"SAN LUIS";AYACUCHO;74;7;435
Girasol;2017/18;"SAN LUIS";AYACUCHO;74;7;640
Girasol;2018/19;"SAN LUIS";AYACUCHO;74;7;640
Girasol;2019/20;"SAN LUIS";AYACUCHO;74;7;290
Girasol;2020/21;"SAN LUIS";AYACUCHO;74;7;420
Girasol;2021/22;"SAN LUIS";AYACUCHO;74;7;640
Girasol;2022/23;"SAN LUIS";AYACUCHO;74;7;1550
Girasol;2023/24;"SAN LUIS";AYACUCHO;74;7;1215
Girasol;2015/16;"SAN LUIS";CHACABUCO;74;28;720
Girasol;2016/17;"SAN LUIS";CHACABUCO;74;28;440
Girasol;2017/18;"SAN LUIS";CHACABUCO;74;28;630
Girasol;2018/19;"SAN LUIS";CHACABUCO;74;28;570
Girasol;2019/20;"SAN LUIS";CHACABUCO;74;28;1360
Girasol;2020/21;"SAN LUIS";CHACABUCO;74;28;3060
Girasol;2021/22;"SAN LUIS";CHACABUCO;74;28;4770
Girasol;2022/23;"SAN LUIS";CHACABUCO;74;28;4590
Girasol;2023/24;"SAN LUIS";CHACABUCO;74;28;5100
Girasol;2015/16;"SAN LUIS";"CORONEL PRINGLES";74;21;3120
Girasol;2016/17;"SAN LUIS";"CORONEL PRINGLES";74;21;2300
Girasol;2017/18;"SAN LUIS";"CORONEL PRINGLES";74;21;2300
Girasol;2018/19;"SAN LUIS";"CORONEL PRINGLES";74;21;1680
Girasol;2019/20;"SAN LUIS";"CORONEL PRINGLES";74;21;900
Girasol;2020/21;"SAN LUIS";"CORONEL PRINGLES";74;21;11700
Girasol;2021/22;"SAN LUIS";"CORONEL PRINGLES";74;21;13300
Girasol;2022/23;"SAN LUIS";"CORONEL PRINGLES";74;21;15930
Girasol;2023/24;"SAN LUIS";"CORONEL PRINGLES";74;21;10800
Girasol;2015/16;"SAN LUIS";"GENERAL PEDERNERA";74;35;16250
Girasol;2016/17;"SAN LUIS";"GENERAL PEDERNERA";74;35;12100
Girasol;2017/18;"SAN LUIS";"GENERAL PEDERNERA";74;35;8550
Girasol;2018/19;"SAN LUIS";"GENERAL PEDERNERA";74;35;16000
Girasol;2019/20;"SAN LUIS";"GENERAL PEDERNERA";74;35;7560
Girasol;2020/21;"SAN LUIS";"GENERAL PEDERNERA";74;35;30685
Girasol;2021/22;"SAN LUIS";"GENERAL PEDERNERA";74;35;76000
Girasol;2022/23;"SAN LUIS";"GENERAL PEDERNERA";74;35;80240
Girasol;2023/24;"SAN LUIS";"GENERAL PEDERNERA";74;35;68400
Girasol;2015/16;"SAN LUIS";"GOBERNADOR DUPUY";74;42;2880
Girasol;2016/17;"SAN LUIS";"GOBERNADOR DUPUY";74;42;2280
Girasol;2017/18;"SAN LUIS";"GOBERNADOR DUPUY";74;42;3150
Girasol;2018/19;"SAN LUIS";"GOBERNADOR DUPUY";74;42;3060
Girasol;2019/20;"SAN LUIS";"GOBERNADOR DUPUY";74;42;17100
Girasol;2020/21;"SAN LUIS";"GOBERNADOR DUPUY";74;42;21600
Girasol;2021/22;"SAN LUIS";"GOBERNADOR DUPUY";74;42;42500
Girasol;2022/23;"SAN LUIS";"GOBERNADOR DUPUY";74;42;40800
Girasol;2023/24;"SAN LUIS";"GOBERNADOR DUPUY";74;42;20400
Girasol;2015/16;"SAN LUIS";"JUAN MARTIN DE PUEYRREDON";74;56;960
Girasol;2016/17;"SAN LUIS";"JUAN MARTIN DE PUEYRREDON";74;56;960
Girasol;2017/18;"SAN LUIS";"JUAN MARTIN DE PUEYRREDON";74;56;840
Girasol;2018/19;"SAN LUIS";"JUAN MARTIN DE PUEYRREDON";74;56;840
Girasol;2019/20;"SAN LUIS";"JUAN MARTIN DE PUEYRREDON";74;56;540
Girasol;2020/21;"SAN LUIS";"JUAN MARTIN DE PUEYRREDON";74;56;11900
Girasol;2021/22;"SAN LUIS";"JUAN MARTIN DE PUEYRREDON";74;56;13140
Girasol;2022/23;"SAN LUIS";"JUAN MARTIN DE PUEYRREDON";74;56;19200
Girasol;2023/24;"SAN LUIS";"JUAN MARTIN DE PUEYRREDON";74;56;7200
Girasol;2021/22;"SAN LUIS";JUNIN;74;49;1320
Girasol;2022/23;"SAN LUIS";JUNIN;74;49;1440
Girasol;2023/24;"SAN LUIS";JUNIN;74;49;1430
Girasol;2020/21;"SAN LUIS";"LIBERTADOR GENERAL SAN MARTIN";74;63;345
Girasol;2021/22;"SAN LUIS";"LIBERTADOR GENERAL SAN MARTIN";74;63;1955
Girasol;2022/23;"SAN LUIS";"LIBERTADOR GENERAL SAN MARTIN";74;63;1360
Girasol;2023/24;"SAN LUIS";"LIBERTADOR GENERAL SAN MARTIN";74;63;595
Girasol;2015/16;"SANTA FE";"9 DE JULIO";82;77;21600
Girasol;2016/17;"SANTA FE";"9 DE JULIO";82;77;56000
Girasol;2017/18;"SANTA FE";"9 DE JULIO";82;77;67600
Girasol;2018/19;"SANTA FE";"9 DE JULIO";82;77;57960
Girasol;2019/20;"SANTA FE";"9 DE JULIO";82;77;51230
Girasol;2020/21;"SANTA FE";"9 DE JULIO";82;77;52440
Girasol;2021/22;"SANTA FE";"9 DE JULIO";82;77;18500
Girasol;2022/23;"SANTA FE";"9 DE JULIO";82;77;88000
Girasol;2023/24;"SANTA FE";"9 DE JULIO";82;77;43560
Girasol;2017/18;"SANTA FE";BELGRANO;82;7;1680
Girasol;2018/19;"SANTA FE";BELGRANO;82;7;800
Girasol;2020/21;"SANTA FE";BELGRANO;82;7;1200
Girasol;2022/23;"SANTA FE";BELGRANO;82;7;711
Girasol;2023/24;"SANTA FE";BELGRANO;82;7;900
Girasol;2021/22;"SANTA FE";CASEROS;82;14;1250
Girasol;2022/23;"SANTA FE";CASEROS;82;14;5250
Girasol;2023/24;"SANTA FE";CASEROS;82;14;7020
Girasol;2015/16;"SANTA FE";CASTELLANOS;82;21;4600
Girasol;2016/17;"SANTA FE";CASTELLANOS;82;21;20670
Girasol;2017/18;"SANTA FE";CASTELLANOS;82;21;43164
Girasol;2018/19;"SANTA FE";CASTELLANOS;82;21;30734
Girasol;2019/20;"SANTA FE";CASTELLANOS;82;21;16440
Girasol;2020/21;"SANTA FE";CASTELLANOS;82;21;17600
Girasol;2021/22;"SANTA FE";CASTELLANOS;82;21;33900
Girasol;2022/23;"SANTA FE";CASTELLANOS;82;21;34940
Girasol;2023/24;"SANTA FE";CASTELLANOS;82;21;14640
Girasol;2021/22;"SANTA FE";CONSTITUCION;82;28;1210
Girasol;2022/23;"SANTA FE";CONSTITUCION;82;28;2100
Girasol;2023/24;"SANTA FE";CONSTITUCION;82;28;3500
Girasol;2021/22;"SANTA FE";GARAY;82;35;416
Girasol;2022/23;"SANTA FE";GARAY;82;35;525
Girasol;2023/24;"SANTA FE";GARAY;82;35;440
Girasol;2015/16;"SANTA FE";"GENERAL LOPEZ";82;42;1260
Girasol;2016/17;"SANTA FE";"GENERAL LOPEZ";82;42;1260
Girasol;2017/18;"SANTA FE";"GENERAL LOPEZ";82;42;1600
Girasol;2018/19;"SANTA FE";"GENERAL LOPEZ";82;42;840
Girasol;2019/20;"SANTA FE";"GENERAL LOPEZ";82;42;600
Girasol;2020/21;"SANTA FE";"GENERAL LOPEZ";82;42;870
Girasol;2021/22;"SANTA FE";"GENERAL LOPEZ";82;42;1960
Girasol;2022/23;"SANTA FE";"GENERAL LOPEZ";82;42;3900
Girasol;2023/24;"SANTA FE";"GENERAL LOPEZ";82;42;2970
Girasol;2015/16;"SANTA FE";"GENERAL OBLIGADO";82;49;108800
Girasol;2016/17;"SANTA FE";"GENERAL OBLIGADO";82;49;93280
Girasol;2017/18;"SANTA FE";"GENERAL OBLIGADO";82;49;144000
Girasol;2018/19;"SANTA FE";"GENERAL OBLIGADO";82;49;141600
Girasol;2019/20;"SANTA FE";"GENERAL OBLIGADO";82;49;160185
Girasol;2020/21;"SANTA FE";"GENERAL OBLIGADO";82;49;99600
Girasol;2021/22;"SANTA FE";"GENERAL OBLIGADO";82;49;141750
Girasol;2022/23;"SANTA FE";"GENERAL OBLIGADO";82;49;93500
Girasol;2023/24;"SANTA FE";"GENERAL OBLIGADO";82;49;86970
Girasol;2022/23;"SANTA FE";IRIONDO;82;56;3099
Girasol;2023/24;"SANTA FE";IRIONDO;82;56;3000
Girasol;2015/16;"SANTA FE";"LA CAPITAL";82;63;7200
Girasol;2016/17;"SANTA FE";"LA CAPITAL";82;63;7680
Girasol;2017/18;"SANTA FE";"LA CAPITAL";82;63;12500
Girasol;2018/19;"SANTA FE";"LA CAPITAL";82;63;10800
Girasol;2019/20;"SANTA FE";"LA CAPITAL";82;63;5371
Girasol;2020/21;"SANTA FE";"LA CAPITAL";82;63;9120
Girasol;2021/22;"SANTA FE";"LA CAPITAL";82;63;11200
Girasol;2022/23;"SANTA FE";"LA CAPITAL";82;63;10800
Girasol;2023/24;"SANTA FE";"LA CAPITAL";82;63;2760
Girasol;2015/16;"SANTA FE";"LAS COLONIAS";82;70;8050
Girasol;2016/17;"SANTA FE";"LAS COLONIAS";82;70;31200
Girasol;2017/18;"SANTA FE";"LAS COLONIAS";82;70;38352
Girasol;2018/19;"SANTA FE";"LAS COLONIAS";82;70;37105
Girasol;2019/20;"SANTA FE";"LAS COLONIAS";82;70;4226
Girasol;2020/21;"SANTA FE";"LAS COLONIAS";82;70;15400
Girasol;2021/22;"SANTA FE";"LAS COLONIAS";82;70;48600
Girasol;2022/23;"SANTA FE";"LAS COLONIAS";82;70;72380
Girasol;2023/24;"SANTA FE";"LAS COLONIAS";82;70;18960
Girasol;2021/22;"SANTA FE";ROSARIO;82;84;380
Girasol;2022/23;"SANTA FE";ROSARIO;82;84;1500
Girasol;2023/24;"SANTA FE";ROSARIO;82;84;880
Girasol;2015/16;"SANTA FE";"SAN CRISTOBAL";82;91;33000
Girasol;2016/17;"SANTA FE";"SAN CRISTOBAL";82;91;49400
Girasol;2017/18;"SANTA FE";"SAN CRISTOBAL";82;91;59800
Girasol;2018/19;"SANTA FE";"SAN CRISTOBAL";82;91;67200
Girasol;2019/20;"SANTA FE";"SAN CRISTOBAL";82;91;96442
Girasol;2020/21;"SANTA FE";"SAN CRISTOBAL";82;91;103000
Girasol;2021/22;"SANTA FE";"SAN CRISTOBAL";82;91;122640
Girasol;2022/23;"SANTA FE";"SAN CRISTOBAL";82;91;152626
Girasol;2023/24;"SANTA FE";"SAN CRISTOBAL";82;91;42240
Girasol;2015/16;"SANTA FE";"SAN JAVIER";82;98;5600
Girasol;2016/17;"SANTA FE";"SAN JAVIER";82;98;14400
Girasol;2017/18;"SANTA FE";"SAN JAVIER";82;98;16000
Girasol;2018/19;"SANTA FE";"SAN JAVIER";82;98;15680
Girasol;2019/20;"SANTA FE";"SAN JAVIER";82;98;15680
Girasol;2020/21;"SANTA FE";"SAN JAVIER";82;98;14400
Girasol;2021/22;"SANTA FE";"SAN JAVIER";82;98;19500
Girasol;2022/23;"SANTA FE";"SAN JAVIER";82;98;19800
Girasol;2023/24;"SANTA FE";"SAN JAVIER";82;98;28000
Girasol;2015/16;"SANTA FE";"SAN JERONIMO";82;105;4760
Girasol;2016/17;"SANTA FE";"SAN JERONIMO";82;105;7040
Girasol;2017/18;"SANTA FE";"SAN JERONIMO";82;105;5390
Girasol;2018/19;"SANTA FE";"SAN JERONIMO";82;105;4860
Girasol;2019/20;"SANTA FE";"SAN JERONIMO";82;105;8100
Girasol;2020/21;"SANTA FE";"SAN JERONIMO";82;105;9100
Girasol;2021/22;"SANTA FE";"SAN JERONIMO";82;105;8400
Girasol;2022/23;"SANTA FE";"SAN JERONIMO";82;105;7236
Girasol;2023/24;"SANTA FE";"SAN JERONIMO";82;105;6000
Girasol;2015/16;"SANTA FE";"SAN JUSTO";82;112;11500
Girasol;2016/17;"SANTA FE";"SAN JUSTO";82;112;27000
Girasol;2017/18;"SANTA FE";"SAN JUSTO";82;112;38400
Girasol;2018/19;"SANTA FE";"SAN JUSTO";82;112;34000
Girasol;2019/20;"SANTA FE";"SAN JUSTO";82;112;26518
Girasol;2020/21;"SANTA FE";"SAN JUSTO";82;112;48000
Girasol;2021/22;"SANTA FE";"SAN JUSTO";82;112;50400
Girasol;2022/23;"SANTA FE";"SAN JUSTO";82;112;66680
Girasol;2023/24;"SANTA FE";"SAN JUSTO";82;112;33350
Girasol;2021/22;"SANTA FE";"SAN LORENZO";82;119;340
Girasol;2022/23;"SANTA FE";"SAN LORENZO";82;119;1650
Girasol;2023/24;"SANTA FE";"SAN LORENZO";82;119;1200
Girasol;2015/16;"SANTA FE";"SAN MARTIN";82;126;3900
Girasol;2016/17;"SANTA FE";"SAN MARTIN";82;126;7500
Girasol;2017/18;"SANTA FE";"SAN MARTIN";82;126;8470
Girasol;2018/19;"SANTA FE";"SAN MARTIN";82;126;6300
Girasol;2019/20;"SANTA FE";"SAN MARTIN";82;126;8701
Girasol;2020/21;"SANTA FE";"SAN MARTIN";82;126;10400
Girasol;2021/22;"SANTA FE";"SAN MARTIN";82;126;9100
Girasol;2022/23;"SANTA FE";"SAN MARTIN";82;126;11306
Girasol;2023/24;"SANTA FE";"SAN MARTIN";82;126;9000
Girasol;2015/16;"SANTA FE";VERA;82;133;7200
Girasol;2016/17;"SANTA FE";VERA;82;133;30800
Girasol;2017/18;"SANTA FE";VERA;82;133;37200
Girasol;2018/19;"SANTA FE";VERA;82;133;24780
Girasol;2019/20;"SANTA FE";VERA;82;133;32835
Girasol;2020/21;"SANTA FE";VERA;82;133;36800
Girasol;2021/22;"SANTA FE";VERA;82;133;35200
Girasol;2022/23;"SANTA FE";VERA;82;133;25200
Girasol;2023/24;"SANTA FE";VERA;82;133;30750
Girasol;2015/16;"SANTIAGO DEL ESTERO";AGUIRRE;86;7;700
Girasol;2016/17;"SANTIAGO DEL ESTERO";AGUIRRE;86;7;3000
Girasol;2017/18;"SANTIAGO DEL ESTERO";AGUIRRE;86;7;7200
Girasol;2018/19;"SANTIAGO DEL ESTERO";AGUIRRE;86;7;7057
Girasol;2019/20;"SANTIAGO DEL ESTERO";AGUIRRE;86;7;6060
Girasol;2021/22;"SANTIAGO DEL ESTERO";AGUIRRE;86;7;748
Girasol;2022/23;"SANTIAGO DEL ESTERO";AGUIRRE;86;7;3630
Girasol;2023/24;"SANTIAGO DEL ESTERO";AGUIRRE;86;7;400
Girasol;2015/16;"SANTIAGO DEL ESTERO";ALBERDI;86;14;2400
Girasol;2016/17;"SANTIAGO DEL ESTERO";ALBERDI;86;14;2250
Girasol;2017/18;"SANTIAGO DEL ESTERO";ALBERDI;86;14;1680
Girasol;2018/19;"SANTIAGO DEL ESTERO";ALBERDI;86;14;3417
Girasol;2019/20;"SANTIAGO DEL ESTERO";ALBERDI;86;14;6904
Girasol;2020/21;"SANTIAGO DEL ESTERO";ALBERDI;86;14;588
Girasol;2022/23;"SANTIAGO DEL ESTERO";ALBERDI;86;14;420
Girasol;2023/24;"SANTIAGO DEL ESTERO";ALBERDI;86;14;600
Girasol;2015/16;"SANTIAGO DEL ESTERO";BELGRANO;86;42;1170
Girasol;2016/17;"SANTIAGO DEL ESTERO";BELGRANO;86;42;15600
Girasol;2017/18;"SANTIAGO DEL ESTERO";BELGRANO;86;42;10560
Girasol;2018/19;"SANTIAGO DEL ESTERO";BELGRANO;86;42;79350
Girasol;2019/20;"SANTIAGO DEL ESTERO";BELGRANO;86;42;68393
Girasol;2020/21;"SANTIAGO DEL ESTERO";BELGRANO;86;42;18620
Girasol;2021/22;"SANTIAGO DEL ESTERO";BELGRANO;86;42;10455
Girasol;2022/23;"SANTIAGO DEL ESTERO";BELGRANO;86;42;27000
Girasol;2023/24;"SANTIAGO DEL ESTERO";BELGRANO;86;42;4875
Girasol;2022/23;"SANTIAGO DEL ESTERO";CAPITAL;86;49;240
Girasol;2023/24;"SANTIAGO DEL ESTERO";CAPITAL;86;49;500
Girasol;2019/20;"SANTIAGO DEL ESTERO";CHOYA;86;63;360
Girasol;2020/21;"SANTIAGO DEL ESTERO";CHOYA;86;63;300
Girasol;2021/22;"SANTIAGO DEL ESTERO";CHOYA;86;63;240
Girasol;2022/23;"SANTIAGO DEL ESTERO";CHOYA;86;63;375
Girasol;2023/24;"SANTIAGO DEL ESTERO";CHOYA;86;63;625
Girasol;2015/16;"SANTIAGO DEL ESTERO";COPO;86;56;510
Girasol;2016/17;"SANTIAGO DEL ESTERO";COPO;86;56;480
Girasol;2017/18;"SANTIAGO DEL ESTERO";COPO;86;56;420
Girasol;2022/23;"SANTIAGO DEL ESTERO";COPO;86;56;1050
Girasol;2022/23;"SANTIAGO DEL ESTERO";FIGUEROA;86;70;750
Girasol;2023/24;"SANTIAGO DEL ESTERO";FIGUEROA;86;70;1000
Girasol;2015/16;"SANTIAGO DEL ESTERO";"GENERAL TABOADA";86;77;2000
Girasol;2016/17;"SANTIAGO DEL ESTERO";"GENERAL TABOADA";86;77;30400
Girasol;2017/18;"SANTIAGO DEL ESTERO";"GENERAL TABOADA";86;77;14300
Girasol;2018/19;"SANTIAGO DEL ESTERO";"GENERAL TABOADA";86;77;83575
Girasol;2019/20;"SANTIAGO DEL ESTERO";"GENERAL TABOADA";86;77;14127
Girasol;2020/21;"SANTIAGO DEL ESTERO";"GENERAL TABOADA";86;77;13650
Girasol;2021/22;"SANTIAGO DEL ESTERO";"GENERAL TABOADA";86;77;14994
Girasol;2022/23;"SANTIAGO DEL ESTERO";"GENERAL TABOADA";86;77;12840
Girasol;2023/24;"SANTIAGO DEL ESTERO";"GENERAL TABOADA";86;77;3270
Girasol;2019/20;"SANTIAGO DEL ESTERO";GUASAYAN;86;84;170
Girasol;2020/21;"SANTIAGO DEL ESTERO";GUASAYAN;86;84;500
Girasol;2021/22;"SANTIAGO DEL ESTERO";GUASAYAN;86;84;240
Girasol;2022/23;"SANTIAGO DEL ESTERO";GUASAYAN;86;84;825
Girasol;2023/24;"SANTIAGO DEL ESTERO";GUASAYAN;86;84;1375
Girasol;2022/23;"SANTIAGO DEL ESTERO";JIMENEZ;86;91;975
Girasol;2023/24;"SANTIAGO DEL ESTERO";JIMENEZ;86;91;1625
Girasol;2015/16;"SANTIAGO DEL ESTERO";"JUAN F. IBARRA";86;98;680
Girasol;2016/17;"SANTIAGO DEL ESTERO";"JUAN F. IBARRA";86;98;6000
Girasol;2017/18;"SANTIAGO DEL ESTERO";"JUAN F. IBARRA";86;98;3750
Girasol;2018/19;"SANTIAGO DEL ESTERO";"JUAN F. IBARRA";86;98;800
Girasol;2019/20;"SANTIAGO DEL ESTERO";"JUAN F. IBARRA";86;98;4415
Girasol;2020/21;"SANTIAGO DEL ESTERO";"JUAN F. IBARRA";86;98;468
Girasol;2021/22;"SANTIAGO DEL ESTERO";"JUAN F. IBARRA";86;98;1292
Girasol;2022/23;"SANTIAGO DEL ESTERO";"JUAN F. IBARRA";86;98;2100
Girasol;2023/24;"SANTIAGO DEL ESTERO";"JUAN F. IBARRA";86;98;672
Girasol;2018/19;"SANTIAGO DEL ESTERO";MITRE;86;112;840
Girasol;2019/20;"SANTIAGO DEL ESTERO";MITRE;86;112;900
Girasol;2020/21;"SANTIAGO DEL ESTERO";MITRE;86;112;900
Girasol;2021/22;"SANTIAGO DEL ESTERO";MITRE;86;112;750
Girasol;2015/16;"SANTIAGO DEL ESTERO";MORENO;86;119;2400
Girasol;2016/17;"SANTIAGO DEL ESTERO";MORENO;86;119;11200
Girasol;2017/18;"SANTIAGO DEL ESTERO";MORENO;86;119;8160
Girasol;2018/19;"SANTIAGO DEL ESTERO";MORENO;86;119;6859
Girasol;2019/20;"SANTIAGO DEL ESTERO";MORENO;86;119;10125
Girasol;2020/21;"SANTIAGO DEL ESTERO";MORENO;86;119;3575
Girasol;2021/22;"SANTIAGO DEL ESTERO";MORENO;86;119;387
Girasol;2022/23;"SANTIAGO DEL ESTERO";MORENO;86;119;1260
Girasol;2023/24;"SANTIAGO DEL ESTERO";MORENO;86;119;1725
Girasol;2019/20;"SANTIAGO DEL ESTERO";PELLEGRINI;86;133;180
Girasol;2020/21;"SANTIAGO DEL ESTERO";PELLEGRINI;86;133;750
Girasol;2021/22;"SANTIAGO DEL ESTERO";PELLEGRINI;86;133;450
Girasol;2022/23;"SANTIAGO DEL ESTERO";PELLEGRINI;86;133;750
Girasol;2023/24;"SANTIAGO DEL ESTERO";PELLEGRINI;86;133;1250
Girasol;2022/23;"SANTIAGO DEL ESTERO";QUEBRACHOS;86;140;480
Girasol;2023/24;"SANTIAGO DEL ESTERO";QUEBRACHOS;86;140;750
Girasol;2015/16;"SANTIAGO DEL ESTERO";RIVADAVIA;86;154;440
Girasol;2016/17;"SANTIAGO DEL ESTERO";RIVADAVIA;86;154;2600
Girasol;2017/18;"SANTIAGO DEL ESTERO";RIVADAVIA;86;154;1400
Girasol;2018/19;"SANTIAGO DEL ESTERO";RIVADAVIA;86;154;40320
Girasol;2019/20;"SANTIAGO DEL ESTERO";RIVADAVIA;86;154;39827
Girasol;2020/21;"SANTIAGO DEL ESTERO";RIVADAVIA;86;154;15092
Girasol;2021/22;"SANTIAGO DEL ESTERO";RIVADAVIA;86;154;15470
Girasol;2022/23;"SANTIAGO DEL ESTERO";RIVADAVIA;86;154;18000
Girasol;2023/24;"SANTIAGO DEL ESTERO";RIVADAVIA;86;154;2790
Girasol;2020/21;TUCUMAN;BURRUYACU;90;7;155
Girasol;2021/22;TUCUMAN;BURRUYACU;90;7;155
Girasol;2022/23;TUCUMAN;BURRUYACU;90;7;160
Girasol;2023/24;TUCUMAN;BURRUYACU;90;7;138
Girasol;2020/21;TUCUMAN;"LA COCHA";90;49;150
Girasol;2021/22;TUCUMAN;"LA COCHA";90;49;150
Girasol;2022/23;TUCUMAN;"LA COCHA";90;49;100
Girasol;2023/24;TUCUMAN;"LA COCHA";90;49;115
Maíz;2015/16;"BUENOS AIRES";"25 DE MAYO";6;854;324858
Maíz;2016/17;"BUENOS AIRES";"25 DE MAYO";6;854;382700
Maíz;2017/18;"BUENOS AIRES";"25 DE MAYO";6;854;272630
Maíz;2018/19;"BUENOS AIRES";"25 DE MAYO";6;854;273921
Maíz;2019/20;"BUENOS AIRES";"25 DE MAYO";6;854;383373
Maíz;2020/21;"BUENOS AIRES";"25 DE MAYO";6;854;331666
Maíz;2021/22;"BUENOS AIRES";"25 DE MAYO";6;854;323451
Maíz;2022/23;"BUENOS AIRES";"25 DE MAYO";6;854;213072
Maíz;2023/24;"BUENOS AIRES";"25 DE MAYO";6;854;304640
Maíz;2024/25;"BUENOS AIRES";"25 DE MAYO";6;854;331679
Maíz;2015/16;"BUENOS AIRES";"9 DE JULIO";6;588;227864
Maíz;2016/17;"BUENOS AIRES";"9 DE JULIO";6;588;429400
Maíz;2017/18;"BUENOS AIRES";"9 DE JULIO";6;588;235102
Maíz;2018/19;"BUENOS AIRES";"9 DE JULIO";6;588;565457
Maíz;2019/20;"BUENOS AIRES";"9 DE JULIO";6;588;334418
Maíz;2020/21;"BUENOS AIRES";"9 DE JULIO";6;588;539532
Maíz;2021/22;"BUENOS AIRES";"9 DE JULIO";6;588;496800
Maíz;2022/23;"BUENOS AIRES";"9 DE JULIO";6;588;206800
Maíz;2023/24;"BUENOS AIRES";"9 DE JULIO";6;588;545896
Maíz;2024/25;"BUENOS AIRES";"9 DE JULIO";6;588;580550
Maíz;2015/16;"BUENOS AIRES";"ADOLFO ALSINA";6;7;24700
Maíz;2016/17;"BUENOS AIRES";"ADOLFO ALSINA";6;7;112100
Maíz;2017/18;"BUENOS AIRES";"ADOLFO ALSINA";6;7;54600
Maíz;2018/19;"BUENOS AIRES";"ADOLFO ALSINA";6;7;169200
Maíz;2019/20;"BUENOS AIRES";"ADOLFO ALSINA";6;7;125860
Maíz;2020/21;"BUENOS AIRES";"ADOLFO ALSINA";6;7;214500
Maíz;2021/22;"BUENOS AIRES";"ADOLFO ALSINA";6;7;244800
Maíz;2022/23;"BUENOS AIRES";"ADOLFO ALSINA";6;7;209000
Maíz;2023/24;"BUENOS AIRES";"ADOLFO ALSINA";6;7;260000
Maíz;2024/25;"BUENOS AIRES";"ADOLFO ALSINA";6;7;286000
Maíz;2015/16;"BUENOS AIRES";"ADOLFO GONZALES CHAVES";6;14;16915
Maíz;2016/17;"BUENOS AIRES";"ADOLFO GONZALES CHAVES";6;14;50688
Maíz;2017/18;"BUENOS AIRES";"ADOLFO GONZALES CHAVES";6;14;53979
Maíz;2018/19;"BUENOS AIRES";"ADOLFO GONZALES CHAVES";6;14;52800
Maíz;2019/20;"BUENOS AIRES";"ADOLFO GONZALES CHAVES";6;14;92800
Maíz;2020/21;"BUENOS AIRES";"ADOLFO GONZALES CHAVES";6;14;124250
Maíz;2021/22;"BUENOS AIRES";"ADOLFO GONZALES CHAVES";6;14;57339
Maíz;2022/23;"BUENOS AIRES";"ADOLFO GONZALES CHAVES";6;14;82847
Maíz;2023/24;"BUENOS AIRES";"ADOLFO GONZALES CHAVES";6;14;98487
Maíz;2024/25;"BUENOS AIRES";"ADOLFO GONZALES CHAVES";6;14;171540
Maíz;2015/16;"BUENOS AIRES";ALBERTI;6;21;113190
Maíz;2016/17;"BUENOS AIRES";ALBERTI;6;21;206998
Maíz;2017/18;"BUENOS AIRES";ALBERTI;6;21;146356
Maíz;2018/19;"BUENOS AIRES";ALBERTI;6;21;207834
Maíz;2019/20;"BUENOS AIRES";ALBERTI;6;21;207080
Maíz;2020/21;"BUENOS AIRES";ALBERTI;6;21;185364
Maíz;2021/22;"BUENOS AIRES";ALBERTI;6;21;187200
Maíz;2022/23;"BUENOS AIRES";ALBERTI;6;21;55800
Maíz;2023/24;"BUENOS AIRES";ALBERTI;6;21;235200
Maíz;2024/25;"BUENOS AIRES";ALBERTI;6;21;200600
Maíz;2015/16;"BUENOS AIRES";ARRECIFES;6;77;56364
Maíz;2016/17;"BUENOS AIRES";ARRECIFES;6;77;180960
Maíz;2017/18;"BUENOS AIRES";ARRECIFES;6;77;167791
Maíz;2018/19;"BUENOS AIRES";ARRECIFES;6;77;185900
Maíz;2019/20;"BUENOS AIRES";ARRECIFES;6;77;153317
Maíz;2020/21;"BUENOS AIRES";ARRECIFES;6;77;238065
Maíz;2021/22;"BUENOS AIRES";ARRECIFES;6;77;121500
Maíz;2022/23;"BUENOS AIRES";ARRECIFES;6;77;47086
Maíz;2023/24;"BUENOS AIRES";ARRECIFES;6;77;230094
Maíz;2024/25;"BUENOS AIRES";ARRECIFES;6;77;132000
Maíz;2015/16;"BUENOS AIRES";AYACUCHO;6;42;133444
Maíz;2016/17;"BUENOS AIRES";AYACUCHO;6;42;135240
Maíz;2017/18;"BUENOS AIRES";AYACUCHO;6;42;162500
Maíz;2018/19;"BUENOS AIRES";AYACUCHO;6;42;129745
Maíz;2019/20;"BUENOS AIRES";AYACUCHO;6;42;131600
Maíz;2020/21;"BUENOS AIRES";AYACUCHO;6;42;255750
Maíz;2021/22;"BUENOS AIRES";AYACUCHO;6;42;214200
Maíz;2022/23;"BUENOS AIRES";AYACUCHO;6;42;215500
Maíz;2023/24;"BUENOS AIRES";AYACUCHO;6;42;271050
Maíz;2024/25;"BUENOS AIRES";AYACUCHO;6;42;246500
Maíz;2015/16;"BUENOS AIRES";AZUL;6;49;96819
Maíz;2016/17;"BUENOS AIRES";AZUL;6;49;174933
Maíz;2017/18;"BUENOS AIRES";AZUL;6;49;22420
Maíz;2018/19;"BUENOS AIRES";AZUL;6;49;286500
Maíz;2019/20;"BUENOS AIRES";AZUL;6;49;277980
Maíz;2020/21;"BUENOS AIRES";AZUL;6;49;287000
Maíz;2021/22;"BUENOS AIRES";AZUL;6;49;300300
Maíz;2022/23;"BUENOS AIRES";AZUL;6;49;259812
Maíz;2023/24;"BUENOS AIRES";AZUL;6;49;281134
Maíz;2024/25;"BUENOS AIRES";AZUL;6;49;237298
Maíz;2015/16;"BUENOS AIRES";"BAHIA BLANCA";6;56;0
Maíz;2016/17;"BUENOS AIRES";"BAHIA BLANCA";6;56;4550
Maíz;2017/18;"BUENOS AIRES";"BAHIA BLANCA";6;56;SD
Maíz;2018/19;"BUENOS AIRES";"BAHIA BLANCA";6;56;0
Maíz;2019/20;"BUENOS AIRES";"BAHIA BLANCA";6;56;0
Maíz;2020/21;"BUENOS AIRES";"BAHIA BLANCA";6;56;2400
Maíz;2021/22;"BUENOS AIRES";"BAHIA BLANCA";6;56;1500
Maíz;2022/23;"BUENOS AIRES";"BAHIA BLANCA";6;56;0
Maíz;2023/24;"BUENOS AIRES";"BAHIA BLANCA";6;56;0
Maíz;2024/25;"BUENOS AIRES";"BAHIA BLANCA";6;56;0
Maíz;2015/16;"BUENOS AIRES";BALCARCE;6;63;29646
Maíz;2016/17;"BUENOS AIRES";BALCARCE;6;63;90585
Maíz;2017/18;"BUENOS AIRES";BALCARCE;6;63;295712
Maíz;2018/19;"BUENOS AIRES";BALCARCE;6;63;295800
Maíz;2019/20;"BUENOS AIRES";BALCARCE;6;63;275340
Maíz;2020/21;"BUENOS AIRES";BALCARCE;6;63;262500
Maíz;2021/22;"BUENOS AIRES";BALCARCE;6;63;321600
Maíz;2022/23;"BUENOS AIRES";BALCARCE;6;63;299913
Maíz;2023/24;"BUENOS AIRES";BALCARCE;6;63;300384
Maíz;2024/25;"BUENOS AIRES";BALCARCE;6;63;279942
Maíz;2015/16;"BUENOS AIRES";BARADERO;6;70;71682
Maíz;2016/17;"BUENOS AIRES";BARADERO;6;70;228475
Maíz;2017/18;"BUENOS AIRES";BARADERO;6;70;85519
Maíz;2018/19;"BUENOS AIRES";BARADERO;6;70;202125
Maíz;2019/20;"BUENOS AIRES";BARADERO;6;70;166960
Maíz;2020/21;"BUENOS AIRES";BARADERO;6;70;98052
Maíz;2021/22;"BUENOS AIRES";BARADERO;6;70;132660
Maíz;2022/23;"BUENOS AIRES";BARADERO;6;70;109142
Maíz;2023/24;"BUENOS AIRES";BARADERO;6;70;122758
Maíz;2024/25;"BUENOS AIRES";BARADERO;6;70;136890
Maíz;2015/16;"BUENOS AIRES";"BENITO JUAREZ";6;84;31635
Maíz;2016/17;"BUENOS AIRES";"BENITO JUAREZ";6;84;25872
Maíz;2017/18;"BUENOS AIRES";"BENITO JUAREZ";6;84;27004
Maíz;2018/19;"BUENOS AIRES";"BENITO JUAREZ";6;84;138600
Maíz;2019/20;"BUENOS AIRES";"BENITO JUAREZ";6;84;124800
Maíz;2020/21;"BUENOS AIRES";"BENITO JUAREZ";6;84;151200
Maíz;2021/22;"BUENOS AIRES";"BENITO JUAREZ";6;84;120250
Maíz;2022/23;"BUENOS AIRES";"BENITO JUAREZ";6;84;113215
Maíz;2023/24;"BUENOS AIRES";"BENITO JUAREZ";6;84;132036
Maíz;2024/25;"BUENOS AIRES";"BENITO JUAREZ";6;84;127215
Maíz;2015/16;"BUENOS AIRES";BOLIVAR;6;105;228228
Maíz;2016/17;"BUENOS AIRES";BOLIVAR;6;105;258400
Maíz;2017/18;"BUENOS AIRES";BOLIVAR;6;105;241100
Maíz;2018/19;"BUENOS AIRES";BOLIVAR;6;105;308000
Maíz;2019/20;"BUENOS AIRES";BOLIVAR;6;105;310080
Maíz;2020/21;"BUENOS AIRES";BOLIVAR;6;105;286760
Maíz;2021/22;"BUENOS AIRES";BOLIVAR;6;105;373269
Maíz;2022/23;"BUENOS AIRES";BOLIVAR;6;105;239486
Maíz;2023/24;"BUENOS AIRES";BOLIVAR;6;105;306530
Maíz;2024/25;"BUENOS AIRES";BOLIVAR;6;105;280000
Maíz;2015/16;"BUENOS AIRES";BRAGADO;6;112;192368
Maíz;2016/17;"BUENOS AIRES";BRAGADO;6;112;313830
Maíz;2017/18;"BUENOS AIRES";BRAGADO;6;112;218358
Maíz;2018/19;"BUENOS AIRES";BRAGADO;6;112;288281
Maíz;2019/20;"BUENOS AIRES";BRAGADO;6;112;285570
Maíz;2020/21;"BUENOS AIRES";BRAGADO;6;112;361593
Maíz;2021/22;"BUENOS AIRES";BRAGADO;6;112;331200
Maíz;2022/23;"BUENOS AIRES";BRAGADO;6;112;105350
Maíz;2023/24;"BUENOS AIRES";BRAGADO;6;112;303328
Maíz;2024/25;"BUENOS AIRES";BRAGADO;6;112;319175
Maíz;2015/16;"BUENOS AIRES";BRANDSEN;6;119;8520
Maíz;2016/17;"BUENOS AIRES";BRANDSEN;6;119;10625
Maíz;2017/18;"BUENOS AIRES";BRANDSEN;6;119;7280
Maíz;2018/19;"BUENOS AIRES";BRANDSEN;6;119;4250
Maíz;2019/20;"BUENOS AIRES";BRANDSEN;6;119;4800
Maíz;2020/21;"BUENOS AIRES";BRANDSEN;6;119;4620
Maíz;2021/22;"BUENOS AIRES";BRANDSEN;6;119;3900
Maíz;2022/23;"BUENOS AIRES";BRANDSEN;6;119;1925
Maíz;2023/24;"BUENOS AIRES";BRANDSEN;6;119;4446
Maíz;2024/25;"BUENOS AIRES";BRANDSEN;6;119;3990
Maíz;2015/16;"BUENOS AIRES";CAMPANA;6;126;19380
Maíz;2016/17;"BUENOS AIRES";CAMPANA;6;126;27160
Maíz;2017/18;"BUENOS AIRES";CAMPANA;6;126;22500
Maíz;2018/19;"BUENOS AIRES";CAMPANA;6;126;33000
Maíz;2019/20;"BUENOS AIRES";CAMPANA;6;126;25200
Maíz;2020/21;"BUENOS AIRES";CAMPANA;6;126;22042
Maíz;2021/22;"BUENOS AIRES";CAMPANA;6;126;8159
Maíz;2022/23;"BUENOS AIRES";CAMPANA;6;126;3675
Maíz;2023/24;"BUENOS AIRES";CAMPANA;6;126;19360
Maíz;2024/25;"BUENOS AIRES";CAMPANA;6;126;17600
Maíz;2015/16;"BUENOS AIRES";CANUELAS;6;134;21316
Maíz;2016/17;"BUENOS AIRES";CANUELAS;6;134;34710
Maíz;2017/18;"BUENOS AIRES";CANUELAS;6;134;22816
Maíz;2018/19;"BUENOS AIRES";CANUELAS;6;134;30260
Maíz;2019/20;"BUENOS AIRES";CANUELAS;6;134;12800
Maíz;2020/21;"BUENOS AIRES";CANUELAS;6;134;12798
Maíz;2021/22;"BUENOS AIRES";CANUELAS;6;134;11016
Maíz;2022/23;"BUENOS AIRES";CANUELAS;6;134;6875
Maíz;2023/24;"BUENOS AIRES";CANUELAS;6;134;18330
Maíz;2024/25;"BUENOS AIRES";CANUELAS;6;134;16450
Maíz;2015/16;"BUENOS AIRES";"CAPITAN SARMIENTO";6;140;31920
Maíz;2016/17;"BUENOS AIRES";"CAPITAN SARMIENTO";6;140;103500
Maíz;2017/18;"BUENOS AIRES";"CAPITAN SARMIENTO";6;140;45051
Maíz;2018/19;"BUENOS AIRES";"CAPITAN SARMIENTO";6;140;76450
Maíz;2019/20;"BUENOS AIRES";"CAPITAN SARMIENTO";6;140;76954
Maíz;2020/21;"BUENOS AIRES";"CAPITAN SARMIENTO";6;140;69103
Maíz;2021/22;"BUENOS AIRES";"CAPITAN SARMIENTO";6;140;57834
Maíz;2022/23;"BUENOS AIRES";"CAPITAN SARMIENTO";6;140;30485
Maíz;2023/24;"BUENOS AIRES";"CAPITAN SARMIENTO";6;140;71583
Maíz;2024/25;"BUENOS AIRES";"CAPITAN SARMIENTO";6;140;63990
Maíz;2015/16;"BUENOS AIRES";"CARLOS CASARES";6;147;200685
Maíz;2016/17;"BUENOS AIRES";"CARLOS CASARES";6;147;271040
Maíz;2017/18;"BUENOS AIRES";"CARLOS CASARES";6;147;204802
Maíz;2018/19;"BUENOS AIRES";"CARLOS CASARES";6;147;258704
Maíz;2019/20;"BUENOS AIRES";"CARLOS CASARES";6;147;317133
Maíz;2020/21;"BUENOS AIRES";"CARLOS CASARES";6;147;261450
Maíz;2021/22;"BUENOS AIRES";"CARLOS CASARES";6;147;234634
Maíz;2022/23;"BUENOS AIRES";"CARLOS CASARES";6;147;17160
Maíz;2023/24;"BUENOS AIRES";"CARLOS CASARES";6;147;233956
Maíz;2024/25;"BUENOS AIRES";"CARLOS CASARES";6;147;262523
Maíz;2015/16;"BUENOS AIRES";"CARLOS TEJEDOR";6;154;176064
Maíz;2016/17;"BUENOS AIRES";"CARLOS TEJEDOR";6;154;205840
Maíz;2017/18;"BUENOS AIRES";"CARLOS TEJEDOR";6;154;182852
Maíz;2018/19;"BUENOS AIRES";"CARLOS TEJEDOR";6;154;273102
Maíz;2019/20;"BUENOS AIRES";"CARLOS TEJEDOR";6;154;350192
Maíz;2020/21;"BUENOS AIRES";"CARLOS TEJEDOR";6;154;207900
Maíz;2021/22;"BUENOS AIRES";"CARLOS TEJEDOR";6;154;364300
Maíz;2022/23;"BUENOS AIRES";"CARLOS TEJEDOR";6;154;231550
Maíz;2023/24;"BUENOS AIRES";"CARLOS TEJEDOR";6;154;314692
Maíz;2024/25;"BUENOS AIRES";"CARLOS TEJEDOR";6;154;325852
Maíz;2015/16;"BUENOS AIRES";"CARMEN DE ARECO";6;161;71544
Maíz;2016/17;"BUENOS AIRES";"CARMEN DE ARECO";6;161;108480
Maíz;2017/18;"BUENOS AIRES";"CARMEN DE ARECO";6;161;112398
Maíz;2018/19;"BUENOS AIRES";"CARMEN DE ARECO";6;161;135800
Maíz;2019/20;"BUENOS AIRES";"CARMEN DE ARECO";6;161;133320
Maíz;2020/21;"BUENOS AIRES";"CARMEN DE ARECO";6;161;135360
Maíz;2021/22;"BUENOS AIRES";"CARMEN DE ARECO";6;161;133840
Maíz;2022/23;"BUENOS AIRES";"CARMEN DE ARECO";6;161;85000
Maíz;2023/24;"BUENOS AIRES";"CARMEN DE ARECO";6;161;166500
Maíz;2024/25;"BUENOS AIRES";"CARMEN DE ARECO";6;161;122400
Maíz;2015/16;"BUENOS AIRES";CASTELLI;6;168;74412
Maíz;2016/17;"BUENOS AIRES";CASTELLI;6;168;72891
Maíz;2017/18;"BUENOS AIRES";CASTELLI;6;168;73320
Maíz;2018/19;"BUENOS AIRES";CASTELLI;6;168;23240
Maíz;2019/20;"BUENOS AIRES";CASTELLI;6;168;41040
Maíz;2020/21;"BUENOS AIRES";CASTELLI;6;168;21840
Maíz;2021/22;"BUENOS AIRES";CASTELLI;6;168;21000
Maíz;2022/23;"BUENOS AIRES";CASTELLI;6;168;12000
Maíz;2023/24;"BUENOS AIRES";CASTELLI;6;168;20000
Maíz;2024/25;"BUENOS AIRES";CASTELLI;6;168;22000
Maíz;2015/16;"BUENOS AIRES";CHACABUCO;6;210;174515
Maíz;2016/17;"BUENOS AIRES";CHACABUCO;6;210;373380
Maíz;2017/18;"BUENOS AIRES";CHACABUCO;6;210;240119
Maíz;2018/19;"BUENOS AIRES";CHACABUCO;6;210;357000
Maíz;2019/20;"BUENOS AIRES";CHACABUCO;6;210;356960
Maíz;2020/21;"BUENOS AIRES";CHACABUCO;6;210;322500
Maíz;2021/22;"BUENOS AIRES";CHACABUCO;6;210;301750
Maíz;2022/23;"BUENOS AIRES";CHACABUCO;6;210;204000
Maíz;2023/24;"BUENOS AIRES";CHACABUCO;6;210;320000
Maíz;2024/25;"BUENOS AIRES";CHACABUCO;6;210;244800
Maíz;2015/16;"BUENOS AIRES";CHASCOMUS;6;217;43575
Maíz;2016/17;"BUENOS AIRES";CHASCOMUS;6;217;53710
Maíz;2017/18;"BUENOS AIRES";CHASCOMUS;6;217;64592
Maíz;2018/19;"BUENOS AIRES";CHASCOMUS;6;217;59500
Maíz;2019/20;"BUENOS AIRES";CHASCOMUS;6;217;84080
Maíz;2020/21;"BUENOS AIRES";CHASCOMUS;6;217;84726
Maíz;2021/22;"BUENOS AIRES";CHASCOMUS;6;217;41720
Maíz;2022/23;"BUENOS AIRES";CHASCOMUS;6;217;44048
Maíz;2023/24;"BUENOS AIRES";CHASCOMUS;6;217;91877
Maíz;2024/25;"BUENOS AIRES";CHASCOMUS;6;217;53200
Maíz;2015/16;"BUENOS AIRES";CHIVILCOY;6;224;174064
Maíz;2016/17;"BUENOS AIRES";CHIVILCOY;6;224;312550
Maíz;2017/18;"BUENOS AIRES";CHIVILCOY;6;224;202909
Maíz;2018/19;"BUENOS AIRES";CHIVILCOY;6;224;246688
Maíz;2019/20;"BUENOS AIRES";CHIVILCOY;6;224;241315
Maíz;2020/21;"BUENOS AIRES";CHIVILCOY;6;224;278856
Maíz;2021/22;"BUENOS AIRES";CHIVILCOY;6;224;243000
Maíz;2022/23;"BUENOS AIRES";CHIVILCOY;6;224;50700
Maíz;2023/24;"BUENOS AIRES";CHIVILCOY;6;224;280288
Maíz;2024/25;"BUENOS AIRES";CHIVILCOY;6;224;240800
Maíz;2015/16;"BUENOS AIRES";COLON;6;175;74534
Maíz;2016/17;"BUENOS AIRES";COLON;6;175;205800
Maíz;2017/18;"BUENOS AIRES";COLON;6;175;135357
Maíz;2018/19;"BUENOS AIRES";COLON;6;175;155375
Maíz;2019/20;"BUENOS AIRES";COLON;6;175;156078
Maíz;2020/21;"BUENOS AIRES";COLON;6;175;145304
Maíz;2021/22;"BUENOS AIRES";COLON;6;175;138750
Maíz;2022/23;"BUENOS AIRES";COLON;6;175;49455
Maíz;2023/24;"BUENOS AIRES";COLON;6;175;160196
Maíz;2024/25;"BUENOS AIRES";COLON;6;175;139810
Maíz;2015/16;"BUENOS AIRES";"CORONEL DE MARINA L ROSALES";6;182;0
Maíz;2016/17;"BUENOS AIRES";"CORONEL DE MARINA L ROSALES";6;182;6300
Maíz;2017/18;"BUENOS AIRES";"CORONEL DE MARINA L ROSALES";6;182;2160
Maíz;2018/19;"BUENOS AIRES";"CORONEL DE MARINA L ROSALES";6;182;1360
Maíz;2019/20;"BUENOS AIRES";"CORONEL DE MARINA L ROSALES";6;182;1400
Maíz;2020/21;"BUENOS AIRES";"CORONEL DE MARINA L ROSALES";6;182;2800
Maíz;2021/22;"BUENOS AIRES";"CORONEL DE MARINA L ROSALES";6;182;9500
Maíz;2022/23;"BUENOS AIRES";"CORONEL DE MARINA L ROSALES";6;182;5250
Maíz;2023/24;"BUENOS AIRES";"CORONEL DE MARINA L ROSALES";6;182;4500
Maíz;2024/25;"BUENOS AIRES";"CORONEL DE MARINA L ROSALES";6;182;5025
Maíz;2015/16;"BUENOS AIRES";"CORONEL DORREGO";6;189;173740
Maíz;2016/17;"BUENOS AIRES";"CORONEL DORREGO";6;189;184830
Maíz;2017/18;"BUENOS AIRES";"CORONEL DORREGO";6;189;173734
Maíz;2018/19;"BUENOS AIRES";"CORONEL DORREGO";6;189;244000
Maíz;2019/20;"BUENOS AIRES";"CORONEL DORREGO";6;189;66000
Maíz;2020/21;"BUENOS AIRES";"CORONEL DORREGO";6;189;164025
Maíz;2021/22;"BUENOS AIRES";"CORONEL DORREGO";6;189;147322
Maíz;2022/23;"BUENOS AIRES";"CORONEL DORREGO";6;189;216392
Maíz;2023/24;"BUENOS AIRES";"CORONEL DORREGO";6;189;95978
Maíz;2024/25;"BUENOS AIRES";"CORONEL DORREGO";6;189;291290
Maíz;2015/16;"BUENOS AIRES";"CORONEL PRINGLES";6;196;99918
Maíz;2016/17;"BUENOS AIRES";"CORONEL PRINGLES";6;196;58504
Maíz;2017/18;"BUENOS AIRES";"CORONEL PRINGLES";6;196;132394
Maíz;2018/19;"BUENOS AIRES";"CORONEL PRINGLES";6;196;99000
Maíz;2019/20;"BUENOS AIRES";"CORONEL PRINGLES";6;196;58000
Maíz;2020/21;"BUENOS AIRES";"CORONEL PRINGLES";6;196;69000
Maíz;2021/22;"BUENOS AIRES";"CORONEL PRINGLES";6;196;59427
Maíz;2022/23;"BUENOS AIRES";"CORONEL PRINGLES";6;196;90177
Maíz;2023/24;"BUENOS AIRES";"CORONEL PRINGLES";6;196;52040
Maíz;2024/25;"BUENOS AIRES";"CORONEL PRINGLES";6;196;150590
Maíz;2015/16;"BUENOS AIRES";"CORONEL SUAREZ";6;203;153120
Maíz;2016/17;"BUENOS AIRES";"CORONEL SUAREZ";6;203;151250
Maíz;2017/18;"BUENOS AIRES";"CORONEL SUAREZ";6;203;132600
Maíz;2018/19;"BUENOS AIRES";"CORONEL SUAREZ";6;203;93000
Maíz;2019/20;"BUENOS AIRES";"CORONEL SUAREZ";6;203;223676
Maíz;2020/21;"BUENOS AIRES";"CORONEL SUAREZ";6;203;134600
Maíz;2021/22;"BUENOS AIRES";"CORONEL SUAREZ";6;203;232240
Maíz;2022/23;"BUENOS AIRES";"CORONEL SUAREZ";6;203;225000
Maíz;2023/24;"BUENOS AIRES";"CORONEL SUAREZ";6;203;153600
Maíz;2024/25;"BUENOS AIRES";"CORONEL SUAREZ";6;203;476000
Maíz;2015/16;"BUENOS AIRES";DAIREAUX;6;231;253022
Maíz;2016/17;"BUENOS AIRES";DAIREAUX;6;231;273600
Maíz;2017/18;"BUENOS AIRES";DAIREAUX;6;231;227600
Maíz;2018/19;"BUENOS AIRES";DAIREAUX;6;231;281600
Maíz;2019/20;"BUENOS AIRES";DAIREAUX;6;231;240920
Maíz;2020/21;"BUENOS AIRES";DAIREAUX;6;231;298900
Maíz;2021/22;"BUENOS AIRES";DAIREAUX;6;231;343980
Maíz;2022/23;"BUENOS AIRES";DAIREAUX;6;231;184371
Maíz;2023/24;"BUENOS AIRES";DAIREAUX;6;231;290675
Maíz;2024/25;"BUENOS AIRES";DAIREAUX;6;231;266000
Maíz;2015/16;"BUENOS AIRES";DOLORES;6;238;10017
Maíz;2016/17;"BUENOS AIRES";DOLORES;6;238;6402
Maíz;2017/18;"BUENOS AIRES";DOLORES;6;238;15360
Maíz;2018/19;"BUENOS AIRES";DOLORES;6;238;3339
Maíz;2019/20;"BUENOS AIRES";DOLORES;6;238;6175
Maíz;2020/21;"BUENOS AIRES";DOLORES;6;238;0
Maíz;2021/22;"BUENOS AIRES";DOLORES;6;238;0
Maíz;2022/23;"BUENOS AIRES";DOLORES;6;238;0
Maíz;2023/24;"BUENOS AIRES";DOLORES;6;238;11000
Maíz;2024/25;"BUENOS AIRES";DOLORES;6;238;11000
Maíz;2015/16;"BUENOS AIRES";"EXALTACION DE LA CRUZ";6;266;18330
Maíz;2016/17;"BUENOS AIRES";"EXALTACION DE LA CRUZ";6;266;24440
Maíz;2017/18;"BUENOS AIRES";"EXALTACION DE LA CRUZ";6;266;21375
Maíz;2018/19;"BUENOS AIRES";"EXALTACION DE LA CRUZ";6;266;32400
Maíz;2019/20;"BUENOS AIRES";"EXALTACION DE LA CRUZ";6;266;25800
Maíz;2020/21;"BUENOS AIRES";"EXALTACION DE LA CRUZ";6;266;20664
Maíz;2021/22;"BUENOS AIRES";"EXALTACION DE LA CRUZ";6;266;34935
Maíz;2022/23;"BUENOS AIRES";"EXALTACION DE LA CRUZ";6;266;17250
Maíz;2023/24;"BUENOS AIRES";"EXALTACION DE LA CRUZ";6;266;37380
Maíz;2024/25;"BUENOS AIRES";"EXALTACION DE LA CRUZ";6;266;33600
Maíz;2015/16;"BUENOS AIRES";"FLORENTINO AMEGHINO";6;277;222656
Maíz;2016/17;"BUENOS AIRES";"FLORENTINO AMEGHINO";6;277;93214
Maíz;2017/18;"BUENOS AIRES";"FLORENTINO AMEGHINO";6;277;223329
Maíz;2018/19;"BUENOS AIRES";"FLORENTINO AMEGHINO";6;277;253031
Maíz;2019/20;"BUENOS AIRES";"FLORENTINO AMEGHINO";6;277;164165
Maíz;2020/21;"BUENOS AIRES";"FLORENTINO AMEGHINO";6;277;157250
Maíz;2021/22;"BUENOS AIRES";"FLORENTINO AMEGHINO";6;277;142450
Maíz;2022/23;"BUENOS AIRES";"FLORENTINO AMEGHINO";6;277;94366
Maíz;2023/24;"BUENOS AIRES";"FLORENTINO AMEGHINO";6;277;176400
Maíz;2024/25;"BUENOS AIRES";"FLORENTINO AMEGHINO";6;277;132600
Maíz;2015/16;"BUENOS AIRES";"GENERAL ALVARADO";6;280;20126
Maíz;2016/17;"BUENOS AIRES";"GENERAL ALVARADO";6;280;3886
Maíz;2017/18;"BUENOS AIRES";"GENERAL ALVARADO";6;280;110622
Maíz;2018/19;"BUENOS AIRES";"GENERAL ALVARADO";6;280;153990
Maíz;2019/20;"BUENOS AIRES";"GENERAL ALVARADO";6;280;141300
Maíz;2020/21;"BUENOS AIRES";"GENERAL ALVARADO";6;280;166500
Maíz;2021/22;"BUENOS AIRES";"GENERAL ALVARADO";6;280;128700
Maíz;2022/23;"BUENOS AIRES";"GENERAL ALVARADO";6;280;123293
Maíz;2023/24;"BUENOS AIRES";"GENERAL ALVARADO";6;280;145817
Maíz;2024/25;"BUENOS AIRES";"GENERAL ALVARADO";6;280;144725
Maíz;2015/16;"BUENOS AIRES";"GENERAL ALVEAR";6;287;65208
Maíz;2016/17;"BUENOS AIRES";"GENERAL ALVEAR";6;287;88000
Maíz;2017/18;"BUENOS AIRES";"GENERAL ALVEAR";6;287;45450
Maíz;2018/19;"BUENOS AIRES";"GENERAL ALVEAR";6;287;46800
Maíz;2019/20;"BUENOS AIRES";"GENERAL ALVEAR";6;287;45600
Maíz;2020/21;"BUENOS AIRES";"GENERAL ALVEAR";6;287;120640
Maíz;2021/22;"BUENOS AIRES";"GENERAL ALVEAR";6;287;100300
Maíz;2022/23;"BUENOS AIRES";"GENERAL ALVEAR";6;287;99622
Maíz;2023/24;"BUENOS AIRES";"GENERAL ALVEAR";6;287;132503
Maíz;2024/25;"BUENOS AIRES";"GENERAL ALVEAR";6;287;122850
Maíz;2015/16;"BUENOS AIRES";"GENERAL ARENALES";6;294;146412
Maíz;2016/17;"BUENOS AIRES";"GENERAL ARENALES";6;294;183260
Maíz;2017/18;"BUENOS AIRES";"GENERAL ARENALES";6;294;198815
Maíz;2018/19;"BUENOS AIRES";"GENERAL ARENALES";6;294;263000
Maíz;2019/20;"BUENOS AIRES";"GENERAL ARENALES";6;294;271755
Maíz;2020/21;"BUENOS AIRES";"GENERAL ARENALES";6;294;229600
Maíz;2021/22;"BUENOS AIRES";"GENERAL ARENALES";6;294;228360
Maíz;2022/23;"BUENOS AIRES";"GENERAL ARENALES";6;294;157250
Maíz;2023/24;"BUENOS AIRES";"GENERAL ARENALES";6;294;300000
Maíz;2024/25;"BUENOS AIRES";"GENERAL ARENALES";6;294;198900
Maíz;2015/16;"BUENOS AIRES";"GENERAL BELGRANO";6;301;14359
Maíz;2016/17;"BUENOS AIRES";"GENERAL BELGRANO";6;301;14620
Maíz;2017/18;"BUENOS AIRES";"GENERAL BELGRANO";6;301;55031
Maíz;2018/19;"BUENOS AIRES";"GENERAL BELGRANO";6;301;78024
Maíz;2019/20;"BUENOS AIRES";"GENERAL BELGRANO";6;301;110667
Maíz;2020/21;"BUENOS AIRES";"GENERAL BELGRANO";6;301;86934
Maíz;2021/22;"BUENOS AIRES";"GENERAL BELGRANO";6;301;83123
Maíz;2022/23;"BUENOS AIRES";"GENERAL BELGRANO";6;301;59120
Maíz;2023/24;"BUENOS AIRES";"GENERAL BELGRANO";6;301;85298
Maíz;2024/25;"BUENOS AIRES";"GENERAL BELGRANO";6;301;78900
Maíz;2015/16;"BUENOS AIRES";"GENERAL GUIDO";6;308;40920
Maíz;2016/17;"BUENOS AIRES";"GENERAL GUIDO";6;308;20010
Maíz;2017/18;"BUENOS AIRES";"GENERAL GUIDO";6;308;34204
Maíz;2018/19;"BUENOS AIRES";"GENERAL GUIDO";6;308;36475
Maíz;2019/20;"BUENOS AIRES";"GENERAL GUIDO";6;308;24500
Maíz;2020/21;"BUENOS AIRES";"GENERAL GUIDO";6;308;38760
Maíz;2021/22;"BUENOS AIRES";"GENERAL GUIDO";6;308;21450
Maíz;2022/23;"BUENOS AIRES";"GENERAL GUIDO";6;308;16800
Maíz;2023/24;"BUENOS AIRES";"GENERAL GUIDO";6;308;27500
Maíz;2024/25;"BUENOS AIRES";"GENERAL GUIDO";6;308;30000
Maíz;2015/16;"BUENOS AIRES";"GENERAL JUAN MADARIAGA";6;315;109868
Maíz;2016/17;"BUENOS AIRES";"GENERAL JUAN MADARIAGA";6;315;122512
Maíz;2017/18;"BUENOS AIRES";"GENERAL JUAN MADARIAGA";6;315;167200
Maíz;2018/19;"BUENOS AIRES";"GENERAL JUAN MADARIAGA";6;315;161319
Maíz;2019/20;"BUENOS AIRES";"GENERAL JUAN MADARIAGA";6;315;99220
Maíz;2020/21;"BUENOS AIRES";"GENERAL JUAN MADARIAGA";6;315;128350
Maíz;2021/22;"BUENOS AIRES";"GENERAL JUAN MADARIAGA";6;315;98280
Maíz;2022/23;"BUENOS AIRES";"GENERAL JUAN MADARIAGA";6;315;116000
Maíz;2023/24;"BUENOS AIRES";"GENERAL JUAN MADARIAGA";6;315;117300
Maíz;2024/25;"BUENOS AIRES";"GENERAL JUAN MADARIAGA";6;315;115600
Maíz;2015/16;"BUENOS AIRES";"GENERAL LA MADRID";6;322;58560
Maíz;2016/17;"BUENOS AIRES";"GENERAL LA MADRID";6;322;86900
Maíz;2017/18;"BUENOS AIRES";"GENERAL LA MADRID";6;322;95200
Maíz;2018/19;"BUENOS AIRES";"GENERAL LA MADRID";6;322;80300
Maíz;2019/20;"BUENOS AIRES";"GENERAL LA MADRID";6;322;94250
Maíz;2020/21;"BUENOS AIRES";"GENERAL LA MADRID";6;322;156600
Maíz;2021/22;"BUENOS AIRES";"GENERAL LA MADRID";6;322;260806
Maíz;2022/23;"BUENOS AIRES";"GENERAL LA MADRID";6;322;189000
Maíz;2023/24;"BUENOS AIRES";"GENERAL LA MADRID";6;322;128700
Maíz;2024/25;"BUENOS AIRES";"GENERAL LA MADRID";6;322;150000
Maíz;2015/16;"BUENOS AIRES";"GENERAL LAS HERAS";6;329;418
Maíz;2016/17;"BUENOS AIRES";"GENERAL LAS HERAS";6;329;3280
Maíz;2017/18;"BUENOS AIRES";"GENERAL LAS HERAS";6;329;2178
Maíz;2018/19;"BUENOS AIRES";"GENERAL LAS HERAS";6;329;2380
Maíz;2019/20;"BUENOS AIRES";"GENERAL LAS HERAS";6;329;2400
Maíz;2020/21;"BUENOS AIRES";"GENERAL LAS HERAS";6;329;2352
Maíz;2021/22;"BUENOS AIRES";"GENERAL LAS HERAS";6;329;1080
Maíz;2022/23;"BUENOS AIRES";"GENERAL LAS HERAS";6;329;275
Maíz;2023/24;"BUENOS AIRES";"GENERAL LAS HERAS";6;329;7931
Maíz;2024/25;"BUENOS AIRES";"GENERAL LAS HERAS";6;329;7107
Maíz;2015/16;"BUENOS AIRES";"GENERAL LAVALLE";6;336;4794
Maíz;2016/17;"BUENOS AIRES";"GENERAL LAVALLE";6;336;6745
Maíz;2017/18;"BUENOS AIRES";"GENERAL LAVALLE";6;336;7140
Maíz;2018/19;"BUENOS AIRES";"GENERAL LAVALLE";6;336;6342
Maíz;2019/20;"BUENOS AIRES";"GENERAL LAVALLE";6;336;1400
Maíz;2020/21;"BUENOS AIRES";"GENERAL LAVALLE";6;336;1300
Maíz;2021/22;"BUENOS AIRES";"GENERAL LAVALLE";6;336;1200
Maíz;2022/23;"BUENOS AIRES";"GENERAL LAVALLE";6;336;0
Maíz;2023/24;"BUENOS AIRES";"GENERAL LAVALLE";6;336;2500
Maíz;2024/25;"BUENOS AIRES";"GENERAL LAVALLE";6;336;1160
Maíz;2015/16;"BUENOS AIRES";"GENERAL PAZ";6;343;5513
Maíz;2016/17;"BUENOS AIRES";"GENERAL PAZ";6;343;10540
Maíz;2017/18;"BUENOS AIRES";"GENERAL PAZ";6;343;8142
Maíz;2018/19;"BUENOS AIRES";"GENERAL PAZ";6;343;9180
Maíz;2019/20;"BUENOS AIRES";"GENERAL PAZ";6;343;40800
Maíz;2020/21;"BUENOS AIRES";"GENERAL PAZ";6;343;39780
Maíz;2021/22;"BUENOS AIRES";"GENERAL PAZ";6;343;21700
Maíz;2022/23;"BUENOS AIRES";"GENERAL PAZ";6;343;11000
Maíz;2023/24;"BUENOS AIRES";"GENERAL PAZ";6;343;51090
Maíz;2024/25;"BUENOS AIRES";"GENERAL PAZ";6;343;39960
Maíz;2015/16;"BUENOS AIRES";"GENERAL PINTO";6;351;245430
Maíz;2016/17;"BUENOS AIRES";"GENERAL PINTO";6;351;178570
Maíz;2017/18;"BUENOS AIRES";"GENERAL PINTO";6;351;268372
Maíz;2018/19;"BUENOS AIRES";"GENERAL PINTO";6;351;318000
Maíz;2019/20;"BUENOS AIRES";"GENERAL PINTO";6;351;255385
Maíz;2020/21;"BUENOS AIRES";"GENERAL PINTO";6;351;339300
Maíz;2021/22;"BUENOS AIRES";"GENERAL PINTO";6;351;323900
Maíz;2022/23;"BUENOS AIRES";"GENERAL PINTO";6;351;238510
Maíz;2023/24;"BUENOS AIRES";"GENERAL PINTO";6;351;335400
Maíz;2024/25;"BUENOS AIRES";"GENERAL PINTO";6;351;283500
Maíz;2015/16;"BUENOS AIRES";"GENERAL PUEYRREDON";6;357;22458
Maíz;2016/17;"BUENOS AIRES";"GENERAL PUEYRREDON";6;357;4060
Maíz;2017/18;"BUENOS AIRES";"GENERAL PUEYRREDON";6;357;57098
Maíz;2018/19;"BUENOS AIRES";"GENERAL PUEYRREDON";6;357;99000
Maíz;2019/20;"BUENOS AIRES";"GENERAL PUEYRREDON";6;357;79050
Maíz;2020/21;"BUENOS AIRES";"GENERAL PUEYRREDON";6;357;101700
Maíz;2021/22;"BUENOS AIRES";"GENERAL PUEYRREDON";6;357;86100
Maíz;2022/23;"BUENOS AIRES";"GENERAL PUEYRREDON";6;357;84611
Maíz;2023/24;"BUENOS AIRES";"GENERAL PUEYRREDON";6;357;135838
Maíz;2024/25;"BUENOS AIRES";"GENERAL PUEYRREDON";6;357;133105
Maíz;2015/16;"BUENOS AIRES";"GENERAL RODRIGUEZ";6;364;234
Maíz;2016/17;"BUENOS AIRES";"GENERAL RODRIGUEZ";6;364;1848
Maíz;2017/18;"BUENOS AIRES";"GENERAL RODRIGUEZ";6;364;960
Maíz;2018/19;"BUENOS AIRES";"GENERAL RODRIGUEZ";6;364;1445
Maíz;2019/20;"BUENOS AIRES";"GENERAL RODRIGUEZ";6;364;1200
Maíz;2020/21;"BUENOS AIRES";"GENERAL RODRIGUEZ";6;364;1975
Maíz;2021/22;"BUENOS AIRES";"GENERAL RODRIGUEZ";6;364;1800
Maíz;2022/23;"BUENOS AIRES";"GENERAL RODRIGUEZ";6;364;285
Maíz;2023/24;"BUENOS AIRES";"GENERAL RODRIGUEZ";6;364;1794
Maíz;2024/25;"BUENOS AIRES";"GENERAL RODRIGUEZ";6;364;1725
Maíz;2015/16;"BUENOS AIRES";"GENERAL VIAMONTE";6;385;162669
Maíz;2016/17;"BUENOS AIRES";"GENERAL VIAMONTE";6;385;96590
Maíz;2017/18;"BUENOS AIRES";"GENERAL VIAMONTE";6;385;221760
Maíz;2018/19;"BUENOS AIRES";"GENERAL VIAMONTE";6;385;302010
Maíz;2019/20;"BUENOS AIRES";"GENERAL VIAMONTE";6;385;232323
Maíz;2020/21;"BUENOS AIRES";"GENERAL VIAMONTE";6;385;288000
Maíz;2021/22;"BUENOS AIRES";"GENERAL VIAMONTE";6;385;248000
Maíz;2022/23;"BUENOS AIRES";"GENERAL VIAMONTE";6;385;155642
Maíz;2023/24;"BUENOS AIRES";"GENERAL VIAMONTE";6;385;243000
Maíz;2024/25;"BUENOS AIRES";"GENERAL VIAMONTE";6;385;228200
Maíz;2015/16;"BUENOS AIRES";"GENERAL VILLEGAS";6;392;579072
Maíz;2016/17;"BUENOS AIRES";"GENERAL VILLEGAS";6;392;327360
Maíz;2017/18;"BUENOS AIRES";"GENERAL VILLEGAS";6;392;726235
Maíz;2018/19;"BUENOS AIRES";"GENERAL VILLEGAS";6;392;1036180
Maíz;2019/20;"BUENOS AIRES";"GENERAL VILLEGAS";6;392;754292
Maíz;2020/21;"BUENOS AIRES";"GENERAL VILLEGAS";6;392;856800
Maíz;2021/22;"BUENOS AIRES";"GENERAL VILLEGAS";6;392;844750
Maíz;2022/23;"BUENOS AIRES";"GENERAL VILLEGAS";6;392;679500
Maíz;2023/24;"BUENOS AIRES";"GENERAL VILLEGAS";6;392;954600
Maíz;2024/25;"BUENOS AIRES";"GENERAL VILLEGAS";6;392;787050
Maíz;2015/16;"BUENOS AIRES";GUAMINI;6;399;38097
Maíz;2016/17;"BUENOS AIRES";GUAMINI;6;399;144000
Maíz;2017/18;"BUENOS AIRES";GUAMINI;6;399;60700
Maíz;2018/19;"BUENOS AIRES";GUAMINI;6;399;172500
Maíz;2019/20;"BUENOS AIRES";GUAMINI;6;399;105950
Maíz;2020/21;"BUENOS AIRES";GUAMINI;6;399;170500
Maíz;2021/22;"BUENOS AIRES";GUAMINI;6;399;223200
Maíz;2022/23;"BUENOS AIRES";GUAMINI;6;399;185600
Maíz;2023/24;"BUENOS AIRES";GUAMINI;6;399;221000
Maíz;2024/25;"BUENOS AIRES";GUAMINI;6;399;275200
Maíz;2015/16;"BUENOS AIRES";"HIPOLITO YRIGOYEN";6;406;118888
Maíz;2016/17;"BUENOS AIRES";"HIPOLITO YRIGOYEN";6;406;136000
Maíz;2017/18;"BUENOS AIRES";"HIPOLITO YRIGOYEN";6;406;191100
Maíz;2018/19;"BUENOS AIRES";"HIPOLITO YRIGOYEN";6;406;220000
Maíz;2019/20;"BUENOS AIRES";"HIPOLITO YRIGOYEN";6;406;184680
Maíz;2020/21;"BUENOS AIRES";"HIPOLITO YRIGOYEN";6;406;259500
Maíz;2021/22;"BUENOS AIRES";"HIPOLITO YRIGOYEN";6;406;202215
Maíz;2022/23;"BUENOS AIRES";"HIPOLITO YRIGOYEN";6;406;168327
Maíz;2023/24;"BUENOS AIRES";"HIPOLITO YRIGOYEN";6;406;198414
Maíz;2024/25;"BUENOS AIRES";"HIPOLITO YRIGOYEN";6;406;185040
Maíz;2015/16;"BUENOS AIRES";JUNIN;6;413;160458
Maíz;2016/17;"BUENOS AIRES";JUNIN;6;413;248000
Maíz;2017/18;"BUENOS AIRES";JUNIN;6;413;243774
Maíz;2018/19;"BUENOS AIRES";JUNIN;6;413;357000
Maíz;2019/20;"BUENOS AIRES";JUNIN;6;413;355905
Maíz;2020/21;"BUENOS AIRES";JUNIN;6;413;274700
Maíz;2021/22;"BUENOS AIRES";JUNIN;6;413;296865
Maíz;2022/23;"BUENOS AIRES";JUNIN;6;413;191250
Maíz;2023/24;"BUENOS AIRES";JUNIN;6;413;405000
Maíz;2024/25;"BUENOS AIRES";JUNIN;6;413;332100
Maíz;2015/16;"BUENOS AIRES";"LA PLATA";6;441;494
Maíz;2016/17;"BUENOS AIRES";"LA PLATA";6;441;957
Maíz;2017/18;"BUENOS AIRES";"LA PLATA";6;441;1495
Maíz;2018/19;"BUENOS AIRES";"LA PLATA";6;441;1785
Maíz;2019/20;"BUENOS AIRES";"LA PLATA";6;441;1920
Maíz;2020/21;"BUENOS AIRES";"LA PLATA";6;441;1872
Maíz;2021/22;"BUENOS AIRES";"LA PLATA";6;441;1104
Maíz;2022/23;"BUENOS AIRES";"LA PLATA";6;441;770
Maíz;2023/24;"BUENOS AIRES";"LA PLATA";6;441;5928
Maíz;2024/25;"BUENOS AIRES";"LA PLATA";6;441;5320
Maíz;2015/16;"BUENOS AIRES";LAPRIDA;6;448;39614
Maíz;2016/17;"BUENOS AIRES";LAPRIDA;6;448;39138
Maíz;2017/18;"BUENOS AIRES";LAPRIDA;6;448;74950
Maíz;2018/19;"BUENOS AIRES";LAPRIDA;6;448;55040
Maíz;2019/20;"BUENOS AIRES";LAPRIDA;6;448;69600
Maíz;2020/21;"BUENOS AIRES";LAPRIDA;6;448;60000
Maíz;2021/22;"BUENOS AIRES";LAPRIDA;6;448;36868
Maíz;2022/23;"BUENOS AIRES";LAPRIDA;6;448;81511
Maíz;2023/24;"BUENOS AIRES";LAPRIDA;6;448;124365
Maíz;2024/25;"BUENOS AIRES";LAPRIDA;6;448;60444
Maíz;2015/16;"BUENOS AIRES";"LAS FLORES";6;455;109994
Maíz;2016/17;"BUENOS AIRES";"LAS FLORES";6;455;135000
Maíz;2017/18;"BUENOS AIRES";"LAS FLORES";6;455;93156
Maíz;2018/19;"BUENOS AIRES";"LAS FLORES";6;455;126808
Maíz;2019/20;"BUENOS AIRES";"LAS FLORES";6;455;86432
Maíz;2020/21;"BUENOS AIRES";"LAS FLORES";6;455;81839
Maíz;2021/22;"BUENOS AIRES";"LAS FLORES";6;455;109070
Maíz;2022/23;"BUENOS AIRES";"LAS FLORES";6;455;75730
Maíz;2023/24;"BUENOS AIRES";"LAS FLORES";6;455;110572
Maíz;2024/25;"BUENOS AIRES";"LAS FLORES";6;455;101883
Maíz;2015/16;"BUENOS AIRES";"LEANDRO N. ALEM";6;462;210600
Maíz;2016/17;"BUENOS AIRES";"LEANDRO N. ALEM";6;462;146013
Maíz;2017/18;"BUENOS AIRES";"LEANDRO N. ALEM";6;462;200130
Maíz;2018/19;"BUENOS AIRES";"LEANDRO N. ALEM";6;462;237952
Maíz;2019/20;"BUENOS AIRES";"LEANDRO N. ALEM";6;462;185104
Maíz;2020/21;"BUENOS AIRES";"LEANDRO N. ALEM";6;462;275900
Maíz;2021/22;"BUENOS AIRES";"LEANDRO N. ALEM";6;462;251100
Maíz;2022/23;"BUENOS AIRES";"LEANDRO N. ALEM";6;462;169904
Maíz;2023/24;"BUENOS AIRES";"LEANDRO N. ALEM";6;462;262400
Maíz;2024/25;"BUENOS AIRES";"LEANDRO N. ALEM";6;462;232870
Maíz;2023/24;"BUENOS AIRES";LEZAMA;6;466;57720
Maíz;2024/25;"BUENOS AIRES";LEZAMA;6;466;51060
Maíz;2015/16;"BUENOS AIRES";LINCOLN;6;469;351076
Maíz;2016/17;"BUENOS AIRES";LINCOLN;6;469;389110
Maíz;2017/18;"BUENOS AIRES";LINCOLN;6;469;455465
Maíz;2018/19;"BUENOS AIRES";LINCOLN;6;469;732824
Maíz;2019/20;"BUENOS AIRES";LINCOLN;6;469;544146
Maíz;2020/21;"BUENOS AIRES";LINCOLN;6;469;516000
Maíz;2021/22;"BUENOS AIRES";LINCOLN;6;469;454740
Maíz;2022/23;"BUENOS AIRES";LINCOLN;6;469;276450
Maíz;2023/24;"BUENOS AIRES";LINCOLN;6;469;456000
Maíz;2024/25;"BUENOS AIRES";LINCOLN;6;469;402900
Maíz;2015/16;"BUENOS AIRES";LOBERIA;6;476;50327
Maíz;2016/17;"BUENOS AIRES";LOBERIA;6;476;126555
Maíz;2017/18;"BUENOS AIRES";LOBERIA;6;476;204573
Maíz;2018/19;"BUENOS AIRES";LOBERIA;6;476;287810
Maíz;2019/20;"BUENOS AIRES";LOBERIA;6;476;246400
Maíz;2020/21;"BUENOS AIRES";LOBERIA;6;476;266250
Maíz;2021/22;"BUENOS AIRES";LOBERIA;6;476;369600
Maíz;2022/23;"BUENOS AIRES";LOBERIA;6;476;347273
Maíz;2023/24;"BUENOS AIRES";LOBERIA;6;476;369259
Maíz;2024/25;"BUENOS AIRES";LOBERIA;6;476;360269
Maíz;2015/16;"BUENOS AIRES";LOBOS;6;483;107402
Maíz;2016/17;"BUENOS AIRES";LOBOS;6;483;165440
Maíz;2017/18;"BUENOS AIRES";LOBOS;6;483;89331
Maíz;2018/19;"BUENOS AIRES";LOBOS;6;483;80802
Maíz;2019/20;"BUENOS AIRES";LOBOS;6;483;90574
Maíz;2020/21;"BUENOS AIRES";LOBOS;6;483;87063
Maíz;2021/22;"BUENOS AIRES";LOBOS;6;483;82425
Maíz;2022/23;"BUENOS AIRES";LOBOS;6;483;56713
Maíz;2023/24;"BUENOS AIRES";LOBOS;6;483;79115
Maíz;2024/25;"BUENOS AIRES";LOBOS;6;483;75509
Maíz;2015/16;"BUENOS AIRES";LUJAN;6;497;1326
Maíz;2016/17;"BUENOS AIRES";LUJAN;6;497;6840
Maíz;2017/18;"BUENOS AIRES";LUJAN;6;497;7735
Maíz;2018/19;"BUENOS AIRES";LUJAN;6;497;2975
Maíz;2019/20;"BUENOS AIRES";LUJAN;6;497;15200
Maíz;2020/21;"BUENOS AIRES";LUJAN;6;497;14400
Maíz;2021/22;"BUENOS AIRES";LUJAN;6;497;10800
Maíz;2022/23;"BUENOS AIRES";LUJAN;6;497;3025
Maíz;2023/24;"BUENOS AIRES";LUJAN;6;497;23010
Maíz;2024/25;"BUENOS AIRES";LUJAN;6;497;13845
Maíz;2015/16;"BUENOS AIRES";MAGDALENA;6;505;8288
Maíz;2016/17;"BUENOS AIRES";MAGDALENA;6;505;1920
Maíz;2017/18;"BUENOS AIRES";MAGDALENA;6;505;26220
Maíz;2018/19;"BUENOS AIRES";MAGDALENA;6;505;13600
Maíz;2019/20;"BUENOS AIRES";MAGDALENA;6;505;7840
Maíz;2020/21;"BUENOS AIRES";MAGDALENA;6;505;8162
Maíz;2021/22;"BUENOS AIRES";MAGDALENA;6;505;2040
Maíz;2022/23;"BUENOS AIRES";MAGDALENA;6;505;1100
Maíz;2023/24;"BUENOS AIRES";MAGDALENA;6;505;24717
Maíz;2024/25;"BUENOS AIRES";MAGDALENA;6;505;15028
Maíz;2015/16;"BUENOS AIRES";MAIPU;6;511;41085
Maíz;2016/17;"BUENOS AIRES";MAIPU;6;511;50560
Maíz;2017/18;"BUENOS AIRES";MAIPU;6;511;85600
Maíz;2018/19;"BUENOS AIRES";MAIPU;6;511;50844
Maíz;2019/20;"BUENOS AIRES";MAIPU;6;511;49920
Maíz;2020/21;"BUENOS AIRES";MAIPU;6;511;60800
Maíz;2021/22;"BUENOS AIRES";MAIPU;6;511;57000
Maíz;2022/23;"BUENOS AIRES";MAIPU;6;511;51350
Maíz;2023/24;"BUENOS AIRES";MAIPU;6;511;51000
Maíz;2024/25;"BUENOS AIRES";MAIPU;6;511;48750
Maíz;2015/16;"BUENOS AIRES";"MAR CHIQUITA";6;518;190490
Maíz;2016/17;"BUENOS AIRES";"MAR CHIQUITA";6;518;134190
Maíz;2017/18;"BUENOS AIRES";"MAR CHIQUITA";6;518;157500
Maíz;2018/19;"BUENOS AIRES";"MAR CHIQUITA";6;518;143800
Maíz;2019/20;"BUENOS AIRES";"MAR CHIQUITA";6;518;119520
Maíz;2020/21;"BUENOS AIRES";"MAR CHIQUITA";6;518;149240
Maíz;2021/22;"BUENOS AIRES";"MAR CHIQUITA";6;518;154440
Maíz;2022/23;"BUENOS AIRES";"MAR CHIQUITA";6;518;150500
Maíz;2023/24;"BUENOS AIRES";"MAR CHIQUITA";6;518;186900
Maíz;2024/25;"BUENOS AIRES";"MAR CHIQUITA";6;518;144160
Maíz;2015/16;"BUENOS AIRES";"MARCOS PAZ";6;525;1694
Maíz;2016/17;"BUENOS AIRES";"MARCOS PAZ";6;525;180
Maíz;2017/18;"BUENOS AIRES";"MARCOS PAZ";6;525;767
Maíz;2018/19;"BUENOS AIRES";"MARCOS PAZ";6;525;1530
Maíz;2019/20;"BUENOS AIRES";"MARCOS PAZ";6;525;3600
Maíz;2020/21;"BUENOS AIRES";"MARCOS PAZ";6;525;10191
Maíz;2021/22;"BUENOS AIRES";"MARCOS PAZ";6;525;9288
Maíz;2022/23;"BUENOS AIRES";"MARCOS PAZ";6;525;3355
Maíz;2023/24;"BUENOS AIRES";"MARCOS PAZ";6;525;14586
Maíz;2024/25;"BUENOS AIRES";"MARCOS PAZ";6;525;8190
Maíz;2015/16;"BUENOS AIRES";MERCEDES;6;532;14089
Maíz;2016/17;"BUENOS AIRES";MERCEDES;6;532;31125
Maíz;2017/18;"BUENOS AIRES";MERCEDES;6;532;37410
Maíz;2018/19;"BUENOS AIRES";MERCEDES;6;532;58473
Maíz;2019/20;"BUENOS AIRES";MERCEDES;6;532;64295
Maíz;2020/21;"BUENOS AIRES";MERCEDES;6;532;22743
Maíz;2021/22;"BUENOS AIRES";MERCEDES;6;532;22950
Maíz;2022/23;"BUENOS AIRES";MERCEDES;6;532;600
Maíz;2023/24;"BUENOS AIRES";MERCEDES;6;532;96552
Maíz;2024/25;"BUENOS AIRES";MERCEDES;6;532;42950
Maíz;2015/16;"BUENOS AIRES";MONTE;6;547;56376
Maíz;2016/17;"BUENOS AIRES";MONTE;6;547;59160
Maíz;2017/18;"BUENOS AIRES";MONTE;6;547;69916
Maíz;2018/19;"BUENOS AIRES";MONTE;6;547;98928
Maíz;2019/20;"BUENOS AIRES";MONTE;6;547;86621
Maíz;2020/21;"BUENOS AIRES";MONTE;6;547;90300
Maíz;2021/22;"BUENOS AIRES";MONTE;6;547;83619
Maíz;2022/23;"BUENOS AIRES";MONTE;6;547;60583
Maíz;2023/24;"BUENOS AIRES";MONTE;6;547;80903
Maíz;2024/25;"BUENOS AIRES";MONTE;6;547;77443
Maíz;2015/16;"BUENOS AIRES";NAVARRO;6;574;68392
Maíz;2016/17;"BUENOS AIRES";NAVARRO;6;574;87720
Maíz;2017/18;"BUENOS AIRES";NAVARRO;6;574;85428
Maíz;2018/19;"BUENOS AIRES";NAVARRO;6;574;48756
Maíz;2019/20;"BUENOS AIRES";NAVARRO;6;574;61004
Maíz;2020/21;"BUENOS AIRES";NAVARRO;6;574;61901
Maíz;2021/22;"BUENOS AIRES";NAVARRO;6;574;64429
Maíz;2022/23;"BUENOS AIRES";NAVARRO;6;574;44531
Maíz;2023/24;"BUENOS AIRES";NAVARRO;6;574;61067
Maíz;2024/25;"BUENOS AIRES";NAVARRO;6;574;62951
Maíz;2015/16;"BUENOS AIRES";NECOCHEA;6;581;78850
Maíz;2016/17;"BUENOS AIRES";NECOCHEA;6;581;193191
Maíz;2017/18;"BUENOS AIRES";NECOCHEA;6;581;240436
Maíz;2018/19;"BUENOS AIRES";NECOCHEA;6;581;184960
Maíz;2019/20;"BUENOS AIRES";NECOCHEA;6;581;274500
Maíz;2020/21;"BUENOS AIRES";NECOCHEA;6;581;405600
Maíz;2021/22;"BUENOS AIRES";NECOCHEA;6;581;156598
Maíz;2022/23;"BUENOS AIRES";NECOCHEA;6;581;203525
Maíz;2023/24;"BUENOS AIRES";NECOCHEA;6;581;335911
Maíz;2024/25;"BUENOS AIRES";NECOCHEA;6;581;246667
Maíz;2015/16;"BUENOS AIRES";OLAVARRIA;6;595;216927
Maíz;2016/17;"BUENOS AIRES";OLAVARRIA;6;595;169600
Maíz;2017/18;"BUENOS AIRES";OLAVARRIA;6;595;157600
Maíz;2018/19;"BUENOS AIRES";OLAVARRIA;6;595;171600
Maíz;2019/20;"BUENOS AIRES";OLAVARRIA;6;595;172520
Maíz;2020/21;"BUENOS AIRES";OLAVARRIA;6;595;263900
Maíz;2021/22;"BUENOS AIRES";OLAVARRIA;6;595;285948
Maíz;2022/23;"BUENOS AIRES";OLAVARRIA;6;595;225670
Maíz;2023/24;"BUENOS AIRES";OLAVARRIA;6;595;279728
Maíz;2024/25;"BUENOS AIRES";OLAVARRIA;6;595;239400
Maíz;2015/16;"BUENOS AIRES";PATAGONES;6;602;12800
Maíz;2016/17;"BUENOS AIRES";PATAGONES;6;602;0
Maíz;2017/18;"BUENOS AIRES";PATAGONES;6;602;16132
Maíz;2018/19;"BUENOS AIRES";PATAGONES;6;602;34800
Maíz;2019/20;"BUENOS AIRES";PATAGONES;6;602;36800
Maíz;2020/21;"BUENOS AIRES";PATAGONES;6;602;41040
Maíz;2021/22;"BUENOS AIRES";PATAGONES;6;602;32000
Maíz;2022/23;"BUENOS AIRES";PATAGONES;6;602;26400
Maíz;2023/24;"BUENOS AIRES";PATAGONES;6;602;42400
Maíz;2024/25;"BUENOS AIRES";PATAGONES;6;602;44023
Maíz;2015/16;"BUENOS AIRES";PEHUAJO;6;609;387430
Maíz;2016/17;"BUENOS AIRES";PEHUAJO;6;609;446310
Maíz;2017/18;"BUENOS AIRES";PEHUAJO;6;609;399434
Maíz;2018/19;"BUENOS AIRES";PEHUAJO;6;609;582268
Maíz;2019/20;"BUENOS AIRES";PEHUAJO;6;609;624316
Maíz;2020/21;"BUENOS AIRES";PEHUAJO;6;609;463630
Maíz;2021/22;"BUENOS AIRES";PEHUAJO;6;609;766735
Maíz;2022/23;"BUENOS AIRES";PEHUAJO;6;609;549400
Maíz;2023/24;"BUENOS AIRES";PEHUAJO;6;609;645299
Maíz;2024/25;"BUENOS AIRES";PEHUAJO;6;609;523048
Maíz;2015/16;"BUENOS AIRES";PELLEGRINI;6;616;38896
Maíz;2016/17;"BUENOS AIRES";PELLEGRINI;6;616;86250
Maíz;2017/18;"BUENOS AIRES";PELLEGRINI;6;616;45885
Maíz;2018/19;"BUENOS AIRES";PELLEGRINI;6;616;136000
Maíz;2019/20;"BUENOS AIRES";PELLEGRINI;6;616;108680
Maíz;2020/21;"BUENOS AIRES";PELLEGRINI;6;616;48000
Maíz;2021/22;"BUENOS AIRES";PELLEGRINI;6;616;64000
Maíz;2022/23;"BUENOS AIRES";PELLEGRINI;6;616;153600
Maíz;2023/24;"BUENOS AIRES";PELLEGRINI;6;616;138600
Maíz;2024/25;"BUENOS AIRES";PELLEGRINI;6;616;142800
Maíz;2015/16;"BUENOS AIRES";PERGAMINO;6;623;190008
Maíz;2016/17;"BUENOS AIRES";PERGAMINO;6;623;457080
Maíz;2017/18;"BUENOS AIRES";PERGAMINO;6;623;353688
Maíz;2018/19;"BUENOS AIRES";PERGAMINO;6;623;407100
Maíz;2019/20;"BUENOS AIRES";PERGAMINO;6;623;379463
Maíz;2020/21;"BUENOS AIRES";PERGAMINO;6;623;318240
Maíz;2021/22;"BUENOS AIRES";PERGAMINO;6;623;391875
Maíz;2022/23;"BUENOS AIRES";PERGAMINO;6;623;187070
Maíz;2023/24;"BUENOS AIRES";PERGAMINO;6;623;335349
Maíz;2024/25;"BUENOS AIRES";PERGAMINO;6;623;260400
Maíz;2015/16;"BUENOS AIRES";PILA;6;630;58515
Maíz;2016/17;"BUENOS AIRES";PILA;6;630;51120
Maíz;2017/18;"BUENOS AIRES";PILA;6;630;70000
Maíz;2018/19;"BUENOS AIRES";PILA;6;630;36936
Maíz;2019/20;"BUENOS AIRES";PILA;6;630;41328
Maíz;2020/21;"BUENOS AIRES";PILA;6;630;64740
Maíz;2021/22;"BUENOS AIRES";PILA;6;630;59840
Maíz;2022/23;"BUENOS AIRES";PILA;6;630;31600
Maíz;2023/24;"BUENOS AIRES";PILA;6;630;54600
Maíz;2024/25;"BUENOS AIRES";PILA;6;630;50050
Maíz;2015/16;"BUENOS AIRES";PILAR;6;638;923
Maíz;2016/17;"BUENOS AIRES";PILAR;6;638;1880
Maíz;2017/18;"BUENOS AIRES";PILAR;6;638;702
Maíz;2018/19;"BUENOS AIRES";PILAR;6;638;2465
Maíz;2019/20;"BUENOS AIRES";PILAR;6;638;1600
Maíz;2020/21;"BUENOS AIRES";PILAR;6;638;1782
Maíz;2021/22;"BUENOS AIRES";PILAR;6;638;1584
Maíz;2022/23;"BUENOS AIRES";PILAR;6;638;275
Maíz;2023/24;"BUENOS AIRES";PILAR;6;638;468
Maíz;2024/25;"BUENOS AIRES";PILAR;6;638;144
Maíz;2015/16;"BUENOS AIRES";PUAN;6;651;25830
Maíz;2016/17;"BUENOS AIRES";PUAN;6;651;64900
Maíz;2017/18;"BUENOS AIRES";PUAN;6;651;56050
Maíz;2018/19;"BUENOS AIRES";PUAN;6;651;99000
Maíz;2019/20;"BUENOS AIRES";PUAN;6;651;29640
Maíz;2020/21;"BUENOS AIRES";PUAN;6;651;85500
Maíz;2021/22;"BUENOS AIRES";PUAN;6;651;19869
Maíz;2022/23;"BUENOS AIRES";PUAN;6;651;57500
Maíz;2023/24;"BUENOS AIRES";PUAN;6;651;66300
Maíz;2024/25;"BUENOS AIRES";PUAN;6;651;105000
Maíz;2015/16;"BUENOS AIRES";"PUNTA INDIO";6;655;1044
Maíz;2016/17;"BUENOS AIRES";"PUNTA INDIO";6;655;560
Maíz;2017/18;"BUENOS AIRES";"PUNTA INDIO";6;655;1742
Maíz;2018/19;"BUENOS AIRES";"PUNTA INDIO";6;655;1530
Maíz;2019/20;"BUENOS AIRES";"PUNTA INDIO";6;655;800
Maíz;2020/21;"BUENOS AIRES";"PUNTA INDIO";6;655;1404
Maíz;2021/22;"BUENOS AIRES";"PUNTA INDIO";6;655;455
Maíz;2022/23;"BUENOS AIRES";"PUNTA INDIO";6;655;275
Maíz;2023/24;"BUENOS AIRES";"PUNTA INDIO";6;655;7144
Maíz;2024/25;"BUENOS AIRES";"PUNTA INDIO";6;655;4402
Maíz;2015/16;"BUENOS AIRES";RAMALLO;6;665;50622
Maíz;2016/17;"BUENOS AIRES";RAMALLO;6;665;110400
Maíz;2017/18;"BUENOS AIRES";RAMALLO;6;665;57420
Maíz;2018/19;"BUENOS AIRES";RAMALLO;6;665;106050
Maíz;2019/20;"BUENOS AIRES";RAMALLO;6;665;96648
Maíz;2020/21;"BUENOS AIRES";RAMALLO;6;665;90554
Maíz;2021/22;"BUENOS AIRES";RAMALLO;6;665;98603
Maíz;2022/23;"BUENOS AIRES";RAMALLO;6;665;61694
Maíz;2023/24;"BUENOS AIRES";RAMALLO;6;665;94838
Maíz;2024/25;"BUENOS AIRES";RAMALLO;6;665;82555
Maíz;2015/16;"BUENOS AIRES";RAUCH;6;672;67890
Maíz;2016/17;"BUENOS AIRES";RAUCH;6;672;60720
Maíz;2017/18;"BUENOS AIRES";RAUCH;6;672;85150
Maíz;2018/19;"BUENOS AIRES";RAUCH;6;672;75140
Maíz;2019/20;"BUENOS AIRES";RAUCH;6;672;80990
Maíz;2020/21;"BUENOS AIRES";RAUCH;6;672;91500
Maíz;2021/22;"BUENOS AIRES";RAUCH;6;672;48960
Maíz;2022/23;"BUENOS AIRES";RAUCH;6;672;60500
Maíz;2023/24;"BUENOS AIRES";RAUCH;6;672;84320
Maíz;2024/25;"BUENOS AIRES";RAUCH;6;672;74800
Maíz;2015/16;"BUENOS AIRES";RIVADAVIA;6;679;438592
Maíz;2016/17;"BUENOS AIRES";RIVADAVIA;6;679;495950
Maíz;2017/18;"BUENOS AIRES";RIVADAVIA;6;679;511042
Maíz;2018/19;"BUENOS AIRES";RIVADAVIA;6;679;688471
Maíz;2019/20;"BUENOS AIRES";RIVADAVIA;6;679;674930
Maíz;2020/21;"BUENOS AIRES";RIVADAVIA;6;679;460922
Maíz;2021/22;"BUENOS AIRES";RIVADAVIA;6;679;594422
Maíz;2022/23;"BUENOS AIRES";RIVADAVIA;6;679;466940
Maíz;2023/24;"BUENOS AIRES";RIVADAVIA;6;679;623632
Maíz;2024/25;"BUENOS AIRES";RIVADAVIA;6;679;743299
Maíz;2015/16;"BUENOS AIRES";ROJAS;6;686;173452
Maíz;2016/17;"BUENOS AIRES";ROJAS;6;686;266000
Maíz;2017/18;"BUENOS AIRES";ROJAS;6;686;279727
Maíz;2018/19;"BUENOS AIRES";ROJAS;6;686;357000
Maíz;2019/20;"BUENOS AIRES";ROJAS;6;686;378675
Maíz;2020/21;"BUENOS AIRES";ROJAS;6;686;280500
Maíz;2021/22;"BUENOS AIRES";ROJAS;6;686;317340
Maíz;2022/23;"BUENOS AIRES";ROJAS;6;686;191250
Maíz;2023/24;"BUENOS AIRES";ROJAS;6;686;440000
Maíz;2024/25;"BUENOS AIRES";ROJAS;6;686;313650
Maíz;2015/16;"BUENOS AIRES";"ROQUE PEREZ";6;693;56760
Maíz;2016/17;"BUENOS AIRES";"ROQUE PEREZ";6;693;33060
Maíz;2017/18;"BUENOS AIRES";"ROQUE PEREZ";6;693;77672
Maíz;2018/19;"BUENOS AIRES";"ROQUE PEREZ";6;693;78288
Maíz;2019/20;"BUENOS AIRES";"ROQUE PEREZ";6;693;75719
Maíz;2020/21;"BUENOS AIRES";"ROQUE PEREZ";6;693;67521
Maíz;2021/22;"BUENOS AIRES";"ROQUE PEREZ";6;693;63071
Maíz;2022/23;"BUENOS AIRES";"ROQUE PEREZ";6;693;43729
Maíz;2023/24;"BUENOS AIRES";"ROQUE PEREZ";6;693;60462
Maíz;2024/25;"BUENOS AIRES";"ROQUE PEREZ";6;693;57556
Maíz;2015/16;"BUENOS AIRES";SAAVEDRA;6;700;31853
Maíz;2016/17;"BUENOS AIRES";SAAVEDRA;6;700;57200
Maíz;2017/18;"BUENOS AIRES";SAAVEDRA;6;700;43150
Maíz;2018/19;"BUENOS AIRES";SAAVEDRA;6;700;64860
Maíz;2019/20;"BUENOS AIRES";SAAVEDRA;6;700;25650
Maíz;2020/21;"BUENOS AIRES";SAAVEDRA;6;700;69000
Maíz;2021/22;"BUENOS AIRES";SAAVEDRA;6;700;98700
Maíz;2022/23;"BUENOS AIRES";SAAVEDRA;6;700;97500
Maíz;2023/24;"BUENOS AIRES";SAAVEDRA;6;700;89700
Maíz;2024/25;"BUENOS AIRES";SAAVEDRA;6;700;95000
Maíz;2015/16;"BUENOS AIRES";SALADILLO;6;707;167743
Maíz;2016/17;"BUENOS AIRES";SALADILLO;6;707;244750
Maíz;2017/18;"BUENOS AIRES";SALADILLO;6;707;146485
Maíz;2018/19;"BUENOS AIRES";SALADILLO;6;707;167969
Maíz;2019/20;"BUENOS AIRES";SALADILLO;6;707;223049
Maíz;2020/21;"BUENOS AIRES";SALADILLO;6;707;159636
Maíz;2021/22;"BUENOS AIRES";SALADILLO;6;707;160896
Maíz;2022/23;"BUENOS AIRES";SALADILLO;6;707;110821
Maíz;2023/24;"BUENOS AIRES";SALADILLO;6;707;156742
Maíz;2024/25;"BUENOS AIRES";SALADILLO;6;707;195210
Maíz;2015/16;"BUENOS AIRES";SALLIQUELO;6;721;21973
Maíz;2016/17;"BUENOS AIRES";SALLIQUELO;6;721;50320
Maíz;2017/18;"BUENOS AIRES";SALLIQUELO;6;721;19722
Maíz;2018/19;"BUENOS AIRES";SALLIQUELO;6;721;52000
Maíz;2019/20;"BUENOS AIRES";SALLIQUELO;6;721;48960
Maíz;2020/21;"BUENOS AIRES";SALLIQUELO;6;721;81000
Maíz;2021/22;"BUENOS AIRES";SALLIQUELO;6;721;108000
Maíz;2022/23;"BUENOS AIRES";SALLIQUELO;6;721;89600
Maíz;2023/24;"BUENOS AIRES";SALLIQUELO;6;721;85800
Maíz;2024/25;"BUENOS AIRES";SALLIQUELO;6;721;68000
Maíz;2015/16;"BUENOS AIRES";SALTO;6;714;137538
Maíz;2016/17;"BUENOS AIRES";SALTO;6;714;303680
Maíz;2017/18;"BUENOS AIRES";SALTO;6;714;190472
Maíz;2018/19;"BUENOS AIRES";SALTO;6;714;210600
Maíz;2019/20;"BUENOS AIRES";SALTO;6;714;249184
Maíz;2020/21;"BUENOS AIRES";SALTO;6;714;220991
Maíz;2021/22;"BUENOS AIRES";SALTO;6;714;219750
Maíz;2022/23;"BUENOS AIRES";SALTO;6;714;87646
Maíz;2023/24;"BUENOS AIRES";SALTO;6;714;228344
Maíz;2024/25;"BUENOS AIRES";SALTO;6;714;153850
Maíz;2015/16;"BUENOS AIRES";"SAN ANDRES DE GILES";6;728;104067
Maíz;2016/17;"BUENOS AIRES";"SAN ANDRES DE GILES";6;728;141120
Maíz;2017/18;"BUENOS AIRES";"SAN ANDRES DE GILES";6;728;63047
Maíz;2018/19;"BUENOS AIRES";"SAN ANDRES DE GILES";6;728;110700
Maíz;2019/20;"BUENOS AIRES";"SAN ANDRES DE GILES";6;728;168730
Maíz;2020/21;"BUENOS AIRES";"SAN ANDRES DE GILES";6;728;78400
Maíz;2021/22;"BUENOS AIRES";"SAN ANDRES DE GILES";6;728;65016
Maíz;2022/23;"BUENOS AIRES";"SAN ANDRES DE GILES";6;728;76500
Maíz;2023/24;"BUENOS AIRES";"SAN ANDRES DE GILES";6;728;144000
Maíz;2024/25;"BUENOS AIRES";"SAN ANDRES DE GILES";6;728;129600
Maíz;2015/16;"BUENOS AIRES";"SAN ANTONIO DE ARECO";6;735;79632
Maíz;2016/17;"BUENOS AIRES";"SAN ANTONIO DE ARECO";6;735;123675
Maíz;2017/18;"BUENOS AIRES";"SAN ANTONIO DE ARECO";6;735;145481
Maíz;2018/19;"BUENOS AIRES";"SAN ANTONIO DE ARECO";6;735;161120
Maíz;2019/20;"BUENOS AIRES";"SAN ANTONIO DE ARECO";6;735;75026
Maíz;2020/21;"BUENOS AIRES";"SAN ANTONIO DE ARECO";6;735;150635
Maíz;2021/22;"BUENOS AIRES";"SAN ANTONIO DE ARECO";6;735;96237
Maíz;2022/23;"BUENOS AIRES";"SAN ANTONIO DE ARECO";6;735;40740
Maíz;2023/24;"BUENOS AIRES";"SAN ANTONIO DE ARECO";6;735;145889
Maíz;2024/25;"BUENOS AIRES";"SAN ANTONIO DE ARECO";6;735;116000
Maíz;2015/16;"BUENOS AIRES";"SAN CAYETANO";6;742;95472
Maíz;2016/17;"BUENOS AIRES";"SAN CAYETANO";6;742;55380
Maíz;2017/18;"BUENOS AIRES";"SAN CAYETANO";6;742;127624
Maíz;2018/19;"BUENOS AIRES";"SAN CAYETANO";6;742;128040
Maíz;2019/20;"BUENOS AIRES";"SAN CAYETANO";6;742;101500
Maíz;2020/21;"BUENOS AIRES";"SAN CAYETANO";6;742;159575
Maíz;2021/22;"BUENOS AIRES";"SAN CAYETANO";6;742;134944
Maíz;2022/23;"BUENOS AIRES";"SAN CAYETANO";6;742;128227
Maíz;2023/24;"BUENOS AIRES";"SAN CAYETANO";6;742;181930
Maíz;2024/25;"BUENOS AIRES";"SAN CAYETANO";6;742;233640
Maíz;2015/16;"BUENOS AIRES";"SAN NICOLAS";6;763;20020
Maíz;2016/17;"BUENOS AIRES";"SAN NICOLAS";6;763;50400
Maíz;2017/18;"BUENOS AIRES";"SAN NICOLAS";6;763;34995
Maíz;2018/19;"BUENOS AIRES";"SAN NICOLAS";6;763;38664
Maíz;2019/20;"BUENOS AIRES";"SAN NICOLAS";6;763;39641
Maíz;2020/21;"BUENOS AIRES";"SAN NICOLAS";6;763;31759
Maíz;2021/22;"BUENOS AIRES";"SAN NICOLAS";6;763;21120
Maíz;2022/23;"BUENOS AIRES";"SAN NICOLAS";6;763;25772
Maíz;2023/24;"BUENOS AIRES";"SAN NICOLAS";6;763;47186
Maíz;2024/25;"BUENOS AIRES";"SAN NICOLAS";6;763;45892
Maíz;2015/16;"BUENOS AIRES";"SAN PEDRO";6;770;34124
Maíz;2016/17;"BUENOS AIRES";"SAN PEDRO";6;770;112575
Maíz;2017/18;"BUENOS AIRES";"SAN PEDRO";6;770;109503
Maíz;2018/19;"BUENOS AIRES";"SAN PEDRO";6;770;79905
Maíz;2019/20;"BUENOS AIRES";"SAN PEDRO";6;770;86607
Maíz;2020/21;"BUENOS AIRES";"SAN PEDRO";6;770;94558
Maíz;2021/22;"BUENOS AIRES";"SAN PEDRO";6;770;105544
Maíz;2022/23;"BUENOS AIRES";"SAN PEDRO";6;770;47118
Maíz;2023/24;"BUENOS AIRES";"SAN PEDRO";6;770;131481
Maíz;2024/25;"BUENOS AIRES";"SAN PEDRO";6;770;94770
Maíz;2015/16;"BUENOS AIRES";"SAN VICENTE";6;778;1520
Maíz;2016/17;"BUENOS AIRES";"SAN VICENTE";6;778;2958
Maíz;2017/18;"BUENOS AIRES";"SAN VICENTE";6;778;2791
Maíz;2018/19;"BUENOS AIRES";"SAN VICENTE";6;778;3825
Maíz;2019/20;"BUENOS AIRES";"SAN VICENTE";6;778;3200
Maíz;2020/21;"BUENOS AIRES";"SAN VICENTE";6;778;3120
Maíz;2021/22;"BUENOS AIRES";"SAN VICENTE";6;778;2800
Maíz;2022/23;"BUENOS AIRES";"SAN VICENTE";6;778;3575
Maíz;2023/24;"BUENOS AIRES";"SAN VICENTE";6;778;5850
Maíz;2024/25;"BUENOS AIRES";"SAN VICENTE";6;778;3888
Maíz;2015/16;"BUENOS AIRES";SUIPACHA;6;784;7957
Maíz;2016/17;"BUENOS AIRES";SUIPACHA;6;784;26400
Maíz;2017/18;"BUENOS AIRES";SUIPACHA;6;784;37345
Maíz;2018/19;"BUENOS AIRES";SUIPACHA;6;784;103320
Maíz;2019/20;"BUENOS AIRES";SUIPACHA;6;784;75150
Maíz;2020/21;"BUENOS AIRES";SUIPACHA;6;784;38471
Maíz;2021/22;"BUENOS AIRES";SUIPACHA;6;784;42075
Maíz;2022/23;"BUENOS AIRES";SUIPACHA;6;784;4400
Maíz;2023/24;"BUENOS AIRES";SUIPACHA;6;784;74104
Maíz;2024/25;"BUENOS AIRES";SUIPACHA;6;784;44440
Maíz;2015/16;"BUENOS AIRES";TANDIL;6;791;84240
Maíz;2016/17;"BUENOS AIRES";TANDIL;6;791;102602
Maíz;2017/18;"BUENOS AIRES";TANDIL;6;791;231174
Maíz;2018/19;"BUENOS AIRES";TANDIL;6;791;282080
Maíz;2019/20;"BUENOS AIRES";TANDIL;6;791;248000
Maíz;2020/21;"BUENOS AIRES";TANDIL;6;791;266000
Maíz;2021/22;"BUENOS AIRES";TANDIL;6;791;331500
Maíz;2022/23;"BUENOS AIRES";TANDIL;6;791;344308
Maíz;2023/24;"BUENOS AIRES";TANDIL;6;791;405989
Maíz;2024/25;"BUENOS AIRES";TANDIL;6;791;387283
Maíz;2015/16;"BUENOS AIRES";TAPALQUE;6;798;12264
Maíz;2016/17;"BUENOS AIRES";TAPALQUE;6;798;11200
Maíz;2017/18;"BUENOS AIRES";TAPALQUE;6;798;12500
Maíz;2018/19;"BUENOS AIRES";TAPALQUE;6;798;19500
Maíz;2019/20;"BUENOS AIRES";TAPALQUE;6;798;19000
Maíz;2020/21;"BUENOS AIRES";TAPALQUE;6;798;39000
Maíz;2021/22;"BUENOS AIRES";TAPALQUE;6;798;63063
Maíz;2022/23;"BUENOS AIRES";TAPALQUE;6;798;48874
Maíz;2023/24;"BUENOS AIRES";TAPALQUE;6;798;61344
Maíz;2024/25;"BUENOS AIRES";TAPALQUE;6;798;52770
Maíz;2015/16;"BUENOS AIRES";TORDILLO;6;812;4176
Maíz;2016/17;"BUENOS AIRES";TORDILLO;6;812;5490
Maíz;2017/18;"BUENOS AIRES";TORDILLO;6;812;1100
Maíz;2018/19;"BUENOS AIRES";TORDILLO;6;812;0
Maíz;2019/20;"BUENOS AIRES";TORDILLO;6;812;0
Maíz;2020/21;"BUENOS AIRES";TORDILLO;6;812;0
Maíz;2021/22;"BUENOS AIRES";TORDILLO;6;812;0
Maíz;2022/23;"BUENOS AIRES";TORDILLO;6;812;0
Maíz;2023/24;"BUENOS AIRES";TORDILLO;6;812;0
Maíz;2024/25;"BUENOS AIRES";TORDILLO;6;812;0
Maíz;2015/16;"BUENOS AIRES";TORNQUIST;6;819;11640
Maíz;2016/17;"BUENOS AIRES";TORNQUIST;6;819;52800
Maíz;2017/18;"BUENOS AIRES";TORNQUIST;6;819;67350
Maíz;2018/19;"BUENOS AIRES";TORNQUIST;6;819;78960
Maíz;2019/20;"BUENOS AIRES";TORNQUIST;6;819;8000
Maíz;2020/21;"BUENOS AIRES";TORNQUIST;6;819;32400
Maíz;2021/22;"BUENOS AIRES";TORNQUIST;6;819;57400
Maíz;2022/23;"BUENOS AIRES";TORNQUIST;6;819;52500
Maíz;2023/24;"BUENOS AIRES";TORNQUIST;6;819;50700
Maíz;2024/25;"BUENOS AIRES";TORNQUIST;6;819;64000
Maíz;2015/16;"BUENOS AIRES";"TRENQUE LAUQUEN";6;826;589616
Maíz;2016/17;"BUENOS AIRES";"TRENQUE LAUQUEN";6;826;777354
Maíz;2017/18;"BUENOS AIRES";"TRENQUE LAUQUEN";6;826;549828
Maíz;2018/19;"BUENOS AIRES";"TRENQUE LAUQUEN";6;826;684218
Maíz;2019/20;"BUENOS AIRES";"TRENQUE LAUQUEN";6;826;858486
Maíz;2020/21;"BUENOS AIRES";"TRENQUE LAUQUEN";6;826;633107
Maíz;2021/22;"BUENOS AIRES";"TRENQUE LAUQUEN";6;826;639296
Maíz;2022/23;"BUENOS AIRES";"TRENQUE LAUQUEN";6;826;553340
Maíz;2023/24;"BUENOS AIRES";"TRENQUE LAUQUEN";6;826;634884
Maíz;2024/25;"BUENOS AIRES";"TRENQUE LAUQUEN";6;826;961082
Maíz;2015/16;"BUENOS AIRES";"TRES ARROYOS";6;833;280137
Maíz;2016/17;"BUENOS AIRES";"TRES ARROYOS";6;833;97548
Maíz;2017/18;"BUENOS AIRES";"TRES ARROYOS";6;833;249368
Maíz;2018/19;"BUENOS AIRES";"TRES ARROYOS";6;833;374880
Maíz;2019/20;"BUENOS AIRES";"TRES ARROYOS";6;833;365800
Maíz;2020/21;"BUENOS AIRES";"TRES ARROYOS";6;833;413591
Maíz;2021/22;"BUENOS AIRES";"TRES ARROYOS";6;833;272724
Maíz;2022/23;"BUENOS AIRES";"TRES ARROYOS";6;833;281856
Maíz;2023/24;"BUENOS AIRES";"TRES ARROYOS";6;833;586411
Maíz;2024/25;"BUENOS AIRES";"TRES ARROYOS";6;833;470087
Maíz;2015/16;"BUENOS AIRES";"TRES LOMAS";6;847;33352
Maíz;2016/17;"BUENOS AIRES";"TRES LOMAS";6;847;60040
Maíz;2017/18;"BUENOS AIRES";"TRES LOMAS";6;847;32760
Maíz;2018/19;"BUENOS AIRES";"TRES LOMAS";6;847;120000
Maíz;2019/20;"BUENOS AIRES";"TRES LOMAS";6;847;89680
Maíz;2020/21;"BUENOS AIRES";"TRES LOMAS";6;847;90000
Maíz;2021/22;"BUENOS AIRES";"TRES LOMAS";6;847;117000
Maíz;2022/23;"BUENOS AIRES";"TRES LOMAS";6;847;123500
Maíz;2023/24;"BUENOS AIRES";"TRES LOMAS";6;847;130000
Maíz;2024/25;"BUENOS AIRES";"TRES LOMAS";6;847;88400
Maíz;2015/16;"BUENOS AIRES";VILLARINO;6;875;24000
Maíz;2016/17;"BUENOS AIRES";VILLARINO;6;875;0
Maíz;2017/18;"BUENOS AIRES";VILLARINO;6;875;27232
Maíz;2018/19;"BUENOS AIRES";VILLARINO;6;875;50512
Maíz;2019/20;"BUENOS AIRES";VILLARINO;6;875;23296
Maíz;2020/21;"BUENOS AIRES";VILLARINO;6;875;58320
Maíz;2021/22;"BUENOS AIRES";VILLARINO;6;875;52000
Maíz;2022/23;"BUENOS AIRES";VILLARINO;6;875;37600
Maíz;2023/24;"BUENOS AIRES";VILLARINO;6;875;45846
Maíz;2024/25;"BUENOS AIRES";VILLARINO;6;875;47808
Maíz;2015/16;"BUENOS AIRES";ZARATE;6;882;14040
Maíz;2016/17;"BUENOS AIRES";ZARATE;6;882;19950
Maíz;2017/18;"BUENOS AIRES";ZARATE;6;882;17020
Maíz;2018/19;"BUENOS AIRES";ZARATE;6;882;27000
Maíz;2019/20;"BUENOS AIRES";ZARATE;6;882;21750
Maíz;2020/21;"BUENOS AIRES";ZARATE;6;882;18598
Maíz;2021/22;"BUENOS AIRES";ZARATE;6;882;35190
Maíz;2022/23;"BUENOS AIRES";ZARATE;6;882;15360
Maíz;2023/24;"BUENOS AIRES";ZARATE;6;882;32120
Maíz;2024/25;"BUENOS AIRES";ZARATE;6;882;29200
Maíz;2021/22;CATAMARCA;CAPAYAN;10;42;155
Maíz;2022/23;CATAMARCA;CAPAYAN;10;42;0
Maíz;2023/24;CATAMARCA;CAPAYAN;10;42;0
Maíz;2024/25;CATAMARCA;CAPAYAN;10;42;100
Maíz;2015/16;CATAMARCA;"EL ALTO";10;56;2400
Maíz;2016/17;CATAMARCA;"EL ALTO";10;56;1300
Maíz;2017/18;CATAMARCA;"EL ALTO";10;56;1640
Maíz;2018/19;CATAMARCA;"EL ALTO";10;56;3920
Maíz;2019/20;CATAMARCA;"EL ALTO";10;56;750
Maíz;2020/21;CATAMARCA;"EL ALTO";10;56;5000
Maíz;2021/22;CATAMARCA;"EL ALTO";10;56;3690
Maíz;2022/23;CATAMARCA;"EL ALTO";10;56;3157
Maíz;2023/24;CATAMARCA;"EL ALTO";10;56;960
Maíz;2024/25;CATAMARCA;"EL ALTO";10;56;988
Maíz;2015/16;CATAMARCA;"SANTA ROSA";10;98;90792
Maíz;2016/17;CATAMARCA;"SANTA ROSA";10;98;48750
Maíz;2017/18;CATAMARCA;"SANTA ROSA";10;98;82960
Maíz;2018/19;CATAMARCA;"SANTA ROSA";10;98;138750
Maíz;2019/20;CATAMARCA;"SANTA ROSA";10;98;90576
Maíz;2020/21;CATAMARCA;"SANTA ROSA";10;98;119880
Maíz;2021/22;CATAMARCA;"SANTA ROSA";10;98;99735
Maíz;2022/23;CATAMARCA;"SANTA ROSA";10;98;90776
Maíz;2023/24;CATAMARCA;"SANTA ROSA";10;98;28500
Maíz;2024/25;CATAMARCA;"SANTA ROSA";10;98;35900
Maíz;2015/16;CHACO;"12 DE OCTUBRE";22;36;145656
Maíz;2016/17;CHACO;"12 DE OCTUBRE";22;36;223335
Maíz;2017/18;CHACO;"12 DE OCTUBRE";22;36;170498
Maíz;2018/19;CHACO;"12 DE OCTUBRE";22;36;123804
Maíz;2019/20;CHACO;"12 DE OCTUBRE";22;36;120110
Maíz;2020/21;CHACO;"12 DE OCTUBRE";22;36;128775
Maíz;2021/22;CHACO;"12 DE OCTUBRE";22;36;206650
Maíz;2022/23;CHACO;"12 DE OCTUBRE";22;36;105740
Maíz;2023/24;CHACO;"12 DE OCTUBRE";22;36;9540
Maíz;2024/25;CHACO;"12 DE OCTUBRE";22;36;480
Maíz;2015/16;CHACO;"2 DE ABRIL";22;39;96552
Maíz;2016/17;CHACO;"2 DE ABRIL";22;39;176400
Maíz;2017/18;CHACO;"2 DE ABRIL";22;39;119652
Maíz;2018/19;CHACO;"2 DE ABRIL";22;39;88560
Maíz;2019/20;CHACO;"2 DE ABRIL";22;39;98111
Maíz;2020/21;CHACO;"2 DE ABRIL";22;39;56160
Maíz;2021/22;CHACO;"2 DE ABRIL";22;39;91000
Maíz;2022/23;CHACO;"2 DE ABRIL";22;39;46130
Maíz;2023/24;CHACO;"2 DE ABRIL";22;39;15713
Maíz;2024/25;CHACO;"2 DE ABRIL";22;39;2660
Maíz;2015/16;CHACO;"25 DE MAYO";22;168;1265
Maíz;2016/17;CHACO;"25 DE MAYO";22;168;1980
Maíz;2017/18;CHACO;"25 DE MAYO";22;168;2280
Maíz;2018/19;CHACO;"25 DE MAYO";22;168;2096
Maíz;2019/20;CHACO;"25 DE MAYO";22;168;1848
Maíz;2020/21;CHACO;"25 DE MAYO";22;168;392
Maíz;2021/22;CHACO;"25 DE MAYO";22;168;280
Maíz;2022/23;CHACO;"25 DE MAYO";22;168;1680
Maíz;2023/24;CHACO;"25 DE MAYO";22;168;650
Maíz;2024/25;CHACO;"25 DE MAYO";22;168;192
Maíz;2015/16;CHACO;"9 DE JULIO";22;105;144826
Maíz;2016/17;CHACO;"9 DE JULIO";22;105;234960
Maíz;2017/18;CHACO;"9 DE JULIO";22;105;178066
Maíz;2018/19;CHACO;"9 DE JULIO";22;105;131794
Maíz;2019/20;CHACO;"9 DE JULIO";22;105;173642
Maíz;2020/21;CHACO;"9 DE JULIO";22;105;80500
Maíz;2021/22;CHACO;"9 DE JULIO";22;105;76272
Maíz;2022/23;CHACO;"9 DE JULIO";22;105;45628
Maíz;2023/24;CHACO;"9 DE JULIO";22;105;27195
Maíz;2024/25;CHACO;"9 DE JULIO";22;105;18000
Maíz;2015/16;CHACO;"ALMIRANTE BROWN";22;7;357896
Maíz;2016/17;CHACO;"ALMIRANTE BROWN";22;7;513689
Maíz;2017/18;CHACO;"ALMIRANTE BROWN";22;7;423164
Maíz;2018/19;CHACO;"ALMIRANTE BROWN";22;7;389950
Maíz;2019/20;CHACO;"ALMIRANTE BROWN";22;7;395360
Maíz;2020/21;CHACO;"ALMIRANTE BROWN";22;7;284112
Maíz;2021/22;CHACO;"ALMIRANTE BROWN";22;7;349370
Maíz;2022/23;CHACO;"ALMIRANTE BROWN";22;7;278400
Maíz;2023/24;CHACO;"ALMIRANTE BROWN";22;7;93280
Maíz;2024/25;CHACO;"ALMIRANTE BROWN";22;7;98700
Maíz;2015/16;CHACO;BERMEJO;22;14;1700
Maíz;2015/16;CHACO;CHACABUCO;22;28;96048
Maíz;2016/17;CHACO;CHACABUCO;22;28;157542
Maíz;2017/18;CHACO;CHACABUCO;22;28;118349
Maíz;2018/19;CHACO;CHACABUCO;22;28;87657
Maíz;2019/20;CHACO;CHACABUCO;22;28;94765
Maíz;2020/21;CHACO;CHACABUCO;22;28;71708
Maíz;2021/22;CHACO;CHACABUCO;22;28;93350
Maíz;2022/23;CHACO;CHACABUCO;22;28;53010
Maíz;2023/24;CHACO;CHACABUCO;22;28;15200
Maíz;2024/25;CHACO;CHACABUCO;22;28;15000
Maíz;2015/16;CHACO;"COMANDANTE FERNANDEZ";22;21;45900
Maíz;2016/17;CHACO;"COMANDANTE FERNANDEZ";22;21;55500
Maíz;2017/18;CHACO;"COMANDANTE FERNANDEZ";22;21;30450
Maíz;2018/19;CHACO;"COMANDANTE FERNANDEZ";22;21;23000
Maíz;2019/20;CHACO;"COMANDANTE FERNANDEZ";22;21;25016
Maíz;2020/21;CHACO;"COMANDANTE FERNANDEZ";22;21;14112
Maíz;2021/22;CHACO;"COMANDANTE FERNANDEZ";22;21;17400
Maíz;2022/23;CHACO;"COMANDANTE FERNANDEZ";22;21;7740
Maíz;2023/24;CHACO;"COMANDANTE FERNANDEZ";22;21;1595
Maíz;2024/25;CHACO;"COMANDANTE FERNANDEZ";22;21;7140
Maíz;2015/16;CHACO;"FRAY JUSTO SANTA MARIA DE ORO";22;43;19551
Maíz;2016/17;CHACO;"FRAY JUSTO SANTA MARIA DE ORO";22;43;41250
Maíz;2017/18;CHACO;"FRAY JUSTO SANTA MARIA DE ORO";22;43;27300
Maíz;2018/19;CHACO;"FRAY JUSTO SANTA MARIA DE ORO";22;43;7275
Maíz;2019/20;CHACO;"FRAY JUSTO SANTA MARIA DE ORO";22;43;10026
Maíz;2020/21;CHACO;"FRAY JUSTO SANTA MARIA DE ORO";22;43;17136
Maíz;2021/22;CHACO;"FRAY JUSTO SANTA MARIA DE ORO";22;43;29232
Maíz;2022/23;CHACO;"FRAY JUSTO SANTA MARIA DE ORO";22;43;16960
Maíz;2023/24;CHACO;"FRAY JUSTO SANTA MARIA DE ORO";22;43;7920
Maíz;2024/25;CHACO;"FRAY JUSTO SANTA MARIA DE ORO";22;43;5292
Maíz;2015/16;CHACO;"GENERAL BELGRANO";22;49;52629
Maíz;2016/17;CHACO;"GENERAL BELGRANO";22;49;93262
Maíz;2017/18;CHACO;"GENERAL BELGRANO";22;49;65610
Maíz;2018/19;CHACO;"GENERAL BELGRANO";22;49;54264
Maíz;2019/20;CHACO;"GENERAL BELGRANO";22;49;58973
Maíz;2020/21;CHACO;"GENERAL BELGRANO";22;49;46710
Maíz;2021/22;CHACO;"GENERAL BELGRANO";22;49;64750
Maíz;2022/23;CHACO;"GENERAL BELGRANO";22;49;26860
Maíz;2023/24;CHACO;"GENERAL BELGRANO";22;49;14364
Maíz;2024/25;CHACO;"GENERAL BELGRANO";22;49;8360
Maíz;2015/16;CHACO;"GENERAL GUEMES";22;63;32395
Maíz;2016/17;CHACO;"GENERAL GUEMES";22;63;68788
Maíz;2017/18;CHACO;"GENERAL GUEMES";22;63;179730
Maíz;2018/19;CHACO;"GENERAL GUEMES";22;63;51500
Maíz;2019/20;CHACO;"GENERAL GUEMES";22;63;54111
Maíz;2020/21;CHACO;"GENERAL GUEMES";22;63;37620
Maíz;2021/22;CHACO;"GENERAL GUEMES";22;63;48720
Maíz;2022/23;CHACO;"GENERAL GUEMES";22;63;45900
Maíz;2023/24;CHACO;"GENERAL GUEMES";22;63;5160
Maíz;2024/25;CHACO;"GENERAL GUEMES";22;63;15390
Maíz;2015/16;CHACO;INDEPENDENCIA;22;70;51993
Maíz;2016/17;CHACO;INDEPENDENCIA;22;70;145275
Maíz;2017/18;CHACO;INDEPENDENCIA;22;70;93786
Maíz;2018/19;CHACO;INDEPENDENCIA;22;70;111600
Maíz;2019/20;CHACO;INDEPENDENCIA;22;70;136024
Maíz;2020/21;CHACO;INDEPENDENCIA;22;70;62760
Maíz;2021/22;CHACO;INDEPENDENCIA;22;70;93240
Maíz;2022/23;CHACO;INDEPENDENCIA;22;70;34365
Maíz;2023/24;CHACO;INDEPENDENCIA;22;70;14880
Maíz;2024/25;CHACO;INDEPENDENCIA;22;70;20000
Maíz;2015/16;CHACO;"LIBERTADOR GENERAL SAN MARTIN";22;84;6368
Maíz;2016/17;CHACO;"LIBERTADOR GENERAL SAN MARTIN";22;84;11609
Maíz;2017/18;CHACO;"LIBERTADOR GENERAL SAN MARTIN";22;84;9435
Maíz;2018/19;CHACO;"LIBERTADOR GENERAL SAN MARTIN";22;84;9880
Maíz;2019/20;CHACO;"LIBERTADOR GENERAL SAN MARTIN";22;84;10234
Maíz;2020/21;CHACO;"LIBERTADOR GENERAL SAN MARTIN";22;84;3000
Maíz;2021/22;CHACO;"LIBERTADOR GENERAL SAN MARTIN";22;84;4200
Maíz;2022/23;CHACO;"LIBERTADOR GENERAL SAN MARTIN";22;84;1178
Maíz;2023/24;CHACO;"LIBERTADOR GENERAL SAN MARTIN";22;84;6960
Maíz;2024/25;CHACO;"LIBERTADOR GENERAL SAN MARTIN";22;84;7560
Maíz;2015/16;CHACO;MAIPU;22;91;36885
Maíz;2016/17;CHACO;MAIPU;22;91;115320
Maíz;2017/18;CHACO;MAIPU;22;91;68976
Maíz;2018/19;CHACO;MAIPU;22;91;57120
Maíz;2019/20;CHACO;MAIPU;22;91;63342
Maíz;2020/21;CHACO;MAIPU;22;91;33423
Maíz;2021/22;CHACO;MAIPU;22;91;48640
Maíz;2022/23;CHACO;MAIPU;22;91;79600
Maíz;2023/24;CHACO;MAIPU;22;91;4350
Maíz;2024/25;CHACO;MAIPU;22;91;7700
Maíz;2015/16;CHACO;"MAYOR LUIS J. FONTANA";22;98;47618
Maíz;2016/17;CHACO;"MAYOR LUIS J. FONTANA";22;98;82869
Maíz;2017/18;CHACO;"MAYOR LUIS J. FONTANA";22;98;56952
Maíz;2018/19;CHACO;"MAYOR LUIS J. FONTANA";22;98;20515
Maíz;2019/20;CHACO;"MAYOR LUIS J. FONTANA";22;98;26967
Maíz;2020/21;CHACO;"MAYOR LUIS J. FONTANA";22;98;17066
Maíz;2021/22;CHACO;"MAYOR LUIS J. FONTANA";22;98;27300
Maíz;2022/23;CHACO;"MAYOR LUIS J. FONTANA";22;98;19470
Maíz;2023/24;CHACO;"MAYOR LUIS J. FONTANA";22;98;6580
Maíz;2024/25;CHACO;"MAYOR LUIS J. FONTANA";22;98;4250
Maíz;2015/16;CHACO;O'HIGGINS;22;112;19000
Maíz;2016/17;CHACO;O'HIGGINS;22;112;37808
Maíz;2017/18;CHACO;O'HIGGINS;22;112;26520
Maíz;2018/19;CHACO;O'HIGGINS;22;112;8845
Maíz;2019/20;CHACO;O'HIGGINS;22;112;13596
Maíz;2020/21;CHACO;O'HIGGINS;22;112;30331
Maíz;2021/22;CHACO;O'HIGGINS;22;112;42973
Maíz;2022/23;CHACO;O'HIGGINS;22;112;28656
Maíz;2023/24;CHACO;O'HIGGINS;22;112;18400
Maíz;2024/25;CHACO;O'HIGGINS;22;112;15480
Maíz;2015/16;CHACO;"PRESIDENCIA DE LA PLAZA";22;119;600
Maíz;2016/17;CHACO;"PRESIDENCIA DE LA PLAZA";22;119;420
Maíz;2017/18;CHACO;"PRESIDENCIA DE LA PLAZA";22;119;320
Maíz;2018/19;CHACO;"PRESIDENCIA DE LA PLAZA";22;119;312
Maíz;2019/20;CHACO;"PRESIDENCIA DE LA PLAZA";22;119;435
Maíz;2020/21;CHACO;"PRESIDENCIA DE LA PLAZA";22;119;250
Maíz;2021/22;CHACO;"PRESIDENCIA DE LA PLAZA";22;119;280
Maíz;2022/23;CHACO;"PRESIDENCIA DE LA PLAZA";22;119;132
Maíz;2023/24;CHACO;"PRESIDENCIA DE LA PLAZA";22;119;350
Maíz;2024/25;CHACO;"PRESIDENCIA DE LA PLAZA";22;119;0
Maíz;2015/16;CHACO;QUITILIPI;22;133;12428
Maíz;2016/17;CHACO;QUITILIPI;22;133;2204
Maíz;2017/18;CHACO;QUITILIPI;22;133;7056
Maíz;2018/19;CHACO;QUITILIPI;22;133;6808
Maíz;2019/20;CHACO;QUITILIPI;22;133;7950
Maíz;2020/21;CHACO;QUITILIPI;22;133;4950
Maíz;2021/22;CHACO;QUITILIPI;22;133;4160
Maíz;2022/23;CHACO;QUITILIPI;22;133;1330
Maíz;2023/24;CHACO;QUITILIPI;22;133;480
Maíz;2024/25;CHACO;QUITILIPI;22;133;450
Maíz;2015/16;CHACO;"SAN FERNANDO";22;140;7350
Maíz;2016/17;CHACO;"SAN FERNANDO";22;140;18414
Maíz;2017/18;CHACO;"SAN FERNANDO";22;140;12408
Maíz;2018/19;CHACO;"SAN FERNANDO";22;140;5230
Maíz;2019/20;CHACO;"SAN FERNANDO";22;140;6828
Maíz;2020/21;CHACO;"SAN FERNANDO";22;140;300
Maíz;2021/22;CHACO;"SAN FERNANDO";22;140;365
Maíz;2015/16;CHACO;"SAN LORENZO";22;147;6966
Maíz;2016/17;CHACO;"SAN LORENZO";22;147;14384
Maíz;2017/18;CHACO;"SAN LORENZO";22;147;9053
Maíz;2018/19;CHACO;"SAN LORENZO";22;147;3173
Maíz;2019/20;CHACO;"SAN LORENZO";22;147;4264
Maíz;2020/21;CHACO;"SAN LORENZO";22;147;2562
Maíz;2021/22;CHACO;"SAN LORENZO";22;147;1417
Maíz;2022/23;CHACO;"SAN LORENZO";22;147;1110
Maíz;2023/24;CHACO;"SAN LORENZO";22;147;1188
Maíz;2024/25;CHACO;"SAN LORENZO";22;147;0
Maíz;2015/16;CHACO;"SARGENTO CABRAL";22;154;3333
Maíz;2016/17;CHACO;"SARGENTO CABRAL";22;154;4875
Maíz;2017/18;CHACO;"SARGENTO CABRAL";22;154;4750
Maíz;2018/19;CHACO;"SARGENTO CABRAL";22;154;4840
Maíz;2019/20;CHACO;"SARGENTO CABRAL";22;154;5130
Maíz;2020/21;CHACO;"SARGENTO CABRAL";22;154;648
Maíz;2021/22;CHACO;"SARGENTO CABRAL";22;154;1140
Maíz;2022/23;CHACO;"SARGENTO CABRAL";22;154;460
Maíz;2023/24;CHACO;"SARGENTO CABRAL";22;154;475
Maíz;2024/25;CHACO;"SARGENTO CABRAL";22;154;190
Maíz;2015/16;CORDOBA;CALAMUCHITA;14;7;75632
Maíz;2016/17;CORDOBA;CALAMUCHITA;14;7;146900
Maíz;2017/18;CORDOBA;CALAMUCHITA;14;7;125059
Maíz;2018/19;CORDOBA;CALAMUCHITA;14;7;207128
Maíz;2019/20;CORDOBA;CALAMUCHITA;14;7;187200
Maíz;2020/21;CORDOBA;CALAMUCHITA;14;7;180700
Maíz;2021/22;CORDOBA;CALAMUCHITA;14;7;172800
Maíz;2022/23;CORDOBA;CALAMUCHITA;14;7;92350
Maíz;2023/24;CORDOBA;CALAMUCHITA;14;7;145125
Maíz;2024/25;CORDOBA;CALAMUCHITA;14;7;129500
Maíz;2015/16;CORDOBA;CAPITAL;14;14;7636
Maíz;2016/17;CORDOBA;CAPITAL;14;14;8800
Maíz;2017/18;CORDOBA;CAPITAL;14;14;7200
Maíz;2018/19;CORDOBA;CAPITAL;14;14;10800
Maíz;2019/20;CORDOBA;CAPITAL;14;14;10400
Maíz;2020/21;CORDOBA;CAPITAL;14;14;43200
Maíz;2021/22;CORDOBA;CAPITAL;14;14;40500
Maíz;2022/23;CORDOBA;CAPITAL;14;14;25000
Maíz;2023/24;CORDOBA;CAPITAL;14;14;32500
Maíz;2024/25;CORDOBA;CAPITAL;14;14;30000
Maíz;2015/16;CORDOBA;COLON;14;21;214890
Maíz;2016/17;CORDOBA;COLON;14;21;252000
Maíz;2017/18;CORDOBA;COLON;14;21;152464
Maíz;2018/19;CORDOBA;COLON;14;21;414482
Maíz;2019/20;CORDOBA;COLON;14;21;377684
Maíz;2020/21;CORDOBA;COLON;14;21;349650
Maíz;2021/22;CORDOBA;COLON;14;21;266737
Maíz;2022/23;CORDOBA;COLON;14;21;280475
Maíz;2023/24;CORDOBA;COLON;14;21;363868
Maíz;2024/25;CORDOBA;COLON;14;21;253827
Maíz;2020/21;CORDOBA;"CRUZ DEL EJE";14;28;9600
Maíz;2021/22;CORDOBA;"CRUZ DEL EJE";14;28;24000
Maíz;2022/23;CORDOBA;"CRUZ DEL EJE";14;28;21600
Maíz;2023/24;CORDOBA;"CRUZ DEL EJE";14;28;71500
Maíz;2024/25;CORDOBA;"CRUZ DEL EJE";14;28;64000
Maíz;2015/16;CORDOBA;"GENERAL ROCA";14;35;1630860
Maíz;2016/17;CORDOBA;"GENERAL ROCA";14;35;1985100
Maíz;2017/18;CORDOBA;"GENERAL ROCA";14;35;1742000
Maíz;2018/19;CORDOBA;"GENERAL ROCA";14;35;2100560
Maíz;2019/20;CORDOBA;"GENERAL ROCA";14;35;1892877
Maíz;2020/21;CORDOBA;"GENERAL ROCA";14;35;2354998
Maíz;2021/22;CORDOBA;"GENERAL ROCA";14;35;2083601
Maíz;2022/23;CORDOBA;"GENERAL ROCA";14;35;1891147
Maíz;2023/24;CORDOBA;"GENERAL ROCA";14;35;2651586
Maíz;2024/25;CORDOBA;"GENERAL ROCA";14;35;2716787
Maíz;2015/16;CORDOBA;"GENERAL SAN MARTIN";14;42;276105
Maíz;2016/17;CORDOBA;"GENERAL SAN MARTIN";14;42;365500
Maíz;2017/18;CORDOBA;"GENERAL SAN MARTIN";14;42;293540
Maíz;2018/19;CORDOBA;"GENERAL SAN MARTIN";14;42;675000
Maíz;2019/20;CORDOBA;"GENERAL SAN MARTIN";14;42;663000
Maíz;2020/21;CORDOBA;"GENERAL SAN MARTIN";14;42;584800
Maíz;2021/22;CORDOBA;"GENERAL SAN MARTIN";14;42;539000
Maíz;2022/23;CORDOBA;"GENERAL SAN MARTIN";14;42;315400
Maíz;2023/24;CORDOBA;"GENERAL SAN MARTIN";14;42;513500
Maíz;2024/25;CORDOBA;"GENERAL SAN MARTIN";14;42;448000
Maíz;2015/16;CORDOBA;ISCHILIN;14;49;55115
Maíz;2016/17;CORDOBA;ISCHILIN;14;49;67620
Maíz;2017/18;CORDOBA;ISCHILIN;14;49;39510
Maíz;2018/19;CORDOBA;ISCHILIN;14;49;24028
Maíz;2019/20;CORDOBA;ISCHILIN;14;49;40420
Maíz;2020/21;CORDOBA;ISCHILIN;14;49;34286
Maíz;2021/22;CORDOBA;ISCHILIN;14;49;27710
Maíz;2022/23;CORDOBA;ISCHILIN;14;49;24280
Maíz;2023/24;CORDOBA;ISCHILIN;14;49;44856
Maíz;2024/25;CORDOBA;ISCHILIN;14;49;34254
Maíz;2015/16;CORDOBA;"JUAREZ CELMAN";14;56;1059840
Maíz;2016/17;CORDOBA;"JUAREZ CELMAN";14;56;951296
Maíz;2017/18;CORDOBA;"JUAREZ CELMAN";14;56;807825
Maíz;2018/19;CORDOBA;"JUAREZ CELMAN";14;56;1231282
Maíz;2019/20;CORDOBA;"JUAREZ CELMAN";14;56;1152600
Maíz;2020/21;CORDOBA;"JUAREZ CELMAN";14;56;1659200
Maíz;2021/22;CORDOBA;"JUAREZ CELMAN";14;56;1294800
Maíz;2022/23;CORDOBA;"JUAREZ CELMAN";14;56;734490
Maíz;2023/24;CORDOBA;"JUAREZ CELMAN";14;56;1550080
Maíz;2024/25;CORDOBA;"JUAREZ CELMAN";14;56;1339600
Maíz;2015/16;CORDOBA;"MARCOS JUAREZ";14;63;774656
Maíz;2016/17;CORDOBA;"MARCOS JUAREZ";14;63;1599918
Maíz;2017/18;CORDOBA;"MARCOS JUAREZ";14;63;1537137
Maíz;2018/19;CORDOBA;"MARCOS JUAREZ";14;63;1764689
Maíz;2019/20;CORDOBA;"MARCOS JUAREZ";14;63;1755991
Maíz;2020/21;CORDOBA;"MARCOS JUAREZ";14;63;1884132
Maíz;2021/22;CORDOBA;"MARCOS JUAREZ";14;63;2234000
Maíz;2022/23;CORDOBA;"MARCOS JUAREZ";14;63;1177600
Maíz;2023/24;CORDOBA;"MARCOS JUAREZ";14;63;2280210
Maíz;2024/25;CORDOBA;"MARCOS JUAREZ";14;63;2017620
Maíz;2015/16;CORDOBA;POCHO;14;77;18550
Maíz;2016/17;CORDOBA;POCHO;14;77;18000
Maíz;2017/18;CORDOBA;POCHO;14;77;19965
Maíz;2018/19;CORDOBA;POCHO;14;77;26000
Maíz;2019/20;CORDOBA;POCHO;14;77;21000
Maíz;2020/21;CORDOBA;POCHO;14;77;28000
Maíz;2021/22;CORDOBA;POCHO;14;77;21000
Maíz;2022/23;CORDOBA;POCHO;14;77;13912
Maíz;2023/24;CORDOBA;POCHO;14;77;27200
Maíz;2024/25;CORDOBA;POCHO;14;77;22750
Maíz;2015/16;CORDOBA;"PRESIDENTE ROQUE SAENZ PENA";14;84;667945
Maíz;2016/17;CORDOBA;"PRESIDENTE ROQUE SAENZ PENA";14;84;836160
Maíz;2017/18;CORDOBA;"PRESIDENTE ROQUE SAENZ PENA";14;84;1075800
Maíz;2018/19;CORDOBA;"PRESIDENTE ROQUE SAENZ PENA";14;84;854780
Maíz;2019/20;CORDOBA;"PRESIDENTE ROQUE SAENZ PENA";14;84;858030
Maíz;2020/21;CORDOBA;"PRESIDENTE ROQUE SAENZ PENA";14;84;1158620
Maíz;2021/22;CORDOBA;"PRESIDENTE ROQUE SAENZ PENA";14;84;1301533
Maíz;2022/23;CORDOBA;"PRESIDENTE ROQUE SAENZ PENA";14;84;1277281
Maíz;2023/24;CORDOBA;"PRESIDENTE ROQUE SAENZ PENA";14;84;1800414
Maíz;2024/25;CORDOBA;"PRESIDENTE ROQUE SAENZ PENA";14;84;1248884
Maíz;2015/16;CORDOBA;"RIO CUARTO";14;98;1996600
Maíz;2016/17;CORDOBA;"RIO CUARTO";14;98;2908143
Maíz;2017/18;CORDOBA;"RIO CUARTO";14;98;1586732
Maíz;2018/19;CORDOBA;"RIO CUARTO";14;98;3399048
Maíz;2019/20;CORDOBA;"RIO CUARTO";14;98;2915400
Maíz;2020/21;CORDOBA;"RIO CUARTO";14;98;3412500
Maíz;2021/22;CORDOBA;"RIO CUARTO";14;98;2887500
Maíz;2022/23;CORDOBA;"RIO CUARTO";14;98;1672203
Maíz;2023/24;CORDOBA;"RIO CUARTO";14;98;3156840
Maíz;2024/25;CORDOBA;"RIO CUARTO";14;98;3237000
Maíz;2015/16;CORDOBA;"RIO PRIMERO";14;105;963300
Maíz;2016/17;CORDOBA;"RIO PRIMERO";14;105;1010650
Maíz;2017/18;CORDOBA;"RIO PRIMERO";14;105;452686
Maíz;2018/19;CORDOBA;"RIO PRIMERO";14;105;713487
Maíz;2019/20;CORDOBA;"RIO PRIMERO";14;105;1050255
Maíz;2020/21;CORDOBA;"RIO PRIMERO";14;105;1192379
Maíz;2021/22;CORDOBA;"RIO PRIMERO";14;105;1255816
Maíz;2022/23;CORDOBA;"RIO PRIMERO";14;105;954158
Maíz;2023/24;CORDOBA;"RIO PRIMERO";14;105;1069965
Maíz;2024/25;CORDOBA;"RIO PRIMERO";14;105;729390
Maíz;2015/16;CORDOBA;"RIO SECO";14;112;385950
Maíz;2016/17;CORDOBA;"RIO SECO";14;112;294000
Maíz;2017/18;CORDOBA;"RIO SECO";14;112;303416
Maíz;2018/19;CORDOBA;"RIO SECO";14;112;524199
Maíz;2019/20;CORDOBA;"RIO SECO";14;112;583816
Maíz;2020/21;CORDOBA;"RIO SECO";14;112;411740
Maíz;2021/22;CORDOBA;"RIO SECO";14;112;349853
Maíz;2022/23;CORDOBA;"RIO SECO";14;112;238098
Maíz;2023/24;CORDOBA;"RIO SECO";14;112;212065
Maíz;2024/25;CORDOBA;"RIO SECO";14;112;218526
Maíz;2015/16;CORDOBA;"RIO SEGUNDO";14;119;477416
Maíz;2016/17;CORDOBA;"RIO SEGUNDO";14;119;782000
Maíz;2017/18;CORDOBA;"RIO SEGUNDO";14;119;464660
Maíz;2018/19;CORDOBA;"RIO SEGUNDO";14;119;945000
Maíz;2019/20;CORDOBA;"RIO SEGUNDO";14;119;926500
Maíz;2020/21;CORDOBA;"RIO SEGUNDO";14;119;1113500
Maíz;2021/22;CORDOBA;"RIO SEGUNDO";14;119;1096000
Maíz;2022/23;CORDOBA;"RIO SEGUNDO";14;119;803000
Maíz;2023/24;CORDOBA;"RIO SEGUNDO";14;119;864000
Maíz;2024/25;CORDOBA;"RIO SEGUNDO";14;119;716000
Maíz;2015/16;CORDOBA;"SAN ALBERTO";14;126;5800
Maíz;2016/17;CORDOBA;"SAN ALBERTO";14;126;9625
Maíz;2017/18;CORDOBA;"SAN ALBERTO";14;126;11700
Maíz;2018/19;CORDOBA;"SAN ALBERTO";14;126;17550
Maíz;2019/20;CORDOBA;"SAN ALBERTO";14;126;11700
Maíz;2020/21;CORDOBA;"SAN ALBERTO";14;126;13650
Maíz;2021/22;CORDOBA;"SAN ALBERTO";14;126;17550
Maíz;2022/23;CORDOBA;"SAN ALBERTO";14;126;7751
Maíz;2023/24;CORDOBA;"SAN ALBERTO";14;126;25900
Maíz;2024/25;CORDOBA;"SAN ALBERTO";14;126;56000
Maíz;2015/16;CORDOBA;"SAN JAVIER";14;133;26400
Maíz;2016/17;CORDOBA;"SAN JAVIER";14;133;31500
Maíz;2017/18;CORDOBA;"SAN JAVIER";14;133;27000
Maíz;2018/19;CORDOBA;"SAN JAVIER";14;133;27000
Maíz;2019/20;CORDOBA;"SAN JAVIER";14;133;27000
Maíz;2020/21;CORDOBA;"SAN JAVIER";14;133;28500
Maíz;2021/22;CORDOBA;"SAN JAVIER";14;133;27000
Maíz;2022/23;CORDOBA;"SAN JAVIER";14;133;16491
Maíz;2023/24;CORDOBA;"SAN JAVIER";14;133;40500
Maíz;2024/25;CORDOBA;"SAN JAVIER";14;133;31500
Maíz;2015/16;CORDOBA;"SAN JUSTO";14;140;823900
Maíz;2016/17;CORDOBA;"SAN JUSTO";14;140;933750
Maíz;2017/18;CORDOBA;"SAN JUSTO";14;140;809310
Maíz;2018/19;CORDOBA;"SAN JUSTO";14;140;1518124
Maíz;2019/20;CORDOBA;"SAN JUSTO";14;140;1627478
Maíz;2020/21;CORDOBA;"SAN JUSTO";14;140;2499860
Maíz;2021/22;CORDOBA;"SAN JUSTO";14;140;1968176
Maíz;2022/23;CORDOBA;"SAN JUSTO";14;140;1132892
Maíz;2023/24;CORDOBA;"SAN JUSTO";14;140;1196078
Maíz;2024/25;CORDOBA;"SAN JUSTO";14;140;1107250
Maíz;2015/16;CORDOBA;"SANTA MARIA";14;147;191685
Maíz;2016/17;CORDOBA;"SANTA MARIA";14;147;348000
Maíz;2017/18;CORDOBA;"SANTA MARIA";14;147;392000
Maíz;2018/19;CORDOBA;"SANTA MARIA";14;147;587100
Maíz;2019/20;CORDOBA;"SANTA MARIA";14;147;612000
Maíz;2020/21;CORDOBA;"SANTA MARIA";14;147;489600
Maíz;2021/22;CORDOBA;"SANTA MARIA";14;147;560000
Maíz;2022/23;CORDOBA;"SANTA MARIA";14;147;355000
Maíz;2023/24;CORDOBA;"SANTA MARIA";14;147;418500
Maíz;2024/25;CORDOBA;"SANTA MARIA";14;147;384000
Maíz;2015/16;CORDOBA;SOBREMONTE;14;154;17640
Maíz;2016/17;CORDOBA;SOBREMONTE;14;154;15000
Maíz;2015/16;CORDOBA;"TERCERO ARRIBA";14;161;499204
Maíz;2016/17;CORDOBA;"TERCERO ARRIBA";14;161;765000
Maíz;2017/18;CORDOBA;"TERCERO ARRIBA";14;161;672360
Maíz;2018/19;CORDOBA;"TERCERO ARRIBA";14;161;967500
Maíz;2019/20;CORDOBA;"TERCERO ARRIBA";14;161;1242400
Maíz;2020/21;CORDOBA;"TERCERO ARRIBA";14;161;1278900
Maíz;2021/22;CORDOBA;"TERCERO ARRIBA";14;161;1099000
Maíz;2022/23;CORDOBA;"TERCERO ARRIBA";14;161;748800
Maíz;2023/24;CORDOBA;"TERCERO ARRIBA";14;161;1148000
Maíz;2024/25;CORDOBA;"TERCERO ARRIBA";14;161;943500
Maíz;2015/16;CORDOBA;TOTORAL;14;168;691390
Maíz;2016/17;CORDOBA;TOTORAL;14;168;614100
Maíz;2017/18;CORDOBA;TOTORAL;14;168;521620
Maíz;2018/19;CORDOBA;TOTORAL;14;168;704046
Maíz;2019/20;CORDOBA;TOTORAL;14;168;705641
Maíz;2020/21;CORDOBA;TOTORAL;14;168;536536
Maíz;2021/22;CORDOBA;TOTORAL;14;168;492594
Maíz;2022/23;CORDOBA;TOTORAL;14;168;386334
Maíz;2023/24;CORDOBA;TOTORAL;14;168;434924
Maíz;2024/25;CORDOBA;TOTORAL;14;168;359580
Maíz;2015/16;CORDOBA;TULUMBA;14;175;339450
Maíz;2016/17;CORDOBA;TULUMBA;14;175;230000
Maíz;2017/18;CORDOBA;TULUMBA;14;175;302354
Maíz;2018/19;CORDOBA;TULUMBA;14;175;544654
Maíz;2019/20;CORDOBA;TULUMBA;14;175;576122
Maíz;2020/21;CORDOBA;TULUMBA;14;175;407468
Maíz;2021/22;CORDOBA;TULUMBA;14;175;430596
Maíz;2022/23;CORDOBA;TULUMBA;14;175;247100
Maíz;2023/24;CORDOBA;TULUMBA;14;175;242627
Maíz;2024/25;CORDOBA;TULUMBA;14;175;245350
Maíz;2015/16;CORDOBA;UNION;14;182;1055571
Maíz;2016/17;CORDOBA;UNION;14;182;1997218
Maíz;2017/18;CORDOBA;UNION;14;182;1933008
Maíz;2018/19;CORDOBA;UNION;14;182;1740019
Maíz;2019/20;CORDOBA;UNION;14;182;1959250
Maíz;2020/21;CORDOBA;UNION;14;182;2018524
Maíz;2021/22;CORDOBA;UNION;14;182;2269800
Maíz;2022/23;CORDOBA;UNION;14;182;1106560
Maíz;2023/24;CORDOBA;UNION;14;182;2323605
Maíz;2024/25;CORDOBA;UNION;14;182;1638244
Maíz;2018/19;CORRIENTES;"BELLA VISTA";18;7;3465
Maíz;2019/20;CORRIENTES;"BELLA VISTA";18;7;3150
Maíz;2020/21;CORRIENTES;"BELLA VISTA";18;7;3300
Maíz;2021/22;CORRIENTES;"BELLA VISTA";18;7;2700
Maíz;2022/23;CORRIENTES;"BELLA VISTA";18;7;1350
Maíz;2023/24;CORRIENTES;"BELLA VISTA";18;7;2400
Maíz;2024/25;CORRIENTES;"BELLA VISTA";18;7;3120
Maíz;2018/19;CORRIENTES;"BERON DE ASTRADA";18;14;2142
Maíz;2019/20;CORRIENTES;"BERON DE ASTRADA";18;14;1890
Maíz;2020/21;CORRIENTES;"BERON DE ASTRADA";18;14;2200
Maíz;2021/22;CORRIENTES;"BERON DE ASTRADA";18;14;1800
Maíz;2022/23;CORRIENTES;"BERON DE ASTRADA";18;14;675
Maíz;2023/24;CORRIENTES;"BERON DE ASTRADA";18;14;1600
Maíz;2024/25;CORRIENTES;"BERON DE ASTRADA";18;14;2080
Maíz;2018/19;CORRIENTES;CAPITAL;18;21;4032
Maíz;2019/20;CORRIENTES;CAPITAL;18;21;3150
Maíz;2020/21;CORRIENTES;CAPITAL;18;21;3850
Maíz;2021/22;CORRIENTES;CAPITAL;18;21;3150
Maíz;2022/23;CORRIENTES;CAPITAL;18;21;1800
Maíz;2023/24;CORRIENTES;CAPITAL;18;21;1200
Maíz;2024/25;CORRIENTES;CAPITAL;18;21;0
Maíz;2018/19;CORRIENTES;CONCEPCION;18;28;2961
Maíz;2019/20;CORRIENTES;CONCEPCION;18;28;3150
Maíz;2020/21;CORRIENTES;CONCEPCION;18;28;2750
Maíz;2021/22;CORRIENTES;CONCEPCION;18;28;2250
Maíz;2022/23;CORRIENTES;CONCEPCION;18;28;1125
Maíz;2023/24;CORRIENTES;CONCEPCION;18;28;2000
Maíz;2024/25;CORRIENTES;CONCEPCION;18;28;2080
Maíz;2018/19;CORRIENTES;"CURUZU CUATIA";18;35;4662
Maíz;2019/20;CORRIENTES;"CURUZU CUATIA";18;35;4410
Maíz;2020/21;CORRIENTES;"CURUZU CUATIA";18;35;4400
Maíz;2021/22;CORRIENTES;"CURUZU CUATIA";18;35;3600
Maíz;2022/23;CORRIENTES;"CURUZU CUATIA";18;35;2250
Maíz;2023/24;CORRIENTES;"CURUZU CUATIA";18;35;3200
Maíz;2024/25;CORRIENTES;"CURUZU CUATIA";18;35;5200
Maíz;2018/19;CORRIENTES;EMPEDRADO;18;42;1701
Maíz;2019/20;CORRIENTES;EMPEDRADO;18;42;1890
Maíz;2020/21;CORRIENTES;EMPEDRADO;18;42;1650
Maíz;2021/22;CORRIENTES;EMPEDRADO;18;42;1350
Maíz;2022/23;CORRIENTES;EMPEDRADO;18;42;900
Maíz;2023/24;CORRIENTES;EMPEDRADO;18;42;1200
Maíz;2024/25;CORRIENTES;EMPEDRADO;18;42;1040
Maíz;2018/19;CORRIENTES;ESQUINA;18;49;2804
Maíz;2019/20;CORRIENTES;ESQUINA;18;49;3150
Maíz;2020/21;CORRIENTES;ESQUINA;18;49;2750
Maíz;2021/22;CORRIENTES;ESQUINA;18;49;2250
Maíz;2022/23;CORRIENTES;ESQUINA;18;49;1350
Maíz;2023/24;CORRIENTES;ESQUINA;18;49;2000
Maíz;2024/25;CORRIENTES;ESQUINA;18;49;2600
Maíz;2018/19;CORRIENTES;GOYA;18;70;2898
Maíz;2019/20;CORRIENTES;GOYA;18;70;3150
Maíz;2020/21;CORRIENTES;GOYA;18;70;2750
Maíz;2021/22;CORRIENTES;GOYA;18;70;2250
Maíz;2022/23;CORRIENTES;GOYA;18;70;1350
Maíz;2023/24;CORRIENTES;GOYA;18;70;2000
Maíz;2024/25;CORRIENTES;GOYA;18;70;6240
Maíz;2019/20;CORRIENTES;ITATI;18;77;1317
Maíz;2018/19;CORRIENTES;ITUZAINGO;18;84;4095
Maíz;2019/20;CORRIENTES;ITUZAINGO;18;84;4410
Maíz;2020/21;CORRIENTES;ITUZAINGO;18;84;3850
Maíz;2021/22;CORRIENTES;ITUZAINGO;18;84;3150
Maíz;2022/23;CORRIENTES;ITUZAINGO;18;84;2025
Maíz;2023/24;CORRIENTES;ITUZAINGO;18;84;2800
Maíz;2024/25;CORRIENTES;ITUZAINGO;18;84;3640
Maíz;2018/19;CORRIENTES;LAVALLE;18;91;5418
Maíz;2019/20;CORRIENTES;LAVALLE;18;91;5670
Maíz;2020/21;CORRIENTES;LAVALLE;18;91;4950
Maíz;2021/22;CORRIENTES;LAVALLE;18;91;4050
Maíz;2022/23;CORRIENTES;LAVALLE;18;91;2700
Maíz;2023/24;CORRIENTES;LAVALLE;18;91;3600
Maíz;2024/25;CORRIENTES;LAVALLE;18;91;2340
Maíz;2018/19;CORRIENTES;MERCEDES;18;105;4032
Maíz;2019/20;CORRIENTES;MERCEDES;18;105;4410
Maíz;2020/21;CORRIENTES;MERCEDES;18;105;3850
Maíz;2021/22;CORRIENTES;MERCEDES;18;105;3150
Maíz;2022/23;CORRIENTES;MERCEDES;18;105;2250
Maíz;2023/24;CORRIENTES;MERCEDES;18;105;3600
Maíz;2024/25;CORRIENTES;MERCEDES;18;105;7800
Maíz;2018/19;CORRIENTES;"PASO DE LOS LIBRES";18;119;2016
Maíz;2019/20;CORRIENTES;"PASO DE LOS LIBRES";18;119;2520
Maíz;2020/21;CORRIENTES;"PASO DE LOS LIBRES";18;119;2200
Maíz;2021/22;CORRIENTES;"PASO DE LOS LIBRES";18;119;1800
Maíz;2022/23;CORRIENTES;"PASO DE LOS LIBRES";18;119;1350
Maíz;2023/24;CORRIENTES;"PASO DE LOS LIBRES";18;119;1600
Maíz;2024/25;CORRIENTES;"PASO DE LOS LIBRES";18;119;2080
Maíz;2018/19;CORRIENTES;SALADAS;18;126;3276
Maíz;2019/20;CORRIENTES;SALADAS;18;126;3150
Maíz;2020/21;CORRIENTES;SALADAS;18;126;3300
Maíz;2021/22;CORRIENTES;SALADAS;18;126;2700
Maíz;2022/23;CORRIENTES;SALADAS;18;126;1575
Maíz;2023/24;CORRIENTES;SALADAS;18;126;2400
Maíz;2024/25;CORRIENTES;SALADAS;18;126;2600
Maíz;2018/19;CORRIENTES;"SAN LUIS DEL PALMAR";18;140;7056
Maíz;2019/20;CORRIENTES;"SAN LUIS DEL PALMAR";18;140;5733
Maíz;2020/21;CORRIENTES;"SAN LUIS DEL PALMAR";18;140;6600
Maíz;2021/22;CORRIENTES;"SAN LUIS DEL PALMAR";18;140;5400
Maíz;2022/23;CORRIENTES;"SAN LUIS DEL PALMAR";18;140;3600
Maíz;2023/24;CORRIENTES;"SAN LUIS DEL PALMAR";18;140;4800
Maíz;2024/25;CORRIENTES;"SAN LUIS DEL PALMAR";18;140;2080
Maíz;2018/19;CORRIENTES;"SAN MARTIN";18;147;4536
Maíz;2019/20;CORRIENTES;"SAN MARTIN";18;147;5040
Maíz;2020/21;CORRIENTES;"SAN MARTIN";18;147;4400
Maíz;2021/22;CORRIENTES;"SAN MARTIN";18;147;3600
Maíz;2022/23;CORRIENTES;"SAN MARTIN";18;147;2475
Maíz;2023/24;CORRIENTES;"SAN MARTIN";18;147;3200
Maíz;2024/25;CORRIENTES;"SAN MARTIN";18;147;4160
Maíz;2018/19;CORRIENTES;"SAN MIGUEL";18;154;1008
Maíz;2019/20;CORRIENTES;"SAN MIGUEL";18;154;5865
Maíz;2020/21;CORRIENTES;"SAN MIGUEL";18;154;1375
Maíz;2021/22;CORRIENTES;"SAN MIGUEL";18;154;1125
Maíz;2022/23;CORRIENTES;"SAN MIGUEL";18;154;900
Maíz;2023/24;CORRIENTES;"SAN MIGUEL";18;154;1000
Maíz;2024/25;CORRIENTES;"SAN MIGUEL";18;154;1300
Maíz;2018/19;CORRIENTES;"SAN ROQUE";18;161;2520
Maíz;2019/20;CORRIENTES;"SAN ROQUE";18;161;2835
Maíz;2020/21;CORRIENTES;"SAN ROQUE";18;161;2475
Maíz;2021/22;CORRIENTES;"SAN ROQUE";18;161;2025
Maíz;2022/23;CORRIENTES;"SAN ROQUE";18;161;1575
Maíz;2023/24;CORRIENTES;"SAN ROQUE";18;161;1800
Maíz;2024/25;CORRIENTES;"SAN ROQUE";18;161;2340
Maíz;2018/19;CORRIENTES;"SANTO TOME";18;168;1814
Maíz;2019/20;CORRIENTES;"SANTO TOME";18;168;2174
Maíz;2020/21;CORRIENTES;"SANTO TOME";18;168;2200
Maíz;2021/22;CORRIENTES;"SANTO TOME";18;168;1800
Maíz;2022/23;CORRIENTES;"SANTO TOME";18;168;1125
Maíz;2023/24;CORRIENTES;"SANTO TOME";18;168;1600
Maíz;2024/25;CORRIENTES;"SANTO TOME";18;168;2080
Maíz;2018/19;CORRIENTES;SAUCE;18;175;1877
Maíz;2019/20;CORRIENTES;SAUCE;18;175;2237
Maíz;2020/21;CORRIENTES;SAUCE;18;175;1650
Maíz;2021/22;CORRIENTES;SAUCE;18;175;1350
Maíz;2022/23;CORRIENTES;SAUCE;18;175;900
Maíz;2023/24;CORRIENTES;SAUCE;18;175;2000
Maíz;2024/25;CORRIENTES;SAUCE;18;175;2600
Maíz;2015/16;CORRIENTES;"SIN DEFINIR";18;0;50000
Maíz;2016/17;CORRIENTES;"SIN DEFINIR";18;0;34020
Maíz;2017/18;CORRIENTES;"SIN DEFINIR";18;0;40000
Maíz;2015/16;"ENTRE RIOS";COLON;30;8;21420
Maíz;2016/17;"ENTRE RIOS";COLON;30;8;36250
Maíz;2017/18;"ENTRE RIOS";COLON;30;8;13920
Maíz;2018/19;"ENTRE RIOS";COLON;30;8;33914
Maíz;2019/20;"ENTRE RIOS";COLON;30;8;46080
Maíz;2020/21;"ENTRE RIOS";COLON;30;8;56865
Maíz;2021/22;"ENTRE RIOS";COLON;30;8;35850
Maíz;2022/23;"ENTRE RIOS";COLON;30;8;13600
Maíz;2023/24;"ENTRE RIOS";COLON;30;8;65550
Maíz;2024/25;"ENTRE RIOS";COLON;30;8;44220
Maíz;2015/16;"ENTRE RIOS";CONCORDIA;30;15;16872
Maíz;2016/17;"ENTRE RIOS";CONCORDIA;30;15;23250
Maíz;2017/18;"ENTRE RIOS";CONCORDIA;30;15;12600
Maíz;2018/19;"ENTRE RIOS";CONCORDIA;30;15;27084
Maíz;2019/20;"ENTRE RIOS";CONCORDIA;30;15;26373
Maíz;2020/21;"ENTRE RIOS";CONCORDIA;30;15;40200
Maíz;2021/22;"ENTRE RIOS";CONCORDIA;30;15;32390
Maíz;2022/23;"ENTRE RIOS";CONCORDIA;30;15;23380
Maíz;2023/24;"ENTRE RIOS";CONCORDIA;30;15;49500
Maíz;2024/25;"ENTRE RIOS";CONCORDIA;30;15;34220
Maíz;2015/16;"ENTRE RIOS";DIAMANTE;30;21;179363
Maíz;2016/17;"ENTRE RIOS";DIAMANTE;30;21;161850
Maíz;2017/18;"ENTRE RIOS";DIAMANTE;30;21;128760
Maíz;2018/19;"ENTRE RIOS";DIAMANTE;30;21;248751
Maíz;2019/20;"ENTRE RIOS";DIAMANTE;30;21;215175
Maíz;2020/21;"ENTRE RIOS";DIAMANTE;30;21;177590
Maíz;2021/22;"ENTRE RIOS";DIAMANTE;30;21;149000
Maíz;2022/23;"ENTRE RIOS";DIAMANTE;30;21;96840
Maíz;2023/24;"ENTRE RIOS";DIAMANTE;30;21;166225
Maíz;2024/25;"ENTRE RIOS";DIAMANTE;30;21;102000
Maíz;2015/16;"ENTRE RIOS";FEDERACION;30;28;7938
Maíz;2016/17;"ENTRE RIOS";FEDERACION;30;28;16800
Maíz;2017/18;"ENTRE RIOS";FEDERACION;30;28;13800
Maíz;2018/19;"ENTRE RIOS";FEDERACION;30;28;18851
Maíz;2019/20;"ENTRE RIOS";FEDERACION;30;28;15563
Maíz;2020/21;"ENTRE RIOS";FEDERACION;30;28;20650
Maíz;2021/22;"ENTRE RIOS";FEDERACION;30;28;21200
Maíz;2022/23;"ENTRE RIOS";FEDERACION;30;28;13035
Maíz;2023/24;"ENTRE RIOS";FEDERACION;30;28;28200
Maíz;2024/25;"ENTRE RIOS";FEDERACION;30;28;18910
Maíz;2015/16;"ENTRE RIOS";FEDERAL;30;35;31244
Maíz;2016/17;"ENTRE RIOS";FEDERAL;30;35;50250
Maíz;2017/18;"ENTRE RIOS";FEDERAL;30;35;29500
Maíz;2018/19;"ENTRE RIOS";FEDERAL;30;35;48225
Maíz;2019/20;"ENTRE RIOS";FEDERAL;30;35;43086
Maíz;2020/21;"ENTRE RIOS";FEDERAL;30;35;43800
Maíz;2021/22;"ENTRE RIOS";FEDERAL;30;35;37840
Maíz;2022/23;"ENTRE RIOS";FEDERAL;30;35;21930
Maíz;2023/24;"ENTRE RIOS";FEDERAL;30;35;78600
Maíz;2024/25;"ENTRE RIOS";FEDERAL;30;35;48800
Maíz;2015/16;"ENTRE RIOS";FELICIANO;30;42;12626
Maíz;2016/17;"ENTRE RIOS";FELICIANO;30;42;22050
Maíz;2017/18;"ENTRE RIOS";FELICIANO;30;42;8960
Maíz;2018/19;"ENTRE RIOS";FELICIANO;30;42;16203
Maíz;2019/20;"ENTRE RIOS";FELICIANO;30;42;15525
Maíz;2020/21;"ENTRE RIOS";FELICIANO;30;42;19470
Maíz;2021/22;"ENTRE RIOS";FELICIANO;30;42;26000
Maíz;2022/23;"ENTRE RIOS";FELICIANO;30;42;19950
Maíz;2023/24;"ENTRE RIOS";FELICIANO;30;42;38350
Maíz;2024/25;"ENTRE RIOS";FELICIANO;30;42;28320
Maíz;2015/16;"ENTRE RIOS";GUALEGUAY;30;49;198320
Maíz;2016/17;"ENTRE RIOS";GUALEGUAY;30;49;255940
Maíz;2017/18;"ENTRE RIOS";GUALEGUAY;30;49;233145
Maíz;2018/19;"ENTRE RIOS";GUALEGUAY;30;49;234536
Maíz;2019/20;"ENTRE RIOS";GUALEGUAY;30;49;271950
Maíz;2020/21;"ENTRE RIOS";GUALEGUAY;30;49;167200
Maíz;2021/22;"ENTRE RIOS";GUALEGUAY;30;49;187695
Maíz;2022/23;"ENTRE RIOS";GUALEGUAY;30;49;19500
Maíz;2023/24;"ENTRE RIOS";GUALEGUAY;30;49;168200
Maíz;2024/25;"ENTRE RIOS";GUALEGUAY;30;49;247900
Maíz;2015/16;"ENTRE RIOS";GUALEGUAYCHU;30;56;178860
Maíz;2016/17;"ENTRE RIOS";GUALEGUAYCHU;30;56;409600
Maíz;2017/18;"ENTRE RIOS";GUALEGUAYCHU;30;56;300800
Maíz;2018/19;"ENTRE RIOS";GUALEGUAYCHU;30;56;492900
Maíz;2019/20;"ENTRE RIOS";GUALEGUAYCHU;30;56;521640
Maíz;2020/21;"ENTRE RIOS";GUALEGUAYCHU;30;56;219800
Maíz;2021/22;"ENTRE RIOS";GUALEGUAYCHU;30;56;236115
Maíz;2022/23;"ENTRE RIOS";GUALEGUAYCHU;30;56;105640
Maíz;2023/24;"ENTRE RIOS";GUALEGUAYCHU;30;56;396000
Maíz;2024/25;"ENTRE RIOS";GUALEGUAYCHU;30;56;519250
Maíz;2015/16;"ENTRE RIOS";"LA PAZ";30;70;83296
Maíz;2016/17;"ENTRE RIOS";"LA PAZ";30;70;83200
Maíz;2017/18;"ENTRE RIOS";"LA PAZ";30;70;61400
Maíz;2018/19;"ENTRE RIOS";"LA PAZ";30;70;172249
Maíz;2019/20;"ENTRE RIOS";"LA PAZ";30;70;214840
Maíz;2020/21;"ENTRE RIOS";"LA PAZ";30;70;171100
Maíz;2021/22;"ENTRE RIOS";"LA PAZ";30;70;158340
Maíz;2022/23;"ENTRE RIOS";"LA PAZ";30;70;109800
Maíz;2023/24;"ENTRE RIOS";"LA PAZ";30;70;231280
Maíz;2024/25;"ENTRE RIOS";"LA PAZ";30;70;84000
Maíz;2015/16;"ENTRE RIOS";NOGOYA;30;77;153760
Maíz;2016/17;"ENTRE RIOS";NOGOYA;30;77;195975
Maíz;2017/18;"ENTRE RIOS";NOGOYA;30;77;154080
Maíz;2018/19;"ENTRE RIOS";NOGOYA;30;77;222443
Maíz;2019/20;"ENTRE RIOS";NOGOYA;30;77;296948
Maíz;2020/21;"ENTRE RIOS";NOGOYA;30;77;167580
Maíz;2021/22;"ENTRE RIOS";NOGOYA;30;77;133440
Maíz;2022/23;"ENTRE RIOS";NOGOYA;30;77;67070
Maíz;2023/24;"ENTRE RIOS";NOGOYA;30;77;205000
Maíz;2024/25;"ENTRE RIOS";NOGOYA;30;77;298150
Maíz;2015/16;"ENTRE RIOS";PARANA;30;84;148980
Maíz;2016/17;"ENTRE RIOS";PARANA;30;84;248000
Maíz;2017/18;"ENTRE RIOS";PARANA;30;84;258500
Maíz;2018/19;"ENTRE RIOS";PARANA;30;84;311850
Maíz;2019/20;"ENTRE RIOS";PARANA;30;84;334425
Maíz;2020/21;"ENTRE RIOS";PARANA;30;84;279380
Maíz;2021/22;"ENTRE RIOS";PARANA;30;84;278000
Maíz;2022/23;"ENTRE RIOS";PARANA;30;84;162800
Maíz;2023/24;"ENTRE RIOS";PARANA;30;84;311550
Maíz;2024/25;"ENTRE RIOS";PARANA;30;84;132480
Maíz;2015/16;"ENTRE RIOS";"SAN SALVADOR";30;88;7812
Maíz;2016/17;"ENTRE RIOS";"SAN SALVADOR";30;88;17280
Maíz;2017/18;"ENTRE RIOS";"SAN SALVADOR";30;88;5580
Maíz;2018/19;"ENTRE RIOS";"SAN SALVADOR";30;88;16263
Maíz;2019/20;"ENTRE RIOS";"SAN SALVADOR";30;88;28463
Maíz;2020/21;"ENTRE RIOS";"SAN SALVADOR";30;88;23055
Maíz;2021/22;"ENTRE RIOS";"SAN SALVADOR";30;88;14310
Maíz;2022/23;"ENTRE RIOS";"SAN SALVADOR";30;88;4640
Maíz;2023/24;"ENTRE RIOS";"SAN SALVADOR";30;88;46200
Maíz;2024/25;"ENTRE RIOS";"SAN SALVADOR";30;88;24790
Maíz;2015/16;"ENTRE RIOS";TALA;30;91;133920
Maíz;2016/17;"ENTRE RIOS";TALA;30;91;141120
Maíz;2017/18;"ENTRE RIOS";TALA;30;91;59535
Maíz;2018/19;"ENTRE RIOS";TALA;30;91;165053
Maíz;2019/20;"ENTRE RIOS";TALA;30;91;150255
Maíz;2020/21;"ENTRE RIOS";TALA;30;91;107800
Maíz;2021/22;"ENTRE RIOS";TALA;30;91;80160
Maíz;2022/23;"ENTRE RIOS";TALA;30;91;17700
Maíz;2023/24;"ENTRE RIOS";TALA;30;91;105000
Maíz;2024/25;"ENTRE RIOS";TALA;30;91;118300
Maíz;2015/16;"ENTRE RIOS";URUGUAY;30;98;149816
Maíz;2016/17;"ENTRE RIOS";URUGUAY;30;98;201600
Maíz;2017/18;"ENTRE RIOS";URUGUAY;30;98;114360
Maíz;2018/19;"ENTRE RIOS";URUGUAY;30;98;222870
Maíz;2019/20;"ENTRE RIOS";URUGUAY;30;98;234650
Maíz;2020/21;"ENTRE RIOS";URUGUAY;30;98;215100
Maíz;2021/22;"ENTRE RIOS";URUGUAY;30;98;159530
Maíz;2022/23;"ENTRE RIOS";URUGUAY;30;98;66500
Maíz;2023/24;"ENTRE RIOS";URUGUAY;30;98;261000
Maíz;2024/25;"ENTRE RIOS";URUGUAY;30;98;224450
Maíz;2015/16;"ENTRE RIOS";VICTORIA;30;105;179112
Maíz;2016/17;"ENTRE RIOS";VICTORIA;30;105;290500
Maíz;2017/18;"ENTRE RIOS";VICTORIA;30;105;195570
Maíz;2018/19;"ENTRE RIOS";VICTORIA;30;105;285987
Maíz;2019/20;"ENTRE RIOS";VICTORIA;30;105;257760
Maíz;2020/21;"ENTRE RIOS";VICTORIA;30;105;234260
Maíz;2021/22;"ENTRE RIOS";VICTORIA;30;105;188340
Maíz;2022/23;"ENTRE RIOS";VICTORIA;30;105;35340
Maíz;2023/24;"ENTRE RIOS";VICTORIA;30;105;190000
Maíz;2024/25;"ENTRE RIOS";VICTORIA;30;105;184920
Maíz;2015/16;"ENTRE RIOS";VILLAGUAY;30;113;59272
Maíz;2016/17;"ENTRE RIOS";VILLAGUAY;30;113;144560
Maíz;2017/18;"ENTRE RIOS";VILLAGUAY;30;113;133200
Maíz;2018/19;"ENTRE RIOS";VILLAGUAY;30;113;246774
Maíz;2019/20;"ENTRE RIOS";VILLAGUAY;30;113;199500
Maíz;2020/21;"ENTRE RIOS";VILLAGUAY;30;113;208860
Maíz;2021/22;"ENTRE RIOS";VILLAGUAY;30;113;127410
Maíz;2022/23;"ENTRE RIOS";VILLAGUAY;30;113;40640
Maíz;2023/24;"ENTRE RIOS";VILLAGUAY;30;113;225500
Maíz;2024/25;"ENTRE RIOS";VILLAGUAY;30;113;144050
Maíz;2021/22;FORMOSA;BERMEJO;34;7;4033
Maíz;2023/24;FORMOSA;BERMEJO;34;7;8807
Maíz;2024/25;FORMOSA;BERMEJO;34;7;431
Maíz;2021/22;FORMOSA;FORMOSA;34;14;3962
Maíz;2022/23;FORMOSA;FORMOSA;34;14;6137
Maíz;2023/24;FORMOSA;FORMOSA;34;14;390
Maíz;2024/25;FORMOSA;FORMOSA;34;14;2982
Maíz;2021/22;FORMOSA;LAISHI;34;21;3380
Maíz;2022/23;FORMOSA;LAISHI;34;21;5864
Maíz;2023/24;FORMOSA;LAISHI;34;21;1824
Maíz;2024/25;FORMOSA;LAISHI;34;21;3266
Maíz;2021/22;FORMOSA;PATINO;34;35;8096
Maíz;2022/23;FORMOSA;PATINO;34;35;23184
Maíz;2023/24;FORMOSA;PATINO;34;35;25116
Maíz;2024/25;FORMOSA;PATINO;34;35;20212
Maíz;2021/22;FORMOSA;PILAGAS;34;42;1062
Maíz;2022/23;FORMOSA;PILAGAS;34;42;2728
Maíz;2023/24;FORMOSA;PILAGAS;34;42;1723
Maíz;2024/25;FORMOSA;PILAGAS;34;42;3044
Maíz;2021/22;FORMOSA;PILCOMAYO;34;49;0
Maíz;2022/23;FORMOSA;PILCOMAYO;34;49;273
Maíz;2023/24;FORMOSA;PILCOMAYO;34;49;127
Maíz;2024/25;FORMOSA;PILCOMAYO;34;49;1269
Maíz;2021/22;FORMOSA;PIRANE;34;56;18990
Maíz;2022/23;FORMOSA;PIRANE;34;56;21957
Maíz;2023/24;FORMOSA;PIRANE;34;56;7798
Maíz;2024/25;FORMOSA;PIRANE;34;56;14469
Maíz;2015/16;FORMOSA;"SIN DEFINIR";34;0;135000
Maíz;2016/17;FORMOSA;"SIN DEFINIR";34;0;153000
Maíz;2017/18;FORMOSA;"SIN DEFINIR";34;0;298549
Maíz;2018/19;FORMOSA;"SIN DEFINIR";34;0;119475
Maíz;2019/20;FORMOSA;"SIN DEFINIR";34;0;61650
Maíz;2020/21;FORMOSA;"SIN DEFINIR";34;0;66000
Maíz;2015/16;JUJUY;"DR. MANUEL BELGRANO";38;21;430
Maíz;2016/17;JUJUY;"DR. MANUEL BELGRANO";38;21;195
Maíz;2017/18;JUJUY;"DR. MANUEL BELGRANO";38;21;280
Maíz;2018/19;JUJUY;"DR. MANUEL BELGRANO";38;21;350
Maíz;2019/20;JUJUY;"DR. MANUEL BELGRANO";38;21;420
Maíz;2020/21;JUJUY;"DR. MANUEL BELGRANO";38;21;504
Maíz;2021/22;JUJUY;"DR. MANUEL BELGRANO";38;21;336
Maíz;2022/23;JUJUY;"DR. MANUEL BELGRANO";38;21;336
Maíz;2023/24;JUJUY;"DR. MANUEL BELGRANO";38;21;359
Maíz;2024/25;JUJUY;"DR. MANUEL BELGRANO";38;21;398
Maíz;2015/16;JUJUY;"EL CARMEN";38;14;4214
Maíz;2016/17;JUJUY;"EL CARMEN";38;14;2100
Maíz;2017/18;JUJUY;"EL CARMEN";38;14;2880
Maíz;2018/19;JUJUY;"EL CARMEN";38;14;2520
Maíz;2019/20;JUJUY;"EL CARMEN";38;14;4320
Maíz;2020/21;JUJUY;"EL CARMEN";38;14;2413
Maíz;2021/22;JUJUY;"EL CARMEN";38;14;2375
Maíz;2022/23;JUJUY;"EL CARMEN";38;14;4528
Maíz;2023/24;JUJUY;"EL CARMEN";38;14;4855
Maíz;2024/25;JUJUY;"EL CARMEN";38;14;4916
Maíz;2015/16;JUJUY;LEDESMA;38;35;430
Maíz;2016/17;JUJUY;LEDESMA;38;35;195
Maíz;2017/18;JUJUY;LEDESMA;38;35;280
Maíz;2018/19;JUJUY;LEDESMA;38;35;350
Maíz;2019/20;JUJUY;LEDESMA;38;35;420
Maíz;2020/21;JUJUY;LEDESMA;38;35;437
Maíz;2021/22;JUJUY;LEDESMA;38;35;336
Maíz;2022/23;JUJUY;LEDESMA;38;35;336
Maíz;2023/24;JUJUY;LEDESMA;38;35;1703
Maíz;2024/25;JUJUY;LEDESMA;38;35;1104
Maíz;2015/16;JUJUY;PALPALA;38;42;645
Maíz;2016/17;JUJUY;PALPALA;38;42;330
Maíz;2017/18;JUJUY;PALPALA;38;42;480
Maíz;2018/19;JUJUY;PALPALA;38;42;600
Maíz;2019/20;JUJUY;PALPALA;38;42;720
Maíz;2020/21;JUJUY;PALPALA;38;42;749
Maíz;2021/22;JUJUY;PALPALA;38;42;576
Maíz;2022/23;JUJUY;PALPALA;38;42;576
Maíz;2023/24;JUJUY;PALPALA;38;42;613
Maíz;2024/25;JUJUY;PALPALA;38;42;554
Maíz;2015/16;JUJUY;"SAN ANTONIO";38;56;3741
Maíz;2016/17;JUJUY;"SAN ANTONIO";38;56;1920
Maíz;2017/18;JUJUY;"SAN ANTONIO";38;56;2640
Maíz;2018/19;JUJUY;"SAN ANTONIO";38;56;2280
Maíz;2019/20;JUJUY;"SAN ANTONIO";38;56;3960
Maíz;2020/21;JUJUY;"SAN ANTONIO";38;56;4118
Maíz;2021/22;JUJUY;"SAN ANTONIO";38;56;1280
Maíz;2022/23;JUJUY;"SAN ANTONIO";38;56;4698
Maíz;2023/24;JUJUY;"SAN ANTONIO";38;56;4967
Maíz;2024/25;JUJUY;"SAN ANTONIO";38;56;1960
Maíz;2015/16;JUJUY;"SAN PEDRO";38;63;10535
Maíz;2016/17;JUJUY;"SAN PEDRO";38;63;5850
Maíz;2017/18;JUJUY;"SAN PEDRO";38;63;6840
Maíz;2018/19;JUJUY;"SAN PEDRO";38;63;7190
Maíz;2019/20;JUJUY;"SAN PEDRO";38;63;10800
Maíz;2020/21;JUJUY;"SAN PEDRO";38;63;10660
Maíz;2021/22;JUJUY;"SAN PEDRO";38;63;8200
Maíz;2022/23;JUJUY;"SAN PEDRO";38;63;8928
Maíz;2023/24;JUJUY;"SAN PEDRO";38;63;14267
Maíz;2024/25;JUJUY;"SAN PEDRO";38;63;7880
Maíz;2015/16;JUJUY;"SANTA BARBARA";38;70;7869
Maíz;2016/17;JUJUY;"SANTA BARBARA";38;70;4422
Maíz;2017/18;JUJUY;"SANTA BARBARA";38;70;5280
Maíz;2018/19;JUJUY;"SANTA BARBARA";38;70;5430
Maíz;2019/20;JUJUY;"SANTA BARBARA";38;70;7824
Maíz;2020/21;JUJUY;"SANTA BARBARA";38;70;20384
Maíz;2021/22;JUJUY;"SANTA BARBARA";38;70;12384
Maíz;2022/23;JUJUY;"SANTA BARBARA";38;70;15828
Maíz;2023/24;JUJUY;"SANTA BARBARA";38;70;20386
Maíz;2024/25;JUJUY;"SANTA BARBARA";38;70;5600
Maíz;2023/24;JUJUY;"VALLE GRANDE";38;105;3010
Maíz;2024/25;JUJUY;"VALLE GRANDE";38;105;4000
Maíz;2015/16;"LA PAMPA";ATREUCO;42;7;164160
Maíz;2016/17;"LA PAMPA";ATREUCO;42;7;90000
Maíz;2017/18;"LA PAMPA";ATREUCO;42;7;67200
Maíz;2018/19;"LA PAMPA";ATREUCO;42;7;131544
Maíz;2019/20;"LA PAMPA";ATREUCO;42;7;103840
Maíz;2020/21;"LA PAMPA";ATREUCO;42;7;267786
Maíz;2021/22;"LA PAMPA";ATREUCO;42;7;248050
Maíz;2022/23;"LA PAMPA";ATREUCO;42;7;282150
Maíz;2023/24;"LA PAMPA";ATREUCO;42;7;393470
Maíz;2024/25;"LA PAMPA";ATREUCO;42;7;248495
Maíz;2015/16;"LA PAMPA";CAPITAL;42;21;127730
Maíz;2016/17;"LA PAMPA";CAPITAL;42;21;73600
Maíz;2017/18;"LA PAMPA";CAPITAL;42;21;39480
Maíz;2018/19;"LA PAMPA";CAPITAL;42;21;59363
Maíz;2019/20;"LA PAMPA";CAPITAL;42;21;45900
Maíz;2020/21;"LA PAMPA";CAPITAL;42;21;86072
Maíz;2021/22;"LA PAMPA";CAPITAL;42;21;166000
Maíz;2022/23;"LA PAMPA";CAPITAL;42;21;126365
Maíz;2023/24;"LA PAMPA";CAPITAL;42;21;143500
Maíz;2024/25;"LA PAMPA";CAPITAL;42;21;130075
Maíz;2015/16;"LA PAMPA";CATRILO;42;28;174580
Maíz;2016/17;"LA PAMPA";CATRILO;42;28;97920
Maíz;2017/18;"LA PAMPA";CATRILO;42;28;152300
Maíz;2018/19;"LA PAMPA";CATRILO;42;28;199066
Maíz;2019/20;"LA PAMPA";CATRILO;42;28;205570
Maíz;2020/21;"LA PAMPA";CATRILO;42;28;246000
Maíz;2021/22;"LA PAMPA";CATRILO;42;28;406900
Maíz;2022/23;"LA PAMPA";CATRILO;42;28;252758
Maíz;2023/24;"LA PAMPA";CATRILO;42;28;309815
Maíz;2024/25;"LA PAMPA";CATRILO;42;28;272935
Maíz;2015/16;"LA PAMPA";CHAPALEUFU;42;56;341952
Maíz;2016/17;"LA PAMPA";CHAPALEUFU;42;56;162620
Maíz;2017/18;"LA PAMPA";CHAPALEUFU;42;56;285402
Maíz;2018/19;"LA PAMPA";CHAPALEUFU;42;56;397389
Maíz;2019/20;"LA PAMPA";CHAPALEUFU;42;56;351918
Maíz;2020/21;"LA PAMPA";CHAPALEUFU;42;56;412440
Maíz;2021/22;"LA PAMPA";CHAPALEUFU;42;56;475102
Maíz;2022/23;"LA PAMPA";CHAPALEUFU;42;56;419549
Maíz;2023/24;"LA PAMPA";CHAPALEUFU;42;56;374112
Maíz;2024/25;"LA PAMPA";CHAPALEUFU;42;56;380880
Maíz;2015/16;"LA PAMPA";CONHELO;42;35;149192
Maíz;2016/17;"LA PAMPA";CONHELO;42;35;43800
Maíz;2017/18;"LA PAMPA";CONHELO;42;35;163475
Maíz;2018/19;"LA PAMPA";CONHELO;42;35;39578
Maíz;2019/20;"LA PAMPA";CONHELO;42;35;214542
Maíz;2020/21;"LA PAMPA";CONHELO;42;35;305620
Maíz;2021/22;"LA PAMPA";CONHELO;42;35;392301
Maíz;2022/23;"LA PAMPA";CONHELO;42;35;339427
Maíz;2023/24;"LA PAMPA";CONHELO;42;35;461648
Maíz;2024/25;"LA PAMPA";CONHELO;42;35;346500
Maíz;2015/16;"LA PAMPA";GUATRACHE;42;70;94320
Maíz;2016/17;"LA PAMPA";GUATRACHE;42;70;13020
Maíz;2017/18;"LA PAMPA";GUATRACHE;42;70;27570
Maíz;2018/19;"LA PAMPA";GUATRACHE;42;70;3770
Maíz;2019/20;"LA PAMPA";GUATRACHE;42;70;11470
Maíz;2020/21;"LA PAMPA";GUATRACHE;42;70;23100
Maíz;2021/22;"LA PAMPA";GUATRACHE;42;70;32800
Maíz;2022/23;"LA PAMPA";GUATRACHE;42;70;27744
Maíz;2023/24;"LA PAMPA";GUATRACHE;42;70;37400
Maíz;2024/25;"LA PAMPA";GUATRACHE;42;70;39560
Maíz;2015/16;"LA PAMPA";HUCAL;42;77;7590
Maíz;2016/17;"LA PAMPA";HUCAL;42;77;9100
Maíz;2017/18;"LA PAMPA";HUCAL;42;77;13480
Maíz;2018/19;"LA PAMPA";HUCAL;42;77;2030
Maíz;2019/20;"LA PAMPA";HUCAL;42;77;2790
Maíz;2020/21;"LA PAMPA";HUCAL;42;77;3150
Maíz;2021/22;"LA PAMPA";HUCAL;42;77;15050
Maíz;2022/23;"LA PAMPA";HUCAL;42;77;1890
Maíz;2023/24;"LA PAMPA";HUCAL;42;77;17150
Maíz;2024/25;"LA PAMPA";HUCAL;42;77;7840
Maíz;2015/16;"LA PAMPA";MARACO;42;105;332928
Maíz;2016/17;"LA PAMPA";MARACO;42;105;234060
Maíz;2017/18;"LA PAMPA";MARACO;42;105;146625
Maíz;2018/19;"LA PAMPA";MARACO;42;105;266248
Maíz;2019/20;"LA PAMPA";MARACO;42;105;329702
Maíz;2020/21;"LA PAMPA";MARACO;42;105;311250
Maíz;2021/22;"LA PAMPA";MARACO;42;105;375800
Maíz;2022/23;"LA PAMPA";MARACO;42;105;238846
Maíz;2023/24;"LA PAMPA";MARACO;42;105;420000
Maíz;2024/25;"LA PAMPA";MARACO;42;105;310800
Maíz;2015/16;"LA PAMPA";"QUEMU QUEMU";42;119;306714
Maíz;2016/17;"LA PAMPA";"QUEMU QUEMU";42;119;220920
Maíz;2017/18;"LA PAMPA";"QUEMU QUEMU";42;119;188100
Maíz;2018/19;"LA PAMPA";"QUEMU QUEMU";42;119;218430
Maíz;2019/20;"LA PAMPA";"QUEMU QUEMU";42;119;335631
Maíz;2020/21;"LA PAMPA";"QUEMU QUEMU";42;119;206980
Maíz;2021/22;"LA PAMPA";"QUEMU QUEMU";42;119;492099
Maíz;2022/23;"LA PAMPA";"QUEMU QUEMU";42;119;340338
Maíz;2023/24;"LA PAMPA";"QUEMU QUEMU";42;119;455728
Maíz;2024/25;"LA PAMPA";"QUEMU QUEMU";42;119;237250
Maíz;2015/16;"LA PAMPA";RANCUL;42;126;127764
Maíz;2016/17;"LA PAMPA";RANCUL;42;126;63140
Maíz;2017/18;"LA PAMPA";RANCUL;42;126;122010
Maíz;2018/19;"LA PAMPA";RANCUL;42;126;294300
Maíz;2019/20;"LA PAMPA";RANCUL;42;126;302438
Maíz;2020/21;"LA PAMPA";RANCUL;42;126;299880
Maíz;2021/22;"LA PAMPA";RANCUL;42;126;449999
Maíz;2022/23;"LA PAMPA";RANCUL;42;126;395445
Maíz;2023/24;"LA PAMPA";RANCUL;42;126;426560
Maíz;2024/25;"LA PAMPA";RANCUL;42;126;318900
Maíz;2015/16;"LA PAMPA";REALICO;42;133;130768
Maíz;2016/17;"LA PAMPA";REALICO;42;133;27740
Maíz;2017/18;"LA PAMPA";REALICO;42;133;64540
Maíz;2018/19;"LA PAMPA";REALICO;42;133;250650
Maíz;2019/20;"LA PAMPA";REALICO;42;133;251504
Maíz;2020/21;"LA PAMPA";REALICO;42;133;259120
Maíz;2021/22;"LA PAMPA";REALICO;42;133;366800
Maíz;2022/23;"LA PAMPA";REALICO;42;133;403686
Maíz;2023/24;"LA PAMPA";REALICO;42;133;396425
Maíz;2024/25;"LA PAMPA";REALICO;42;133;309900
Maíz;2015/16;"LA PAMPA";TOAY;42;140;46398
Maíz;2016/17;"LA PAMPA";TOAY;42;140;34200
Maíz;2017/18;"LA PAMPA";TOAY;42;140;6500
Maíz;2018/19;"LA PAMPA";TOAY;42;140;2944
Maíz;2019/20;"LA PAMPA";TOAY;42;140;11718
Maíz;2020/21;"LA PAMPA";TOAY;42;140;24000
Maíz;2021/22;"LA PAMPA";TOAY;42;140;9200
Maíz;2022/23;"LA PAMPA";TOAY;42;140;52696
Maíz;2023/24;"LA PAMPA";TOAY;42;140;49280
Maíz;2024/25;"LA PAMPA";TOAY;42;140;31500
Maíz;2015/16;"LA PAMPA";TRENEL;42;147;127160
Maíz;2016/17;"LA PAMPA";TRENEL;42;147;14800
Maíz;2017/18;"LA PAMPA";TRENEL;42;147;43940
Maíz;2018/19;"LA PAMPA";TRENEL;42;147;110726
Maíz;2019/20;"LA PAMPA";TRENEL;42;147;195024
Maíz;2020/21;"LA PAMPA";TRENEL;42;147;81420
Maíz;2021/22;"LA PAMPA";TRENEL;42;147;246500
Maíz;2022/23;"LA PAMPA";TRENEL;42;147;188210
Maíz;2023/24;"LA PAMPA";TRENEL;42;147;253022
Maíz;2024/25;"LA PAMPA";TRENEL;42;147;183300
Maíz;2015/16;"LA PAMPA";UTRACAN;42;154;17214
Maíz;2016/17;"LA PAMPA";UTRACAN;42;154;11700
Maíz;2017/18;"LA PAMPA";UTRACAN;42;154;10940
Maíz;2018/19;"LA PAMPA";UTRACAN;42;154;2760
Maíz;2019/20;"LA PAMPA";UTRACAN;42;154;2730
Maíz;2020/21;"LA PAMPA";UTRACAN;42;154;10500
Maíz;2021/22;"LA PAMPA";UTRACAN;42;154;22000
Maíz;2022/23;"LA PAMPA";UTRACAN;42;154;19360
Maíz;2023/24;"LA PAMPA";UTRACAN;42;154;22520
Maíz;2024/25;"LA PAMPA";UTRACAN;42;154;13200
Maíz;2015/16;MISIONES;"25 DE MAYO";54;119;10150
Maíz;2016/17;MISIONES;"25 DE MAYO";54;119;14040
Maíz;2017/18;MISIONES;"25 DE MAYO";54;119;15774
Maíz;2018/19;MISIONES;"25 DE MAYO";54;119;23900
Maíz;2019/20;MISIONES;"25 DE MAYO";54;119;26900
Maíz;2020/21;MISIONES;"25 DE MAYO";54;119;5414
Maíz;2021/22;MISIONES;"25 DE MAYO";54;119;8925
Maíz;2022/23;MISIONES;"25 DE MAYO";54;119;20420
Maíz;2023/24;MISIONES;"25 DE MAYO";54;119;16862
Maíz;2024/25;MISIONES;"25 DE MAYO";54;119;23270
Maíz;2015/16;MISIONES;APOSTOLES;54;7;1260
Maíz;2016/17;MISIONES;APOSTOLES;54;7;270
Maíz;2017/18;MISIONES;APOSTOLES;54;7;290
Maíz;2018/19;MISIONES;APOSTOLES;54;7;480
Maíz;2019/20;MISIONES;APOSTOLES;54;7;460
Maíz;2020/21;MISIONES;APOSTOLES;54;7;0
Maíz;2021/22;MISIONES;APOSTOLES;54;7;858
Maíz;2022/23;MISIONES;APOSTOLES;54;7;1854
Maíz;2023/24;MISIONES;APOSTOLES;54;7;1615
Maíz;2024/25;MISIONES;APOSTOLES;54;7;2115
Maíz;2015/16;MISIONES;CAINGUAS;54;14;4760
Maíz;2016/17;MISIONES;CAINGUAS;54;14;7000
Maíz;2017/18;MISIONES;CAINGUAS;54;14;8100
Maíz;2018/19;MISIONES;CAINGUAS;54;14;12960
Maíz;2019/20;MISIONES;CAINGUAS;54;14;12150
Maíz;2020/21;MISIONES;CAINGUAS;54;14;2440
Maíz;2021/22;MISIONES;CAINGUAS;54;14;5775
Maíz;2022/23;MISIONES;CAINGUAS;54;14;10012
Maíz;2023/24;MISIONES;CAINGUAS;54;14;8279
Maíz;2024/25;MISIONES;CAINGUAS;54;14;11424
Maíz;2015/16;MISIONES;CANDELARIA;54;21;50
Maíz;2016/17;MISIONES;CANDELARIA;54;21;25
Maíz;2017/18;MISIONES;CANDELARIA;54;21;27
Maíz;2018/19;MISIONES;CANDELARIA;54;21;12960
Maíz;2019/20;MISIONES;CANDELARIA;54;21;45
Maíz;2020/21;MISIONES;CANDELARIA;54;21;0
Maíz;2021/22;MISIONES;CANDELARIA;54;21;16
Maíz;2022/23;MISIONES;CANDELARIA;54;21;168
Maíz;2023/24;MISIONES;CANDELARIA;54;21;465
Maíz;2024/25;MISIONES;CANDELARIA;54;21;635
Maíz;2015/16;MISIONES;CAPITAL;54;28;546
Maíz;2016/17;MISIONES;CAPITAL;54;28;135
Maíz;2017/18;MISIONES;CAPITAL;54;28;310
Maíz;2018/19;MISIONES;CAPITAL;54;28;480
Maíz;2019/20;MISIONES;CAPITAL;54;28;450
Maíz;2020/21;MISIONES;CAPITAL;54;28;0
Maíz;2021/22;MISIONES;CAPITAL;54;28;340
Maíz;2022/23;MISIONES;CAPITAL;54;28;742
Maíz;2023/24;MISIONES;CAPITAL;54;28;693
Maíz;2024/25;MISIONES;CAPITAL;54;28;846
Maíz;2015/16;MISIONES;CONCEPCION;54;35;42
Maíz;2016/17;MISIONES;CONCEPCION;54;35;84
Maíz;2017/18;MISIONES;CONCEPCION;54;35;93
Maíz;2018/19;MISIONES;CONCEPCION;54;35;144
Maíz;2019/20;MISIONES;CONCEPCION;54;35;135
Maíz;2020/21;MISIONES;CONCEPCION;54;35;0
Maíz;2021/22;MISIONES;CONCEPCION;54;35;98
Maíz;2022/23;MISIONES;CONCEPCION;54;35;171
Maíz;2023/24;MISIONES;CONCEPCION;54;35;372
Maíz;2024/25;MISIONES;CONCEPCION;54;35;423
Maíz;2015/16;MISIONES;ELDORADO;54;42;294
Maíz;2016/17;MISIONES;ELDORADO;54;42;140
Maíz;2017/18;MISIONES;ELDORADO;54;42;150
Maíz;2018/19;MISIONES;ELDORADO;54;42;245
Maíz;2019/20;MISIONES;ELDORADO;54;42;1200
Maíz;2020/21;MISIONES;ELDORADO;54;42;0
Maíz;2021/22;MISIONES;ELDORADO;54;42;508
Maíz;2022/23;MISIONES;ELDORADO;54;42;1112
Maíz;2023/24;MISIONES;ELDORADO;54;42;921
Maíz;2024/25;MISIONES;ELDORADO;54;42;1269
Maíz;2015/16;MISIONES;"GENERAL MANUEL BELGRANO";54;49;13760
Maíz;2016/17;MISIONES;"GENERAL MANUEL BELGRANO";54;49;14400
Maíz;2017/18;MISIONES;"GENERAL MANUEL BELGRANO";54;49;15980
Maíz;2018/19;MISIONES;"GENERAL MANUEL BELGRANO";54;49;24440
Maíz;2019/20;MISIONES;"GENERAL MANUEL BELGRANO";54;49;26460
Maíz;2020/21;MISIONES;"GENERAL MANUEL BELGRANO";54;49;7788
Maíz;2021/22;MISIONES;"GENERAL MANUEL BELGRANO";54;49;8068
Maíz;2022/23;MISIONES;"GENERAL MANUEL BELGRANO";54;49;18170
Maíz;2023/24;MISIONES;"GENERAL MANUEL BELGRANO";54;49;15023
Maíz;2024/25;MISIONES;"GENERAL MANUEL BELGRANO";54;49;20732
Maíz;2015/16;MISIONES;GUARANI;54;56;22500
Maíz;2016/17;MISIONES;GUARANI;54;56;27280
Maíz;2017/18;MISIONES;GUARANI;54;56;29040
Maíz;2018/19;MISIONES;GUARANI;54;56;49980
Maíz;2019/20;MISIONES;GUARANI;54;56;54000
Maíz;2020/21;MISIONES;GUARANI;54;56;12184
Maíz;2021/22;MISIONES;GUARANI;54;56;18305
Maíz;2022/23;MISIONES;GUARANI;54;56;40788
Maíz;2023/24;MISIONES;GUARANI;54;56;33724
Maíz;2024/25;MISIONES;GUARANI;54;56;46541
Maíz;2015/16;MISIONES;IGUAZU;54;63;162
Maíz;2016/17;MISIONES;IGUAZU;54;63;870
Maíz;2017/18;MISIONES;IGUAZU;54;63;1240
Maíz;2018/19;MISIONES;IGUAZU;54;63;1960
Maíz;2019/20;MISIONES;IGUAZU;54;63;2450
Maíz;2020/21;MISIONES;IGUAZU;54;63;400
Maíz;2021/22;MISIONES;IGUAZU;54;63;847
Maíz;2022/23;MISIONES;IGUAZU;54;63;1854
Maíz;2023/24;MISIONES;IGUAZU;54;63;1533
Maíz;2024/25;MISIONES;IGUAZU;54;63;2115
Maíz;2015/16;MISIONES;"LEANDRO N. ALEM";54;70;1755
Maíz;2016/17;MISIONES;"LEANDRO N. ALEM";54;70;1755
Maíz;2017/18;MISIONES;"LEANDRO N. ALEM";54;70;2030
Maíz;2018/19;MISIONES;"LEANDRO N. ALEM";54;70;3220
Maíz;2019/20;MISIONES;"LEANDRO N. ALEM";54;70;3150
Maíz;2020/21;MISIONES;"LEANDRO N. ALEM";54;70;800
Maíz;2021/22;MISIONES;"LEANDRO N. ALEM";54;70;1208
Maíz;2022/23;MISIONES;"LEANDRO N. ALEM";54;70;2596
Maíz;2023/24;MISIONES;"LEANDRO N. ALEM";54;70;2152
Maíz;2024/25;MISIONES;"LEANDRO N. ALEM";54;70;2962
Maíz;2015/16;MISIONES;"LIBERTADOR GENERAL SAN MARTIN";54;77;840
Maíz;2016/17;MISIONES;"LIBERTADOR GENERAL SAN MARTIN";54;77;560
Maíz;2017/18;MISIONES;"LIBERTADOR GENERAL SAN MARTIN";54;77;640
Maíz;2018/19;MISIONES;"LIBERTADOR GENERAL SAN MARTIN";54;77;1000
Maíz;2019/20;MISIONES;"LIBERTADOR GENERAL SAN MARTIN";54;77;980
Maíz;2020/21;MISIONES;"LIBERTADOR GENERAL SAN MARTIN";54;77;0
Maíz;2021/22;MISIONES;"LIBERTADOR GENERAL SAN MARTIN";54;77;508
Maíz;2022/23;MISIONES;"LIBERTADOR GENERAL SAN MARTIN";54;77;650
Maíz;2023/24;MISIONES;"LIBERTADOR GENERAL SAN MARTIN";54;77;920
Maíz;2024/25;MISIONES;"LIBERTADOR GENERAL SAN MARTIN";54;77;1269
Maíz;2015/16;MISIONES;MONTECARLO;54;84;145
Maíz;2016/17;MISIONES;MONTECARLO;54;84;60
Maíz;2017/18;MISIONES;MONTECARLO;54;84;62
Maíz;2018/19;MISIONES;MONTECARLO;54;84;100
Maíz;2019/20;MISIONES;MONTECARLO;54;84;1029
Maíz;2020/21;MISIONES;MONTECARLO;54;84;0
Maíz;2021/22;MISIONES;MONTECARLO;54;84;406
Maíz;2022/23;MISIONES;MONTECARLO;54;84;890
Maíz;2023/24;MISIONES;MONTECARLO;54;84;1062
Maíz;2024/25;MISIONES;MONTECARLO;54;84;1439
Maíz;2015/16;MISIONES;OBERA;54;91;2520
Maíz;2016/17;MISIONES;OBERA;54;91;2030
Maíz;2017/18;MISIONES;OBERA;54;91;2400
Maíz;2018/19;MISIONES;OBERA;54;91;3220
Maíz;2019/20;MISIONES;OBERA;54;91;3150
Maíz;2020/21;MISIONES;OBERA;54;91;800
Maíz;2021/22;MISIONES;OBERA;54;91;1190
Maíz;2022/23;MISIONES;OBERA;54;91;2596
Maíz;2023/24;MISIONES;OBERA;54;91;2149
Maíz;2024/25;MISIONES;OBERA;54;91;2962
Maíz;2015/16;MISIONES;"SAN IGNACIO";54;98;375
Maíz;2016/17;MISIONES;"SAN IGNACIO";54;98;260
Maíz;2017/18;MISIONES;"SAN IGNACIO";54;98;290
Maíz;2018/19;MISIONES;"SAN IGNACIO";54;98;460
Maíz;2019/20;MISIONES;"SAN IGNACIO";54;98;450
Maíz;2020/21;MISIONES;"SAN IGNACIO";54;98;120
Maíz;2021/22;MISIONES;"SAN IGNACIO";54;98;193
Maíz;2022/23;MISIONES;"SAN IGNACIO";54;98;370
Maíz;2023/24;MISIONES;"SAN IGNACIO";54;98;531
Maíz;2024/25;MISIONES;"SAN IGNACIO";54;98;719
Maíz;2015/16;MISIONES;"SAN JAVIER";54;105;1300
Maíz;2016/17;MISIONES;"SAN JAVIER";54;105;1755
Maíz;2017/18;MISIONES;"SAN JAVIER";54;105;1950
Maíz;2018/19;MISIONES;"SAN JAVIER";54;105;2760
Maíz;2019/20;MISIONES;"SAN JAVIER";54;105;3300
Maíz;2020/21;MISIONES;"SAN JAVIER";54;105;1000
Maíz;2021/22;MISIONES;"SAN JAVIER";54;105;1269
Maíz;2022/23;MISIONES;"SAN JAVIER";54;105;2781
Maíz;2023/24;MISIONES;"SAN JAVIER";54;105;2301
Maíz;2024/25;MISIONES;"SAN JAVIER";54;105;3173
Maíz;2015/16;MISIONES;"SAN PEDRO";54;112;5340
Maíz;2016/17;MISIONES;"SAN PEDRO";54;112;8060
Maíz;2017/18;MISIONES;"SAN PEDRO";54;112;8640
Maíz;2018/19;MISIONES;"SAN PEDRO";54;112;13500
Maíz;2019/20;MISIONES;"SAN PEDRO";54;112;13500
Maíz;2020/21;MISIONES;"SAN PEDRO";54;112;2730
Maíz;2021/22;MISIONES;"SAN PEDRO";54;112;4126
Maíz;2022/23;MISIONES;"SAN PEDRO";54;112;10012
Maíz;2023/24;MISIONES;"SAN PEDRO";54;112;8282
Maíz;2024/25;MISIONES;"SAN PEDRO";54;112;11424
Maíz;2015/16;SALTA;ANTA;66;7;849015
Maíz;2016/17;SALTA;ANTA;66;7;760500
Maíz;2017/18;SALTA;ANTA;66;7;748200
Maíz;2018/19;SALTA;ANTA;66;7;930988
Maíz;2019/20;SALTA;ANTA;66;7;943807
Maíz;2020/21;SALTA;ANTA;66;7;969892
Maíz;2021/22;SALTA;ANTA;66;7;960333
Maíz;2022/23;SALTA;ANTA;66;7;1030651
Maíz;2023/24;SALTA;ANTA;66;7;768930
Maíz;2024/25;SALTA;ANTA;66;7;741228
Maíz;2015/16;SALTA;CACHI;66;14;378
Maíz;2016/17;SALTA;CACHI;66;14;240
Maíz;2017/18;SALTA;CACHI;66;14;350
Maíz;2018/19;SALTA;CACHI;66;14;336
Maíz;2019/20;SALTA;CACHI;66;14;343
Maíz;2020/21;SALTA;CACHI;66;14;350
Maíz;2021/22;SALTA;CACHI;66;14;392
Maíz;2023/24;SALTA;CACHI;66;14;837
Maíz;2024/25;SALTA;CACHI;66;14;1023
Maíz;2015/16;SALTA;CAPITAL;66;28;7302
Maíz;2016/17;SALTA;CAPITAL;66;28;6175
Maíz;2017/18;SALTA;CAPITAL;66;28;7130
Maíz;2018/19;SALTA;CAPITAL;66;28;8050
Maíz;2019/20;SALTA;CAPITAL;66;28;7935
Maíz;2020/21;SALTA;CAPITAL;66;28;1001
Maíz;2021/22;SALTA;CAPITAL;66;28;6679
Maíz;2022/23;SALTA;CAPITAL;66;28;6960
Maíz;2023/24;SALTA;CAPITAL;66;28;3905
Maíz;2024/25;SALTA;CAPITAL;66;28;4536
Maíz;2015/16;SALTA;CERRILLOS;66;35;9141
Maíz;2016/17;SALTA;CERRILLOS;66;35;8640
Maíz;2017/18;SALTA;CERRILLOS;66;35;9135
Maíz;2018/19;SALTA;CERRILLOS;66;35;10150
Maíz;2019/20;SALTA;CERRILLOS;66;35;17009
Maíz;2020/21;SALTA;CERRILLOS;66;35;4126
Maíz;2021/22;SALTA;CERRILLOS;66;35;6376
Maíz;2022/23;SALTA;CERRILLOS;66;35;5742
Maíz;2023/24;SALTA;CERRILLOS;66;35;4813
Maíz;2024/25;SALTA;CERRILLOS;66;35;8190
Maíz;2015/16;SALTA;CHICOANA;66;42;4207
Maíz;2016/17;SALTA;CHICOANA;66;42;4810
Maíz;2017/18;SALTA;CHICOANA;66;42;4740
Maíz;2018/19;SALTA;CHICOANA;66;42;5372
Maíz;2019/20;SALTA;CHICOANA;66;42;5293
Maíz;2020/21;SALTA;CHICOANA;66;42;6293
Maíz;2021/22;SALTA;CHICOANA;66;42;4250
Maíz;2022/23;SALTA;CHICOANA;66;42;7830
Maíz;2023/24;SALTA;CHICOANA;66;42;5033
Maíz;2024/25;SALTA;CHICOANA;66;42;7500
Maíz;2015/16;SALTA;"GENERAL GUEMES";66;49;29529
Maíz;2016/17;SALTA;"GENERAL GUEMES";66;49;25675
Maíz;2017/18;SALTA;"GENERAL GUEMES";66;49;25500
Maíz;2018/19;SALTA;"GENERAL GUEMES";66;49;29750
Maíz;2019/20;SALTA;"GENERAL GUEMES";66;49;28900
Maíz;2020/21;SALTA;"GENERAL GUEMES";66;49;15042
Maíz;2021/22;SALTA;"GENERAL GUEMES";66;49;34848
Maíz;2022/23;SALTA;"GENERAL GUEMES";66;49;39916
Maíz;2023/24;SALTA;"GENERAL GUEMES";66;49;23825
Maíz;2024/25;SALTA;"GENERAL GUEMES";66;49;31752
Maíz;2015/16;SALTA;"GENERAL JOSE DE SAN MARTIN";66;56;282042
Maíz;2016/17;SALTA;"GENERAL JOSE DE SAN MARTIN";66;56;256750
Maíz;2017/18;SALTA;"GENERAL JOSE DE SAN MARTIN";66;56;250878
Maíz;2018/19;SALTA;"GENERAL JOSE DE SAN MARTIN";66;56;251831
Maíz;2019/20;SALTA;"GENERAL JOSE DE SAN MARTIN";66;56;256041
Maíz;2020/21;SALTA;"GENERAL JOSE DE SAN MARTIN";66;56;328099
Maíz;2021/22;SALTA;"GENERAL JOSE DE SAN MARTIN";66;56;389186
Maíz;2022/23;SALTA;"GENERAL JOSE DE SAN MARTIN";66;56;395591
Maíz;2023/24;SALTA;"GENERAL JOSE DE SAN MARTIN";66;56;325853
Maíz;2024/25;SALTA;"GENERAL JOSE DE SAN MARTIN";66;56;252198
Maíz;2023/24;SALTA;GUACHIPAS;66;63;0
Maíz;2024/25;SALTA;GUACHIPAS;66;63;464
Maíz;2015/16;SALTA;"LA CALDERA";66;77;520
Maíz;2016/17;SALTA;"LA CALDERA";66;77;522
Maíz;2017/18;SALTA;"LA CALDERA";66;77;560
Maíz;2018/19;SALTA;"LA CALDERA";66;77;680
Maíz;2019/20;SALTA;"LA CALDERA";66;77;670
Maíz;2020/21;SALTA;"LA CALDERA";66;77;422
Maíz;2021/22;SALTA;"LA CALDERA";66;77;780
Maíz;2022/23;SALTA;"LA CALDERA";66;77;855
Maíz;2023/24;SALTA;"LA CALDERA";66;77;750
Maíz;2024/25;SALTA;"LA CALDERA";66;77;900
Maíz;2015/16;SALTA;"LA CANDELARIA";66;84;20160
Maíz;2016/17;SALTA;"LA CANDELARIA";66;84;12800
Maíz;2017/18;SALTA;"LA CANDELARIA";66;84;11890
Maíz;2018/19;SALTA;"LA CANDELARIA";66;84;13940
Maíz;2019/20;SALTA;"LA CANDELARIA";66;84;20603
Maíz;2020/21;SALTA;"LA CANDELARIA";66;84;22080
Maíz;2021/22;SALTA;"LA CANDELARIA";66;84;16808
Maíz;2022/23;SALTA;"LA CANDELARIA";66;84;25223
Maíz;2023/24;SALTA;"LA CANDELARIA";66;84;20925
Maíz;2024/25;SALTA;"LA CANDELARIA";66;84;27300
Maíz;2015/16;SALTA;"LA VINA";66;98;560
Maíz;2016/17;SALTA;"LA VINA";66;98;576
Maíz;2017/18;SALTA;"LA VINA";66;98;580
Maíz;2018/19;SALTA;"LA VINA";66;98;680
Maíz;2019/20;SALTA;"LA VINA";66;98;670
Maíz;2020/21;SALTA;"LA VINA";66;98;637
Maíz;2021/22;SALTA;"LA VINA";66;98;756
Maíz;2022/23;SALTA;"LA VINA";66;98;1044
Maíz;2023/24;SALTA;"LA VINA";66;98;990
Maíz;2024/25;SALTA;"LA VINA";66;98;870
Maíz;2015/16;SALTA;METAN;66;112;178002
Maíz;2016/17;SALTA;METAN;66;112;190672
Maíz;2017/18;SALTA;METAN;66;112;195660
Maíz;2018/19;SALTA;METAN;66;112;224574
Maíz;2019/20;SALTA;METAN;66;112;206203
Maíz;2020/21;SALTA;METAN;66;112;159624
Maíz;2021/22;SALTA;METAN;66;112;163098
Maíz;2022/23;SALTA;METAN;66;112;179685
Maíz;2023/24;SALTA;METAN;66;112;142700
Maíz;2024/25;SALTA;METAN;66;112;157183
Maíz;2015/16;SALTA;ORAN;66;126;35273
Maíz;2016/17;SALTA;ORAN;66;126;21450
Maíz;2017/18;SALTA;ORAN;66;126;22479
Maíz;2018/19;SALTA;ORAN;66;126;35816
Maíz;2019/20;SALTA;ORAN;66;126;36944
Maíz;2020/21;SALTA;ORAN;66;126;34525
Maíz;2021/22;SALTA;ORAN;66;126;41152
Maíz;2022/23;SALTA;ORAN;66;126;76773
Maíz;2023/24;SALTA;ORAN;66;126;49196
Maíz;2024/25;SALTA;ORAN;66;126;40008
Maíz;2019/20;SALTA;RIVADAVIA;66;133;32000
Maíz;2020/21;SALTA;RIVADAVIA;66;133;55651
Maíz;2021/22;SALTA;RIVADAVIA;66;133;38723
Maíz;2022/23;SALTA;RIVADAVIA;66;133;35762
Maíz;2023/24;SALTA;RIVADAVIA;66;133;58025
Maíz;2024/25;SALTA;RIVADAVIA;66;133;68456
Maíz;2015/16;SALTA;"ROSARIO DE LA FRONTERA";66;140;232812
Maíz;2016/17;SALTA;"ROSARIO DE LA FRONTERA";66;140;225920
Maíz;2017/18;SALTA;"ROSARIO DE LA FRONTERA";66;140;224595
Maíz;2018/19;SALTA;"ROSARIO DE LA FRONTERA";66;140;306880
Maíz;2019/20;SALTA;"ROSARIO DE LA FRONTERA";66;140;316710
Maíz;2020/21;SALTA;"ROSARIO DE LA FRONTERA";66;140;330718
Maíz;2021/22;SALTA;"ROSARIO DE LA FRONTERA";66;140;220828
Maíz;2022/23;SALTA;"ROSARIO DE LA FRONTERA";66;140;221258
Maíz;2023/24;SALTA;"ROSARIO DE LA FRONTERA";66;140;208190
Maíz;2024/25;SALTA;"ROSARIO DE LA FRONTERA";66;140;228852
Maíz;2015/16;SALTA;"ROSARIO DE LERMA";66;147;6798
Maíz;2016/17;SALTA;"ROSARIO DE LERMA";66;147;6825
Maíz;2017/18;SALTA;"ROSARIO DE LERMA";66;147;6900
Maíz;2018/19;SALTA;"ROSARIO DE LERMA";66;147;8050
Maíz;2019/20;SALTA;"ROSARIO DE LERMA";66;147;5555
Maíz;2020/21;SALTA;"ROSARIO DE LERMA";66;147;1380
Maíz;2021/22;SALTA;"ROSARIO DE LERMA";66;147;2754
Maíz;2022/23;SALTA;"ROSARIO DE LERMA";66;147;1500
Maíz;2023/24;SALTA;"ROSARIO DE LERMA";66;147;1000
Maíz;2024/25;SALTA;"ROSARIO DE LERMA";66;147;441
Maíz;2015/16;"SAN LUIS";AYACUCHO;74;7;29500
Maíz;2016/17;"SAN LUIS";AYACUCHO;74;7;37950
Maíz;2017/18;"SAN LUIS";AYACUCHO;74;7;54000
Maíz;2018/19;"SAN LUIS";AYACUCHO;74;7;41250
Maíz;2019/20;"SAN LUIS";AYACUCHO;74;7;27500
Maíz;2020/21;"SAN LUIS";AYACUCHO;74;7;69540
Maíz;2021/22;"SAN LUIS";AYACUCHO;74;7;81600
Maíz;2022/23;"SAN LUIS";AYACUCHO;74;7;112815
Maíz;2023/24;"SAN LUIS";AYACUCHO;74;7;70195
Maíz;2024/25;"SAN LUIS";AYACUCHO;74;7;73500
Maíz;2015/16;"SAN LUIS";CHACABUCO;74;28;70760
Maíz;2016/17;"SAN LUIS";CHACABUCO;74;28;186300
Maíz;2017/18;"SAN LUIS";CHACABUCO;74;28;91494
Maíz;2018/19;"SAN LUIS";CHACABUCO;74;28;141480
Maíz;2019/20;"SAN LUIS";CHACABUCO;74;28;87500
Maíz;2020/21;"SAN LUIS";CHACABUCO;74;28;162000
Maíz;2021/22;"SAN LUIS";CHACABUCO;74;28;96900
Maíz;2022/23;"SAN LUIS";CHACABUCO;74;28;66360
Maíz;2023/24;"SAN LUIS";CHACABUCO;74;28;121475
Maíz;2024/25;"SAN LUIS";CHACABUCO;74;28;124260
Maíz;2015/16;"SAN LUIS";"CORONEL PRINGLES";74;21;353958
Maíz;2016/17;"SAN LUIS";"CORONEL PRINGLES";74;21;468750
Maíz;2017/18;"SAN LUIS";"CORONEL PRINGLES";74;21;273600
Maíz;2018/19;"SAN LUIS";"CORONEL PRINGLES";74;21;319200
Maíz;2019/20;"SAN LUIS";"CORONEL PRINGLES";74;21;228000
Maíz;2020/21;"SAN LUIS";"CORONEL PRINGLES";74;21;399750
Maíz;2021/22;"SAN LUIS";"CORONEL PRINGLES";74;21;348400
Maíz;2022/23;"SAN LUIS";"CORONEL PRINGLES";74;21;161600
Maíz;2023/24;"SAN LUIS";"CORONEL PRINGLES";74;21;361100
Maíz;2024/25;"SAN LUIS";"CORONEL PRINGLES";74;21;349525
Maíz;2015/16;"SAN LUIS";"GENERAL PEDERNERA";74;35;1101800
Maíz;2016/17;"SAN LUIS";"GENERAL PEDERNERA";74;35;1483200
Maíz;2017/18;"SAN LUIS";"GENERAL PEDERNERA";74;35;741000
Maíz;2018/19;"SAN LUIS";"GENERAL PEDERNERA";74;35;1110200
Maíz;2019/20;"SAN LUIS";"GENERAL PEDERNERA";74;35;800000
Maíz;2020/21;"SAN LUIS";"GENERAL PEDERNERA";74;35;1020000
Maíz;2021/22;"SAN LUIS";"GENERAL PEDERNERA";74;35;916500
Maíz;2022/23;"SAN LUIS";"GENERAL PEDERNERA";74;35;491700
Maíz;2023/24;"SAN LUIS";"GENERAL PEDERNERA";74;35;1188000
Maíz;2024/25;"SAN LUIS";"GENERAL PEDERNERA";74;35;1297440
Maíz;2015/16;"SAN LUIS";"GOBERNADOR DUPUY";74;42;146160
Maíz;2016/17;"SAN LUIS";"GOBERNADOR DUPUY";74;42;165360
Maíz;2017/18;"SAN LUIS";"GOBERNADOR DUPUY";74;42;115216
Maíz;2018/19;"SAN LUIS";"GOBERNADOR DUPUY";74;42;165000
Maíz;2019/20;"SAN LUIS";"GOBERNADOR DUPUY";74;42;118900
Maíz;2020/21;"SAN LUIS";"GOBERNADOR DUPUY";74;42;330600
Maíz;2021/22;"SAN LUIS";"GOBERNADOR DUPUY";74;42;258500
Maíz;2022/23;"SAN LUIS";"GOBERNADOR DUPUY";74;42;164300
Maíz;2023/24;"SAN LUIS";"GOBERNADOR DUPUY";74;42;180600
Maíz;2024/25;"SAN LUIS";"GOBERNADOR DUPUY";74;42;267900
Maíz;2015/16;"SAN LUIS";"JUAN MARTIN DE PUEYRREDON";74;56;104171
Maíz;2016/17;"SAN LUIS";"JUAN MARTIN DE PUEYRREDON";74;56;150590
Maíz;2017/18;"SAN LUIS";"JUAN MARTIN DE PUEYRREDON";74;56;102131
Maíz;2018/19;"SAN LUIS";"JUAN MARTIN DE PUEYRREDON";74;56;93500
Maíz;2019/20;"SAN LUIS";"JUAN MARTIN DE PUEYRREDON";74;56;60200
Maíz;2020/21;"SAN LUIS";"JUAN MARTIN DE PUEYRREDON";74;56;220100
Maíz;2021/22;"SAN LUIS";"JUAN MARTIN DE PUEYRREDON";74;56;121500
Maíz;2022/23;"SAN LUIS";"JUAN MARTIN DE PUEYRREDON";74;56;108500
Maíz;2023/24;"SAN LUIS";"JUAN MARTIN DE PUEYRREDON";74;56;40000
Maíz;2024/25;"SAN LUIS";"JUAN MARTIN DE PUEYRREDON";74;56;42535
Maíz;2015/16;"SAN LUIS";JUNIN;74;49;4320
Maíz;2016/17;"SAN LUIS";JUNIN;74;49;5220
Maíz;2017/18;"SAN LUIS";JUNIN;74;49;3190
Maíz;2018/19;"SAN LUIS";JUNIN;74;49;4550
Maíz;2019/20;"SAN LUIS";JUNIN;74;49;2200
Maíz;2020/21;"SAN LUIS";JUNIN;74;49;32900
Maíz;2021/22;"SAN LUIS";JUNIN;74;49;38400
Maíz;2022/23;"SAN LUIS";JUNIN;74;49;42000
Maíz;2023/24;"SAN LUIS";JUNIN;74;49;49140
Maíz;2024/25;"SAN LUIS";JUNIN;74;49;71280
Maíz;2015/16;"SAN LUIS";"LIBERTADOR GENERAL SAN MARTIN";74;63;2268
Maíz;2016/17;"SAN LUIS";"LIBERTADOR GENERAL SAN MARTIN";74;63;3600
Maíz;2017/18;"SAN LUIS";"LIBERTADOR GENERAL SAN MARTIN";74;63;1995
Maíz;2018/19;"SAN LUIS";"LIBERTADOR GENERAL SAN MARTIN";74;63;3920
Maíz;2019/20;"SAN LUIS";"LIBERTADOR GENERAL SAN MARTIN";74;63;2970
Maíz;2020/21;"SAN LUIS";"LIBERTADOR GENERAL SAN MARTIN";74;63;19500
Maíz;2021/22;"SAN LUIS";"LIBERTADOR GENERAL SAN MARTIN";74;63;15400
Maíz;2022/23;"SAN LUIS";"LIBERTADOR GENERAL SAN MARTIN";74;63;6720
Maíz;2023/24;"SAN LUIS";"LIBERTADOR GENERAL SAN MARTIN";74;63;14175
Maíz;2024/25;"SAN LUIS";"LIBERTADOR GENERAL SAN MARTIN";74;63;17390
Maíz;2015/16;"SANTA FE";"9 DE JULIO";82;77;513000
Maíz;2016/17;"SANTA FE";"9 DE JULIO";82;77;465500
Maíz;2017/18;"SANTA FE";"9 DE JULIO";82;77;178010
Maíz;2018/19;"SANTA FE";"9 DE JULIO";82;77;27500
Maíz;2019/20;"SANTA FE";"9 DE JULIO";82;77;174240
Maíz;2020/21;"SANTA FE";"9 DE JULIO";82;77;174420
Maíz;2021/22;"SANTA FE";"9 DE JULIO";82;77;285075
Maíz;2022/23;"SANTA FE";"9 DE JULIO";82;77;411375
Maíz;2023/24;"SANTA FE";"9 DE JULIO";82;77;93600
Maíz;2024/25;"SANTA FE";"9 DE JULIO";82;77;246428
Maíz;2015/16;"SANTA FE";BELGRANO;82;7;93299
Maíz;2016/17;"SANTA FE";BELGRANO;82;7;186300
Maíz;2017/18;"SANTA FE";BELGRANO;82;7;350540
Maíz;2018/19;"SANTA FE";BELGRANO;82;7;373100
Maíz;2019/20;"SANTA FE";BELGRANO;82;7;376250
Maíz;2020/21;"SANTA FE";BELGRANO;82;7;362400
Maíz;2021/22;"SANTA FE";BELGRANO;82;7;352951
Maíz;2022/23;"SANTA FE";BELGRANO;82;7;130253
Maíz;2023/24;"SANTA FE";BELGRANO;82;7;298176
Maíz;2024/25;"SANTA FE";BELGRANO;82;7;419211
Maíz;2015/16;"SANTA FE";CASEROS;82;14;277965
Maíz;2016/17;"SANTA FE";CASEROS;82;14;194460
Maíz;2017/18;"SANTA FE";CASEROS;82;14;356680
Maíz;2018/19;"SANTA FE";CASEROS;82;14;388000
Maíz;2019/20;"SANTA FE";CASEROS;82;14;554490
Maíz;2020/21;"SANTA FE";CASEROS;82;14;519300
Maíz;2021/22;"SANTA FE";CASEROS;82;14;484410
Maíz;2022/23;"SANTA FE";CASEROS;82;14;207200
Maíz;2023/24;"SANTA FE";CASEROS;82;14;698400
Maíz;2024/25;"SANTA FE";CASEROS;82;14;463680
Maíz;2015/16;"SANTA FE";CASTELLANOS;82;21;497700
Maíz;2016/17;"SANTA FE";CASTELLANOS;82;21;508944
Maíz;2017/18;"SANTA FE";CASTELLANOS;82;21;253760
Maíz;2018/19;"SANTA FE";CASTELLANOS;82;21;341120
Maíz;2019/20;"SANTA FE";CASTELLANOS;82;21;431388
Maíz;2020/21;"SANTA FE";CASTELLANOS;82;21;567600
Maíz;2021/22;"SANTA FE";CASTELLANOS;82;21;355874
Maíz;2022/23;"SANTA FE";CASTELLANOS;82;21;128527
Maíz;2023/24;"SANTA FE";CASTELLANOS;82;21;245760
Maíz;2024/25;"SANTA FE";CASTELLANOS;82;21;247380
Maíz;2015/16;"SANTA FE";CONSTITUCION;82;28;137460
Maíz;2016/17;"SANTA FE";CONSTITUCION;82;28;251740
Maíz;2017/18;"SANTA FE";CONSTITUCION;82;28;210160
Maíz;2018/19;"SANTA FE";CONSTITUCION;82;28;291000
Maíz;2019/20;"SANTA FE";CONSTITUCION;82;28;335250
Maíz;2020/21;"SANTA FE";CONSTITUCION;82;28;368050
Maíz;2021/22;"SANTA FE";CONSTITUCION;82;28;300960
Maíz;2022/23;"SANTA FE";CONSTITUCION;82;28;112800
Maíz;2023/24;"SANTA FE";CONSTITUCION;82;28;513000
Maíz;2024/25;"SANTA FE";CONSTITUCION;82;28;331200
Maíz;2015/16;"SANTA FE";GARAY;82;35;1380
Maíz;2016/17;"SANTA FE";GARAY;82;35;1920
Maíz;2017/18;"SANTA FE";GARAY;82;35;2450
Maíz;2018/19;"SANTA FE";GARAY;82;35;4860
Maíz;2019/20;"SANTA FE";GARAY;82;35;4935
Maíz;2020/21;"SANTA FE";GARAY;82;35;14000
Maíz;2021/22;"SANTA FE";GARAY;82;35;7600
Maíz;2022/23;"SANTA FE";GARAY;82;35;2352
Maíz;2023/24;"SANTA FE";GARAY;82;35;12580
Maíz;2024/25;"SANTA FE";GARAY;82;35;3000
Maíz;2015/16;"SANTA FE";"GENERAL LOPEZ";82;42;1255570
Maíz;2016/17;"SANTA FE";"GENERAL LOPEZ";82;42;2040000
Maíz;2017/18;"SANTA FE";"GENERAL LOPEZ";82;42;1702877
Maíz;2018/19;"SANTA FE";"GENERAL LOPEZ";82;42;2106000
Maíz;2019/20;"SANTA FE";"GENERAL LOPEZ";82;42;2332740
Maíz;2020/21;"SANTA FE";"GENERAL LOPEZ";82;42;2142720
Maíz;2021/22;"SANTA FE";"GENERAL LOPEZ";82;42;1608400
Maíz;2022/23;"SANTA FE";"GENERAL LOPEZ";82;42;872100
Maíz;2023/24;"SANTA FE";"GENERAL LOPEZ";82;42;2081339
Maíz;2024/25;"SANTA FE";"GENERAL LOPEZ";82;42;1760024
Maíz;2015/16;"SANTA FE";"GENERAL OBLIGADO";82;49;76380
Maíz;2016/17;"SANTA FE";"GENERAL OBLIGADO";82;49;176000
Maíz;2017/18;"SANTA FE";"GENERAL OBLIGADO";82;49;106000
Maíz;2018/19;"SANTA FE";"GENERAL OBLIGADO";82;49;110200
Maíz;2019/20;"SANTA FE";"GENERAL OBLIGADO";82;49;153450
Maíz;2020/21;"SANTA FE";"GENERAL OBLIGADO";82;49;140400
Maíz;2021/22;"SANTA FE";"GENERAL OBLIGADO";82;49;94084
Maíz;2022/23;"SANTA FE";"GENERAL OBLIGADO";82;49;67045
Maíz;2023/24;"SANTA FE";"GENERAL OBLIGADO";82;49;53108
Maíz;2024/25;"SANTA FE";"GENERAL OBLIGADO";82;49;57710
Maíz;2015/16;"SANTA FE";IRIONDO;82;56;150012
Maíz;2016/17;"SANTA FE";IRIONDO;82;56;293040
Maíz;2017/18;"SANTA FE";IRIONDO;82;56;411200
Maíz;2018/19;"SANTA FE";IRIONDO;82;56;471700
Maíz;2019/20;"SANTA FE";IRIONDO;82;56;533750
Maíz;2020/21;"SANTA FE";IRIONDO;82;56;429300
Maíz;2021/22;"SANTA FE";IRIONDO;82;56;385422
Maíz;2022/23;"SANTA FE";IRIONDO;82;56;100188
Maíz;2023/24;"SANTA FE";IRIONDO;82;56;412727
Maíz;2024/25;"SANTA FE";IRIONDO;82;56;344576
Maíz;2015/16;"SANTA FE";"LA CAPITAL";82;63;16836
Maíz;2016/17;"SANTA FE";"LA CAPITAL";82;63;30800
Maíz;2017/18;"SANTA FE";"LA CAPITAL";82;63;18500
Maíz;2018/19;"SANTA FE";"LA CAPITAL";82;63;37730
Maíz;2019/20;"SANTA FE";"LA CAPITAL";82;63;27750
Maíz;2020/21;"SANTA FE";"LA CAPITAL";82;63;40200
Maíz;2021/22;"SANTA FE";"LA CAPITAL";82;63;41860
Maíz;2022/23;"SANTA FE";"LA CAPITAL";82;63;14820
Maíz;2023/24;"SANTA FE";"LA CAPITAL";82;63;49920
Maíz;2024/25;"SANTA FE";"LA CAPITAL";82;63;42000
Maíz;2015/16;"SANTA FE";"LAS COLONIAS";82;70;202510
Maíz;2016/17;"SANTA FE";"LAS COLONIAS";82;70;452162
Maíz;2017/18;"SANTA FE";"LAS COLONIAS";82;70;266883
Maíz;2018/19;"SANTA FE";"LAS COLONIAS";82;70;275340
Maíz;2019/20;"SANTA FE";"LAS COLONIAS";82;70;370820
Maíz;2020/21;"SANTA FE";"LAS COLONIAS";82;70;444500
Maíz;2021/22;"SANTA FE";"LAS COLONIAS";82;70;290945
Maíz;2022/23;"SANTA FE";"LAS COLONIAS";82;70;119933
Maíz;2023/24;"SANTA FE";"LAS COLONIAS";82;70;220100
Maíz;2024/25;"SANTA FE";"LAS COLONIAS";82;70;143780
Maíz;2015/16;"SANTA FE";ROSARIO;82;84;104550
Maíz;2016/17;"SANTA FE";ROSARIO;82;84;96000
Maíz;2017/18;"SANTA FE";ROSARIO;82;84;126000
Maíz;2018/19;"SANTA FE";ROSARIO;82;84;164900
Maíz;2019/20;"SANTA FE";ROSARIO;82;84;174445
Maíz;2020/21;"SANTA FE";ROSARIO;82;84;246820
Maíz;2021/22;"SANTA FE";ROSARIO;82;84;165600
Maíz;2022/23;"SANTA FE";ROSARIO;82;84;57000
Maíz;2023/24;"SANTA FE";ROSARIO;82;84;330600
Maíz;2024/25;"SANTA FE";ROSARIO;82;84;238000
Maíz;2015/16;"SANTA FE";"SAN CRISTOBAL";82;91;44928
Maíz;2016/17;"SANTA FE";"SAN CRISTOBAL";82;91;74880
Maíz;2017/18;"SANTA FE";"SAN CRISTOBAL";82;91;22284
Maíz;2018/19;"SANTA FE";"SAN CRISTOBAL";82;91;86800
Maíz;2019/20;"SANTA FE";"SAN CRISTOBAL";82;91;375188
Maíz;2020/21;"SANTA FE";"SAN CRISTOBAL";82;91;268500
Maíz;2021/22;"SANTA FE";"SAN CRISTOBAL";82;91;162278
Maíz;2022/23;"SANTA FE";"SAN CRISTOBAL";82;91;119567
Maíz;2023/24;"SANTA FE";"SAN CRISTOBAL";82;91;238830
Maíz;2024/25;"SANTA FE";"SAN CRISTOBAL";82;91;86100
Maíz;2015/16;"SANTA FE";"SAN JAVIER";82;98;11970
Maíz;2016/17;"SANTA FE";"SAN JAVIER";82;98;5250
Maíz;2017/18;"SANTA FE";"SAN JAVIER";82;98;7080
Maíz;2018/19;"SANTA FE";"SAN JAVIER";82;98;9000
Maíz;2019/20;"SANTA FE";"SAN JAVIER";82;98;10005
Maíz;2020/21;"SANTA FE";"SAN JAVIER";82;98;22770
Maíz;2021/22;"SANTA FE";"SAN JAVIER";82;98;26715
Maíz;2022/23;"SANTA FE";"SAN JAVIER";82;98;5523
Maíz;2023/24;"SANTA FE";"SAN JAVIER";82;98;17088
Maíz;2024/25;"SANTA FE";"SAN JAVIER";82;98;8090
Maíz;2015/16;"SANTA FE";"SAN JERONIMO";82;105;61250
Maíz;2016/17;"SANTA FE";"SAN JERONIMO";82;105;322920
Maíz;2017/18;"SANTA FE";"SAN JERONIMO";82;105;348600
Maíz;2018/19;"SANTA FE";"SAN JERONIMO";82;105;225250
Maíz;2019/20;"SANTA FE";"SAN JERONIMO";82;105;219000
Maíz;2020/21;"SANTA FE";"SAN JERONIMO";82;105;384300
Maíz;2021/22;"SANTA FE";"SAN JERONIMO";82;105;279537
Maíz;2022/23;"SANTA FE";"SAN JERONIMO";82;105;86895
Maíz;2023/24;"SANTA FE";"SAN JERONIMO";82;105;316834
Maíz;2024/25;"SANTA FE";"SAN JERONIMO";82;105;213024
Maíz;2015/16;"SANTA FE";"SAN JUSTO";82;112;33920
Maíz;2016/17;"SANTA FE";"SAN JUSTO";82;112;56090
Maíz;2017/18;"SANTA FE";"SAN JUSTO";82;112;35250
Maíz;2018/19;"SANTA FE";"SAN JUSTO";82;112;79920
Maíz;2019/20;"SANTA FE";"SAN JUSTO";82;112;343950
Maíz;2020/21;"SANTA FE";"SAN JUSTO";82;112;152580
Maíz;2021/22;"SANTA FE";"SAN JUSTO";82;112;165409
Maíz;2022/23;"SANTA FE";"SAN JUSTO";82;112;58056
Maíz;2023/24;"SANTA FE";"SAN JUSTO";82;112;143640
Maíz;2024/25;"SANTA FE";"SAN JUSTO";82;112;58500
Maíz;2015/16;"SANTA FE";"SAN LORENZO";82;119;147117
Maíz;2016/17;"SANTA FE";"SAN LORENZO";82;119;158525
Maíz;2017/18;"SANTA FE";"SAN LORENZO";82;119;164280
Maíz;2018/19;"SANTA FE";"SAN LORENZO";82;119;213400
Maíz;2019/20;"SANTA FE";"SAN LORENZO";82;119;222755
Maíz;2020/21;"SANTA FE";"SAN LORENZO";82;119;220980
Maíz;2021/22;"SANTA FE";"SAN LORENZO";82;119;169070
Maíz;2022/23;"SANTA FE";"SAN LORENZO";82;119;87500
Maíz;2023/24;"SANTA FE";"SAN LORENZO";82;119;312800
Maíz;2024/25;"SANTA FE";"SAN LORENZO";82;119;212500
Maíz;2015/16;"SANTA FE";"SAN MARTIN";82;126;257540
Maíz;2016/17;"SANTA FE";"SAN MARTIN";82;126;468800
Maíz;2017/18;"SANTA FE";"SAN MARTIN";82;126;589725
Maíz;2018/19;"SANTA FE";"SAN MARTIN";82;126;657900
Maíz;2019/20;"SANTA FE";"SAN MARTIN";82;126;691250
Maíz;2020/21;"SANTA FE";"SAN MARTIN";82;126;564200
Maíz;2021/22;"SANTA FE";"SAN MARTIN";82;126;543544
Maíz;2022/23;"SANTA FE";"SAN MARTIN";82;126;194535
Maíz;2023/24;"SANTA FE";"SAN MARTIN";82;126;693269
Maíz;2024/25;"SANTA FE";"SAN MARTIN";82;126;332960
Maíz;2015/16;"SANTA FE";VERA;82;133;59000
Maíz;2016/17;"SANTA FE";VERA;82;133;19250
Maíz;2017/18;"SANTA FE";VERA;82;133;29400
Maíz;2018/19;"SANTA FE";VERA;82;133;46750
Maíz;2019/20;"SANTA FE";VERA;82;133;39200
Maíz;2020/21;"SANTA FE";VERA;82;133;59400
Maíz;2021/22;"SANTA FE";VERA;82;133;54934
Maíz;2022/23;"SANTA FE";VERA;82;133;2080
Maíz;2023/24;"SANTA FE";VERA;82;133;24024
Maíz;2024/25;"SANTA FE";VERA;82;133;11475
Maíz;2015/16;"SANTIAGO DEL ESTERO";AGUIRRE;86;7;113356
Maíz;2016/17;"SANTIAGO DEL ESTERO";AGUIRRE;86;7;114540
Maíz;2017/18;"SANTIAGO DEL ESTERO";AGUIRRE;86;7;76900
Maíz;2018/19;"SANTIAGO DEL ESTERO";AGUIRRE;86;7;123008
Maíz;2019/20;"SANTIAGO DEL ESTERO";AGUIRRE;86;7;146236
Maíz;2020/21;"SANTIAGO DEL ESTERO";AGUIRRE;86;7;124344
Maíz;2021/22;"SANTIAGO DEL ESTERO";AGUIRRE;86;7;135388
Maíz;2022/23;"SANTIAGO DEL ESTERO";AGUIRRE;86;7;86090
Maíz;2023/24;"SANTIAGO DEL ESTERO";AGUIRRE;86;7;48019
Maíz;2024/25;"SANTIAGO DEL ESTERO";AGUIRRE;86;7;57780
Maíz;2015/16;"SANTIAGO DEL ESTERO";ALBERDI;86;14;387980
Maíz;2016/17;"SANTIAGO DEL ESTERO";ALBERDI;86;14;618240
Maíz;2017/18;"SANTIAGO DEL ESTERO";ALBERDI;86;14;439740
Maíz;2018/19;"SANTIAGO DEL ESTERO";ALBERDI;86;14;496925
Maíz;2019/20;"SANTIAGO DEL ESTERO";ALBERDI;86;14;621710
Maíz;2020/21;"SANTIAGO DEL ESTERO";ALBERDI;86;14;515640
Maíz;2021/22;"SANTIAGO DEL ESTERO";ALBERDI;86;14;595275
Maíz;2022/23;"SANTIAGO DEL ESTERO";ALBERDI;86;14;442746
Maíz;2023/24;"SANTIAGO DEL ESTERO";ALBERDI;86;14;115276
Maíz;2024/25;"SANTIAGO DEL ESTERO";ALBERDI;86;14;114642
Maíz;2023/24;"SANTIAGO DEL ESTERO";ATAMISQUI;86;21;1200
Maíz;2024/25;"SANTIAGO DEL ESTERO";ATAMISQUI;86;21;975
Maíz;2015/16;"SANTIAGO DEL ESTERO";AVELLANEDA;86;28;13986
Maíz;2016/17;"SANTIAGO DEL ESTERO";AVELLANEDA;86;28;12160
Maíz;2017/18;"SANTIAGO DEL ESTERO";AVELLANEDA;86;28;9650
Maíz;2018/19;"SANTIAGO DEL ESTERO";AVELLANEDA;86;28;15209
Maíz;2019/20;"SANTIAGO DEL ESTERO";AVELLANEDA;86;28;36641
Maíz;2020/21;"SANTIAGO DEL ESTERO";AVELLANEDA;86;28;36540
Maíz;2021/22;"SANTIAGO DEL ESTERO";AVELLANEDA;86;28;35328
Maíz;2022/23;"SANTIAGO DEL ESTERO";AVELLANEDA;86;28;27558
Maíz;2023/24;"SANTIAGO DEL ESTERO";AVELLANEDA;86;28;13398
Maíz;2024/25;"SANTIAGO DEL ESTERO";AVELLANEDA;86;28;17204
Maíz;2015/16;"SANTIAGO DEL ESTERO";BANDA;86;35;14790
Maíz;2016/17;"SANTIAGO DEL ESTERO";BANDA;86;35;28050
Maíz;2017/18;"SANTIAGO DEL ESTERO";BANDA;86;35;20230
Maíz;2018/19;"SANTIAGO DEL ESTERO";BANDA;86;35;24500
Maíz;2019/20;"SANTIAGO DEL ESTERO";BANDA;86;35;26714
Maíz;2020/21;"SANTIAGO DEL ESTERO";BANDA;86;35;25200
Maíz;2021/22;"SANTIAGO DEL ESTERO";BANDA;86;35;26000
Maíz;2022/23;"SANTIAGO DEL ESTERO";BANDA;86;35;22000
Maíz;2023/24;"SANTIAGO DEL ESTERO";BANDA;86;35;13500
Maíz;2024/25;"SANTIAGO DEL ESTERO";BANDA;86;35;8736
Maíz;2015/16;"SANTIAGO DEL ESTERO";BELGRANO;86;42;485304
Maíz;2016/17;"SANTIAGO DEL ESTERO";BELGRANO;86;42;179400
Maíz;2017/18;"SANTIAGO DEL ESTERO";BELGRANO;86;42;157100
Maíz;2018/19;"SANTIAGO DEL ESTERO";BELGRANO;86;42;213980
Maíz;2019/20;"SANTIAGO DEL ESTERO";BELGRANO;86;42;347846
Maíz;2020/21;"SANTIAGO DEL ESTERO";BELGRANO;86;42;300504
Maíz;2021/22;"SANTIAGO DEL ESTERO";BELGRANO;86;42;348150
Maíz;2022/23;"SANTIAGO DEL ESTERO";BELGRANO;86;42;281226
Maíz;2023/24;"SANTIAGO DEL ESTERO";BELGRANO;86;42;87300
Maíz;2024/25;"SANTIAGO DEL ESTERO";BELGRANO;86;42;61948
Maíz;2015/16;"SANTIAGO DEL ESTERO";CAPITAL;86;49;9527
Maíz;2016/17;"SANTIAGO DEL ESTERO";CAPITAL;86;49;24800
Maíz;2017/18;"SANTIAGO DEL ESTERO";CAPITAL;86;49;21675
Maíz;2018/19;"SANTIAGO DEL ESTERO";CAPITAL;86;49;21700
Maíz;2019/20;"SANTIAGO DEL ESTERO";CAPITAL;86;49;26714
Maíz;2020/21;"SANTIAGO DEL ESTERO";CAPITAL;86;49;27000
Maíz;2021/22;"SANTIAGO DEL ESTERO";CAPITAL;86;49;30000
Maíz;2022/23;"SANTIAGO DEL ESTERO";CAPITAL;86;49;22000
Maíz;2023/24;"SANTIAGO DEL ESTERO";CAPITAL;86;49;14850
Maíz;2024/25;"SANTIAGO DEL ESTERO";CAPITAL;86;49;11687
Maíz;2015/16;"SANTIAGO DEL ESTERO";CHOYA;86;63;17105
Maíz;2016/17;"SANTIAGO DEL ESTERO";CHOYA;86;63;30800
Maíz;2017/18;"SANTIAGO DEL ESTERO";CHOYA;86;63;23650
Maíz;2018/19;"SANTIAGO DEL ESTERO";CHOYA;86;63;33500
Maíz;2019/20;"SANTIAGO DEL ESTERO";CHOYA;86;63;40071
Maíz;2020/21;"SANTIAGO DEL ESTERO";CHOYA;86;63;37800
Maíz;2021/22;"SANTIAGO DEL ESTERO";CHOYA;86;63;37125
Maíz;2022/23;"SANTIAGO DEL ESTERO";CHOYA;86;63;26400
Maíz;2023/24;"SANTIAGO DEL ESTERO";CHOYA;86;63;18878
Maíz;2024/25;"SANTIAGO DEL ESTERO";CHOYA;86;63;13160
Maíz;2015/16;"SANTIAGO DEL ESTERO";COPO;86;56;36146
Maíz;2016/17;"SANTIAGO DEL ESTERO";COPO;86;56;27200
Maíz;2017/18;"SANTIAGO DEL ESTERO";COPO;86;56;30195
Maíz;2018/19;"SANTIAGO DEL ESTERO";COPO;86;56;56940
Maíz;2019/20;"SANTIAGO DEL ESTERO";COPO;86;56;76441
Maíz;2020/21;"SANTIAGO DEL ESTERO";COPO;86;56;62068
Maíz;2021/22;"SANTIAGO DEL ESTERO";COPO;86;56;72648
Maíz;2022/23;"SANTIAGO DEL ESTERO";COPO;86;56;70621
Maíz;2023/24;"SANTIAGO DEL ESTERO";COPO;86;56;23463
Maíz;2024/25;"SANTIAGO DEL ESTERO";COPO;86;56;16848
Maíz;2015/16;"SANTIAGO DEL ESTERO";FIGUEROA;86;70;6917
Maíz;2016/17;"SANTIAGO DEL ESTERO";FIGUEROA;86;70;11200
Maíz;2017/18;"SANTIAGO DEL ESTERO";FIGUEROA;86;70;11880
Maíz;2018/19;"SANTIAGO DEL ESTERO";FIGUEROA;86;70;11000
Maíz;2019/20;"SANTIAGO DEL ESTERO";FIGUEROA;86;70;33393
Maíz;2020/21;"SANTIAGO DEL ESTERO";FIGUEROA;86;70;33750
Maíz;2021/22;"SANTIAGO DEL ESTERO";FIGUEROA;86;70;37500
Maíz;2022/23;"SANTIAGO DEL ESTERO";FIGUEROA;86;70;22000
Maíz;2023/24;"SANTIAGO DEL ESTERO";FIGUEROA;86;70;13200
Maíz;2024/25;"SANTIAGO DEL ESTERO";FIGUEROA;86;70;10920
Maíz;2015/16;"SANTIAGO DEL ESTERO";"GENERAL TABOADA";86;77;692960
Maíz;2016/17;"SANTIAGO DEL ESTERO";"GENERAL TABOADA";86;77;511360
Maíz;2017/18;"SANTIAGO DEL ESTERO";"GENERAL TABOADA";86;77;435655
Maíz;2018/19;"SANTIAGO DEL ESTERO";"GENERAL TABOADA";86;77;464685
Maíz;2019/20;"SANTIAGO DEL ESTERO";"GENERAL TABOADA";86;77;725857
Maíz;2020/21;"SANTIAGO DEL ESTERO";"GENERAL TABOADA";86;77;667975
Maíz;2021/22;"SANTIAGO DEL ESTERO";"GENERAL TABOADA";86;77;694792
Maíz;2022/23;"SANTIAGO DEL ESTERO";"GENERAL TABOADA";86;77;644077
Maíz;2023/24;"SANTIAGO DEL ESTERO";"GENERAL TABOADA";86;77;200570
Maíz;2024/25;"SANTIAGO DEL ESTERO";"GENERAL TABOADA";86;77;178035
Maíz;2015/16;"SANTIAGO DEL ESTERO";GUASAYAN;86;84;17105
Maíz;2016/17;"SANTIAGO DEL ESTERO";GUASAYAN;86;84;35200
Maíz;2017/18;"SANTIAGO DEL ESTERO";GUASAYAN;86;84;41340
Maíz;2018/19;"SANTIAGO DEL ESTERO";GUASAYAN;86;84;45500
Maíz;2019/20;"SANTIAGO DEL ESTERO";GUASAYAN;86;84;53428
Maíz;2020/21;"SANTIAGO DEL ESTERO";GUASAYAN;86;84;54000
Maíz;2021/22;"SANTIAGO DEL ESTERO";GUASAYAN;86;84;54000
Maíz;2022/23;"SANTIAGO DEL ESTERO";GUASAYAN;86;84;73700
Maíz;2023/24;"SANTIAGO DEL ESTERO";GUASAYAN;86;84;41850
Maíz;2024/25;"SANTIAGO DEL ESTERO";GUASAYAN;86;84;34440
Maíz;2015/16;"SANTIAGO DEL ESTERO";JIMENEZ;86;91;383250
Maíz;2016/17;"SANTIAGO DEL ESTERO";JIMENEZ;86;91;395250
Maíz;2017/18;"SANTIAGO DEL ESTERO";JIMENEZ;86;91;455000
Maíz;2018/19;"SANTIAGO DEL ESTERO";JIMENEZ;86;91;386250
Maíz;2019/20;"SANTIAGO DEL ESTERO";JIMENEZ;86;91;427500
Maíz;2020/21;"SANTIAGO DEL ESTERO";JIMENEZ;86;91;405000
Maíz;2021/22;"SANTIAGO DEL ESTERO";JIMENEZ;86;91;371250
Maíz;2022/23;"SANTIAGO DEL ESTERO";JIMENEZ;86;91;264000
Maíz;2023/24;"SANTIAGO DEL ESTERO";JIMENEZ;86;91;63000
Maíz;2024/25;"SANTIAGO DEL ESTERO";JIMENEZ;86;91;123120
Maíz;2015/16;"SANTIAGO DEL ESTERO";"JUAN F. IBARRA";86;98;318444
Maíz;2016/17;"SANTIAGO DEL ESTERO";"JUAN F. IBARRA";86;98;341030
Maíz;2017/18;"SANTIAGO DEL ESTERO";"JUAN F. IBARRA";86;98;300740
Maíz;2018/19;"SANTIAGO DEL ESTERO";"JUAN F. IBARRA";86;98;400248
Maíz;2019/20;"SANTIAGO DEL ESTERO";"JUAN F. IBARRA";86;98;533987
Maíz;2020/21;"SANTIAGO DEL ESTERO";"JUAN F. IBARRA";86;98;450549
Maíz;2021/22;"SANTIAGO DEL ESTERO";"JUAN F. IBARRA";86;98;441431
Maíz;2022/23;"SANTIAGO DEL ESTERO";"JUAN F. IBARRA";86;98;396467
Maíz;2023/24;"SANTIAGO DEL ESTERO";"JUAN F. IBARRA";86;98;137508
Maíz;2024/25;"SANTIAGO DEL ESTERO";"JUAN F. IBARRA";86;98;128233
Maíz;2015/16;"SANTIAGO DEL ESTERO";LORETO;86;105;5481
Maíz;2016/17;"SANTIAGO DEL ESTERO";LORETO;86;105;19500
Maíz;2017/18;"SANTIAGO DEL ESTERO";LORETO;86;105;14105
Maíz;2018/19;"SANTIAGO DEL ESTERO";LORETO;86;105;16250
Maíz;2019/20;"SANTIAGO DEL ESTERO";LORETO;86;105;20036
Maíz;2020/21;"SANTIAGO DEL ESTERO";LORETO;86;105;20250
Maíz;2021/22;"SANTIAGO DEL ESTERO";LORETO;86;105;20250
Maíz;2022/23;"SANTIAGO DEL ESTERO";LORETO;86;105;61600
Maíz;2023/24;"SANTIAGO DEL ESTERO";LORETO;86;105;31050
Maíz;2024/25;"SANTIAGO DEL ESTERO";LORETO;86;105;26730
Maíz;2015/16;"SANTIAGO DEL ESTERO";MITRE;86;112;50808
Maíz;2016/17;"SANTIAGO DEL ESTERO";MITRE;86;112;79050
Maíz;2017/18;"SANTIAGO DEL ESTERO";MITRE;86;112;43200
Maíz;2018/19;"SANTIAGO DEL ESTERO";MITRE;86;112;70000
Maíz;2019/20;"SANTIAGO DEL ESTERO";MITRE;86;112;100178
Maíz;2020/21;"SANTIAGO DEL ESTERO";MITRE;86;112;101250
Maíz;2021/22;"SANTIAGO DEL ESTERO";MITRE;86;112;101250
Maíz;2022/23;"SANTIAGO DEL ESTERO";MITRE;86;112;66000
Maíz;2023/24;"SANTIAGO DEL ESTERO";MITRE;86;112;47250
Maíz;2024/25;"SANTIAGO DEL ESTERO";MITRE;86;112;35786
Maíz;2015/16;"SANTIAGO DEL ESTERO";MORENO;86;119;1302028
Maíz;2016/17;"SANTIAGO DEL ESTERO";MORENO;86;119;1396720
Maíz;2017/18;"SANTIAGO DEL ESTERO";MORENO;86;119;1040930
Maíz;2018/19;"SANTIAGO DEL ESTERO";MORENO;86;119;1433250
Maíz;2019/20;"SANTIAGO DEL ESTERO";MORENO;86;119;1723307
Maíz;2020/21;"SANTIAGO DEL ESTERO";MORENO;86;119;1539458
Maíz;2021/22;"SANTIAGO DEL ESTERO";MORENO;86;119;1729275
Maíz;2022/23;"SANTIAGO DEL ESTERO";MORENO;86;119;1424121
Maíz;2023/24;"SANTIAGO DEL ESTERO";MORENO;86;119;422375
Maíz;2024/25;"SANTIAGO DEL ESTERO";MORENO;86;119;482976
Maíz;2020/21;"SANTIAGO DEL ESTERO";"OJO DE AGUA";86;126;10710
Maíz;2021/22;"SANTIAGO DEL ESTERO";"OJO DE AGUA";86;126;0
Maíz;2015/16;"SANTIAGO DEL ESTERO";PELLEGRINI;86;133;224840
Maíz;2016/17;"SANTIAGO DEL ESTERO";PELLEGRINI;86;133;391000
Maíz;2017/18;"SANTIAGO DEL ESTERO";PELLEGRINI;86;133;385000
Maíz;2018/19;"SANTIAGO DEL ESTERO";PELLEGRINI;86;133;338400
Maíz;2019/20;"SANTIAGO DEL ESTERO";PELLEGRINI;86;133;333925
Maíz;2020/21;"SANTIAGO DEL ESTERO";PELLEGRINI;86;133;337500
Maíz;2021/22;"SANTIAGO DEL ESTERO";PELLEGRINI;86;133;270000
Maíz;2022/23;"SANTIAGO DEL ESTERO";PELLEGRINI;86;133;269500
Maíz;2023/24;"SANTIAGO DEL ESTERO";PELLEGRINI;86;133;116550
Maíz;2024/25;"SANTIAGO DEL ESTERO";PELLEGRINI;86;133;142740
Maíz;2020/21;"SANTIAGO DEL ESTERO";QUEBRACHOS;86;140;13860
Maíz;2021/22;"SANTIAGO DEL ESTERO";QUEBRACHOS;86;140;0
Maíz;2022/23;"SANTIAGO DEL ESTERO";QUEBRACHOS;86;140;50000
Maíz;2023/24;"SANTIAGO DEL ESTERO";QUEBRACHOS;86;140;18000
Maíz;2024/25;"SANTIAGO DEL ESTERO";QUEBRACHOS;86;140;24180
Maíz;2015/16;"SANTIAGO DEL ESTERO";"RIO HONDO";86;147;42742
Maíz;2016/17;"SANTIAGO DEL ESTERO";"RIO HONDO";86;147;70400
Maíz;2017/18;"SANTIAGO DEL ESTERO";"RIO HONDO";86;147;50120
Maíz;2018/19;"SANTIAGO DEL ESTERO";"RIO HONDO";86;147;48300
Maíz;2019/20;"SANTIAGO DEL ESTERO";"RIO HONDO";86;147;64125
Maíz;2020/21;"SANTIAGO DEL ESTERO";"RIO HONDO";86;147;60750
Maíz;2021/22;"SANTIAGO DEL ESTERO";"RIO HONDO";86;147;57600
Maíz;2022/23;"SANTIAGO DEL ESTERO";"RIO HONDO";86;147;44000
Maíz;2023/24;"SANTIAGO DEL ESTERO";"RIO HONDO";86;147;20250
Maíz;2024/25;"SANTIAGO DEL ESTERO";"RIO HONDO";86;147;24420
Maíz;2015/16;"SANTIAGO DEL ESTERO";RIVADAVIA;86;154;109550
Maíz;2016/17;"SANTIAGO DEL ESTERO";RIVADAVIA;86;154;123200
Maíz;2017/18;"SANTIAGO DEL ESTERO";RIVADAVIA;86;154;28680
Maíz;2018/19;"SANTIAGO DEL ESTERO";RIVADAVIA;86;154;130548
Maíz;2019/20;"SANTIAGO DEL ESTERO";RIVADAVIA;86;154;203210
Maíz;2020/21;"SANTIAGO DEL ESTERO";RIVADAVIA;86;154;200246
Maíz;2021/22;"SANTIAGO DEL ESTERO";RIVADAVIA;86;154;211043
Maíz;2022/23;"SANTIAGO DEL ESTERO";RIVADAVIA;86;154;169446
Maíz;2023/24;"SANTIAGO DEL ESTERO";RIVADAVIA;86;154;67084
Maíz;2024/25;"SANTIAGO DEL ESTERO";RIVADAVIA;86;154;56532
Maíz;2015/16;"SANTIAGO DEL ESTERO";ROBLES;86;161;9198
Maíz;2016/17;"SANTIAGO DEL ESTERO";ROBLES;86;161;24400
Maíz;2017/18;"SANTIAGO DEL ESTERO";ROBLES;86;161;21675
Maíz;2018/19;"SANTIAGO DEL ESTERO";ROBLES;86;161;24150
Maíz;2019/20;"SANTIAGO DEL ESTERO";ROBLES;86;161;24928
Maíz;2020/21;"SANTIAGO DEL ESTERO";ROBLES;86;161;27000
Maíz;2021/22;"SANTIAGO DEL ESTERO";ROBLES;86;161;28800
Maíz;2022/23;"SANTIAGO DEL ESTERO";ROBLES;86;161;17600
Maíz;2023/24;"SANTIAGO DEL ESTERO";ROBLES;86;161;9000
Maíz;2024/25;"SANTIAGO DEL ESTERO";ROBLES;86;161;9048
Maíz;2015/16;"SANTIAGO DEL ESTERO";"SAN MARTIN";86;175;4611
Maíz;2016/17;"SANTIAGO DEL ESTERO";"SAN MARTIN";86;175;10200
Maíz;2017/18;"SANTIAGO DEL ESTERO";"SAN MARTIN";86;175;15120
Maíz;2018/19;"SANTIAGO DEL ESTERO";"SAN MARTIN";86;175;13400
Maíz;2019/20;"SANTIAGO DEL ESTERO";"SAN MARTIN";86;175;18696
Maíz;2020/21;"SANTIAGO DEL ESTERO";"SAN MARTIN";86;175;20250
Maíz;2021/22;"SANTIAGO DEL ESTERO";"SAN MARTIN";86;175;20250
Maíz;2022/23;"SANTIAGO DEL ESTERO";"SAN MARTIN";86;175;17600
Maíz;2023/24;"SANTIAGO DEL ESTERO";"SAN MARTIN";86;175;6750
Maíz;2024/25;"SANTIAGO DEL ESTERO";"SAN MARTIN";86;175;10920
Maíz;2015/16;"SANTIAGO DEL ESTERO";SARMIENTO;86;182;15373
Maíz;2016/17;"SANTIAGO DEL ESTERO";SARMIENTO;86;182;14280
Maíz;2017/18;"SANTIAGO DEL ESTERO";SARMIENTO;86;182;11880
Maíz;2018/19;"SANTIAGO DEL ESTERO";SARMIENTO;86;182;17236
Maíz;2019/20;"SANTIAGO DEL ESTERO";SARMIENTO;86;182;34689
Maíz;2020/21;"SANTIAGO DEL ESTERO";SARMIENTO;86;182;33453
Maíz;2021/22;"SANTIAGO DEL ESTERO";SARMIENTO;86;182;35845
Maíz;2022/23;"SANTIAGO DEL ESTERO";SARMIENTO;86;182;28560
Maíz;2023/24;"SANTIAGO DEL ESTERO";SARMIENTO;86;182;10752
Maíz;2024/25;"SANTIAGO DEL ESTERO";SARMIENTO;86;182;11008
Maíz;2015/16;"SANTIAGO DEL ESTERO";SILIPICA;86;189;975
Maíz;2016/17;"SANTIAGO DEL ESTERO";SILIPICA;86;189;25925
Maíz;2017/18;"SANTIAGO DEL ESTERO";SILIPICA;86;189;27300
Maíz;2018/19;"SANTIAGO DEL ESTERO";SILIPICA;86;189;21000
Maíz;2019/20;"SANTIAGO DEL ESTERO";SILIPICA;86;189;33393
Maíz;2020/21;"SANTIAGO DEL ESTERO";SILIPICA;86;189;33750
Maíz;2021/22;"SANTIAGO DEL ESTERO";SILIPICA;86;189;33750
Maíz;2022/23;"SANTIAGO DEL ESTERO";SILIPICA;86;189;22000
Maíz;2023/24;"SANTIAGO DEL ESTERO";SILIPICA;86;189;10000
Maíz;2024/25;"SANTIAGO DEL ESTERO";SILIPICA;86;189;10173
Maíz;2015/16;TUCUMAN;BURRUYACU;90;7;231105
Maíz;2016/17;TUCUMAN;BURRUYACU;90;7;189080
Maíz;2017/18;TUCUMAN;BURRUYACU;90;7;266825
Maíz;2018/19;TUCUMAN;BURRUYACU;90;7;299300
Maíz;2019/20;TUCUMAN;BURRUYACU;90;7;215020
Maíz;2020/21;TUCUMAN;BURRUYACU;90;7;202020
Maíz;2021/22;TUCUMAN;BURRUYACU;90;7;214885
Maíz;2022/23;TUCUMAN;BURRUYACU;90;7;179305
Maíz;2023/24;TUCUMAN;BURRUYACU;90;7;132660
Maíz;2024/25;TUCUMAN;BURRUYACU;90;7;140400
Maíz;2015/16;TUCUMAN;"CRUZ ALTA";90;14;19596
Maíz;2016/17;TUCUMAN;"CRUZ ALTA";90;14;41005
Maíz;2017/18;TUCUMAN;"CRUZ ALTA";90;14;64540
Maíz;2018/19;TUCUMAN;"CRUZ ALTA";90;14;76220
Maíz;2019/20;TUCUMAN;"CRUZ ALTA";90;14;48185
Maíz;2020/21;TUCUMAN;"CRUZ ALTA";90;14;54696
Maíz;2021/22;TUCUMAN;"CRUZ ALTA";90;14;58352
Maíz;2022/23;TUCUMAN;"CRUZ ALTA";90;14;51714
Maíz;2023/24;TUCUMAN;"CRUZ ALTA";90;14;36380
Maíz;2024/25;TUCUMAN;"CRUZ ALTA";90;14;41300
Maíz;2015/16;TUCUMAN;GRANEROS;90;35;82518
Maíz;2016/17;TUCUMAN;GRANEROS;90;35;26970
Maíz;2017/18;TUCUMAN;GRANEROS;90;35;62725
Maíz;2018/19;TUCUMAN;GRANEROS;90;35;99645
Maíz;2019/20;TUCUMAN;GRANEROS;90;35;69000
Maíz;2020/21;TUCUMAN;GRANEROS;90;35;72450
Maíz;2021/22;TUCUMAN;GRANEROS;90;35;72345
Maíz;2022/23;TUCUMAN;GRANEROS;90;35;57233
Maíz;2023/24;TUCUMAN;GRANEROS;90;35;23700
Maíz;2024/25;TUCUMAN;GRANEROS;90;35;24525
Maíz;2015/16;TUCUMAN;"LA COCHA";90;49;38916
Maíz;2016/17;TUCUMAN;"LA COCHA";90;49;10370
Maíz;2017/18;TUCUMAN;"LA COCHA";90;49;26845
Maíz;2018/19;TUCUMAN;"LA COCHA";90;49;40125
Maíz;2019/20;TUCUMAN;"LA COCHA";90;49;31304
Maíz;2020/21;TUCUMAN;"LA COCHA";90;49;34164
Maíz;2021/22;TUCUMAN;"LA COCHA";90;49;30348
Maíz;2022/23;TUCUMAN;"LA COCHA";90;49;26550
Maíz;2023/24;TUCUMAN;"LA COCHA";90;49;9570
Maíz;2024/25;TUCUMAN;"LA COCHA";90;49;13365
Maíz;2015/16;TUCUMAN;LEALES;90;56;69370
Maíz;2016/17;TUCUMAN;LEALES;90;56;57525
Maíz;2017/18;TUCUMAN;LEALES;90;56;67015
Maíz;2018/19;TUCUMAN;LEALES;90;56;123580
Maíz;2019/20;TUCUMAN;LEALES;90;56;63550
Maíz;2020/21;TUCUMAN;LEALES;90;56;69850
Maíz;2021/22;TUCUMAN;LEALES;90;56;74745
Maíz;2022/23;TUCUMAN;LEALES;90;56;68796
Maíz;2023/24;TUCUMAN;LEALES;90;56;34000
Maíz;2024/25;TUCUMAN;LEALES;90;56;43824
Maíz;2015/16;TUCUMAN;SIMOCA;90;91;2111
Maíz;2016/17;TUCUMAN;SIMOCA;90;91;2170
Maíz;2017/18;TUCUMAN;SIMOCA;90;91;3185
Maíz;2018/19;TUCUMAN;SIMOCA;90;91;2736
Maíz;2019/20;TUCUMAN;SIMOCA;90;91;1560
Maíz;2020/21;TUCUMAN;SIMOCA;90;91;2080
Maíz;2021/22;TUCUMAN;SIMOCA;90;91;1960
Maíz;2022/23;TUCUMAN;SIMOCA;90;91;1250
Maíz;2023/24;TUCUMAN;SIMOCA;90;91;900
Maíz;2024/25;TUCUMAN;SIMOCA;90;91;1640
Maíz;2015/16;TUCUMAN;"TAFI DEL VALLE";90;98;700
Maíz;2016/17;TUCUMAN;"TAFI DEL VALLE";90;98;456
Maíz;2017/18;TUCUMAN;"TAFI DEL VALLE";90;98;SD
Maíz;2018/19;TUCUMAN;"TAFI DEL VALLE";90;98;0
Maíz;2019/20;TUCUMAN;"TAFI DEL VALLE";90;98;0
Maíz;2020/21;TUCUMAN;"TAFI DEL VALLE";90;98;300
Maíz;2021/22;TUCUMAN;"TAFI DEL VALLE";90;98;200
Maíz;2022/23;TUCUMAN;"TAFI DEL VALLE";90;98;0
Maíz;2023/24;TUCUMAN;"TAFI DEL VALLE";90;98;80
Maíz;2024/25;TUCUMAN;"TAFI DEL VALLE";90;98;0
Maíz;2015/16;TUCUMAN;TRANCAS;90;112;1890
Maíz;2016/17;TUCUMAN;TRANCAS;90;112;2415
Maíz;2017/18;TUCUMAN;TRANCAS;90;112;1800
Maíz;2018/19;TUCUMAN;TRANCAS;90;112;3120
Maíz;2019/20;TUCUMAN;TRANCAS;90;112;945
Maíz;2020/21;TUCUMAN;TRANCAS;90;112;2205
Maíz;2021/22;TUCUMAN;TRANCAS;90;112;1624
Maíz;2022/23;TUCUMAN;TRANCAS;90;112;1040
Maíz;2023/24;TUCUMAN;TRANCAS;90;112;0
Maíz;2024/25;TUCUMAN;TRANCAS;90;112;900
"Soja total";2015/16;"BUENOS AIRES";"25 DE MAYO";6;854;654993
"Soja total";2016/17;"BUENOS AIRES";"25 DE MAYO";6;854;567400
"Soja total";2017/18;"BUENOS AIRES";"25 DE MAYO";6;854;140622
"Soja total";2018/19;"BUENOS AIRES";"25 DE MAYO";6;854;533857
"Soja total";2019/20;"BUENOS AIRES";"25 DE MAYO";6;854;442848
"Soja total";2020/21;"BUENOS AIRES";"25 DE MAYO";6;854;477345
"Soja total";2021/22;"BUENOS AIRES";"25 DE MAYO";6;854;454149
"Soja total";2022/23;"BUENOS AIRES";"25 DE MAYO";6;854;245397
"Soja total";2023/24;"BUENOS AIRES";"25 DE MAYO";6;854;373187
"Soja total";2024/25;"BUENOS AIRES";"25 DE MAYO";6;854;413562
"Soja total";2015/16;"BUENOS AIRES";"9 DE JULIO";6;588;915120
"Soja total";2016/17;"BUENOS AIRES";"9 DE JULIO";6;588;603892
"Soja total";2017/18;"BUENOS AIRES";"9 DE JULIO";6;588;390176
"Soja total";2018/19;"BUENOS AIRES";"9 DE JULIO";6;588;643191
"Soja total";2019/20;"BUENOS AIRES";"9 DE JULIO";6;588;560728
"Soja total";2020/21;"BUENOS AIRES";"9 DE JULIO";6;588;512511
"Soja total";2021/22;"BUENOS AIRES";"9 DE JULIO";6;588;434834
"Soja total";2022/23;"BUENOS AIRES";"9 DE JULIO";6;588;222014
"Soja total";2023/24;"BUENOS AIRES";"9 DE JULIO";6;588;540640
"Soja total";2024/25;"BUENOS AIRES";"9 DE JULIO";6;588;553520
"Soja total";2015/16;"BUENOS AIRES";"ADOLFO ALSINA";6;7;250200
"Soja total";2016/17;"BUENOS AIRES";"ADOLFO ALSINA";6;7;209450
"Soja total";2017/18;"BUENOS AIRES";"ADOLFO ALSINA";6;7;80400
"Soja total";2018/19;"BUENOS AIRES";"ADOLFO ALSINA";6;7;209040
"Soja total";2019/20;"BUENOS AIRES";"ADOLFO ALSINA";6;7;100224
"Soja total";2020/21;"BUENOS AIRES";"ADOLFO ALSINA";6;7;143250
"Soja total";2021/22;"BUENOS AIRES";"ADOLFO ALSINA";6;7;182000
"Soja total";2022/23;"BUENOS AIRES";"ADOLFO ALSINA";6;7;157200
"Soja total";2023/24;"BUENOS AIRES";"ADOLFO ALSINA";6;7;172500
"Soja total";2024/25;"BUENOS AIRES";"ADOLFO ALSINA";6;7;147600
"Soja total";2015/16;"BUENOS AIRES";"ADOLFO GONZALES CHAVES";6;14;235290
"Soja total";2016/17;"BUENOS AIRES";"ADOLFO GONZALES CHAVES";6;14;130853
"Soja total";2017/18;"BUENOS AIRES";"ADOLFO GONZALES CHAVES";6;14;107535
"Soja total";2018/19;"BUENOS AIRES";"ADOLFO GONZALES CHAVES";6;14;152480
"Soja total";2019/20;"BUENOS AIRES";"ADOLFO GONZALES CHAVES";6;14;70170
"Soja total";2020/21;"BUENOS AIRES";"ADOLFO GONZALES CHAVES";6;14;104050
"Soja total";2021/22;"BUENOS AIRES";"ADOLFO GONZALES CHAVES";6;14;75323
"Soja total";2022/23;"BUENOS AIRES";"ADOLFO GONZALES CHAVES";6;14;168590
"Soja total";2023/24;"BUENOS AIRES";"ADOLFO GONZALES CHAVES";6;14;188678
"Soja total";2024/25;"BUENOS AIRES";"ADOLFO GONZALES CHAVES";6;14;230627
"Soja total";2015/16;"BUENOS AIRES";ALBERTI;6;21;232880
"Soja total";2016/17;"BUENOS AIRES";ALBERTI;6;21;186786
"Soja total";2017/18;"BUENOS AIRES";ALBERTI;6;21;111720
"Soja total";2018/19;"BUENOS AIRES";ALBERTI;6;21;206963
"Soja total";2019/20;"BUENOS AIRES";ALBERTI;6;21;161986
"Soja total";2020/21;"BUENOS AIRES";ALBERTI;6;21;151692
"Soja total";2021/22;"BUENOS AIRES";ALBERTI;6;21;123288
"Soja total";2022/23;"BUENOS AIRES";ALBERTI;6;21;45409
"Soja total";2023/24;"BUENOS AIRES";ALBERTI;6;21;162211
"Soja total";2024/25;"BUENOS AIRES";ALBERTI;6;21;164572
"Soja total";2015/16;"BUENOS AIRES";ARRECIFES;6;77;315025
"Soja total";2016/17;"BUENOS AIRES";ARRECIFES;6;77;286790
"Soja total";2017/18;"BUENOS AIRES";ARRECIFES;6;77;184125
"Soja total";2018/19;"BUENOS AIRES";ARRECIFES;6;77;254771
"Soja total";2019/20;"BUENOS AIRES";ARRECIFES;6;77;253581
"Soja total";2020/21;"BUENOS AIRES";ARRECIFES;6;77;170410
"Soja total";2021/22;"BUENOS AIRES";ARRECIFES;6;77;213888
"Soja total";2022/23;"BUENOS AIRES";ARRECIFES;6;77;78125
"Soja total";2023/24;"BUENOS AIRES";ARRECIFES;6;77;240160
"Soja total";2024/25;"BUENOS AIRES";ARRECIFES;6;77;235485
"Soja total";2015/16;"BUENOS AIRES";AYACUCHO;6;42;89066
"Soja total";2016/17;"BUENOS AIRES";AYACUCHO;6;42;60840
"Soja total";2017/18;"BUENOS AIRES";AYACUCHO;6;42;42550
"Soja total";2018/19;"BUENOS AIRES";AYACUCHO;6;42;40860
"Soja total";2019/20;"BUENOS AIRES";AYACUCHO;6;42;33480
"Soja total";2020/21;"BUENOS AIRES";AYACUCHO;6;42;31500
"Soja total";2021/22;"BUENOS AIRES";AYACUCHO;6;42;37830
"Soja total";2022/23;"BUENOS AIRES";AYACUCHO;6;42;27900
"Soja total";2023/24;"BUENOS AIRES";AYACUCHO;6;42;35300
"Soja total";2024/25;"BUENOS AIRES";AYACUCHO;6;42;53000
"Soja total";2015/16;"BUENOS AIRES";AZUL;6;49;283500
"Soja total";2016/17;"BUENOS AIRES";AZUL;6;49;288400
"Soja total";2017/18;"BUENOS AIRES";AZUL;6;49;168757
"Soja total";2018/19;"BUENOS AIRES";AZUL;6;49;242266
"Soja total";2019/20;"BUENOS AIRES";AZUL;6;49;225160
"Soja total";2020/21;"BUENOS AIRES";AZUL;6;49;272302
"Soja total";2021/22;"BUENOS AIRES";AZUL;6;49;232606
"Soja total";2022/23;"BUENOS AIRES";AZUL;6;49;248464
"Soja total";2023/24;"BUENOS AIRES";AZUL;6;49;252776
"Soja total";2024/25;"BUENOS AIRES";AZUL;6;49;241356
"Soja total";2015/16;"BUENOS AIRES";BALCARCE;6;63;192930
"Soja total";2016/17;"BUENOS AIRES";BALCARCE;6;63;171140
"Soja total";2017/18;"BUENOS AIRES";BALCARCE;6;63;163072
"Soja total";2018/19;"BUENOS AIRES";BALCARCE;6;63;160253
"Soja total";2019/20;"BUENOS AIRES";BALCARCE;6;63;141505
"Soja total";2020/21;"BUENOS AIRES";BALCARCE;6;63;140470
"Soja total";2021/22;"BUENOS AIRES";BALCARCE;6;63;106052
"Soja total";2022/23;"BUENOS AIRES";BALCARCE;6;63;144153
"Soja total";2023/24;"BUENOS AIRES";BALCARCE;6;63;188428
"Soja total";2024/25;"BUENOS AIRES";BALCARCE;6;63;219070
"Soja total";2015/16;"BUENOS AIRES";BARADERO;6;70;246628
"Soja total";2016/17;"BUENOS AIRES";BARADERO;6;70;180400
"Soja total";2017/18;"BUENOS AIRES";BARADERO;6;70;153607
"Soja total";2018/19;"BUENOS AIRES";BARADERO;6;70;198878
"Soja total";2019/20;"BUENOS AIRES";BARADERO;6;70;216255
"Soja total";2020/21;"BUENOS AIRES";BARADERO;6;70;156362
"Soja total";2021/22;"BUENOS AIRES";BARADERO;6;70;140770
"Soja total";2022/23;"BUENOS AIRES";BARADERO;6;70;51486
"Soja total";2023/24;"BUENOS AIRES";BARADERO;6;70;206947
"Soja total";2024/25;"BUENOS AIRES";BARADERO;6;70;156995
"Soja total";2015/16;"BUENOS AIRES";"BENITO JUAREZ";6;84;213020
"Soja total";2016/17;"BUENOS AIRES";"BENITO JUAREZ";6;84;175960
"Soja total";2017/18;"BUENOS AIRES";"BENITO JUAREZ";6;84;56906
"Soja total";2018/19;"BUENOS AIRES";"BENITO JUAREZ";6;84;108831
"Soja total";2019/20;"BUENOS AIRES";"BENITO JUAREZ";6;84;89560
"Soja total";2020/21;"BUENOS AIRES";"BENITO JUAREZ";6;84;115238
"Soja total";2021/22;"BUENOS AIRES";"BENITO JUAREZ";6;84;102672
"Soja total";2022/23;"BUENOS AIRES";"BENITO JUAREZ";6;84;106514
"Soja total";2023/24;"BUENOS AIRES";"BENITO JUAREZ";6;84;181645
"Soja total";2024/25;"BUENOS AIRES";"BENITO JUAREZ";6;84;184242
"Soja total";2015/16;"BUENOS AIRES";BOLIVAR;6;105;282000
"Soja total";2016/17;"BUENOS AIRES";BOLIVAR;6;105;248400
"Soja total";2017/18;"BUENOS AIRES";BOLIVAR;6;105;161000
"Soja total";2018/19;"BUENOS AIRES";BOLIVAR;6;105;367067
"Soja total";2019/20;"BUENOS AIRES";BOLIVAR;6;105;357840
"Soja total";2020/21;"BUENOS AIRES";BOLIVAR;6;105;259920
"Soja total";2021/22;"BUENOS AIRES";BOLIVAR;6;105;346600
"Soja total";2022/23;"BUENOS AIRES";BOLIVAR;6;105;176590
"Soja total";2023/24;"BUENOS AIRES";BOLIVAR;6;105;270000
"Soja total";2024/25;"BUENOS AIRES";BOLIVAR;6;105;241736
"Soja total";2015/16;"BUENOS AIRES";BRAGADO;6;112;414250
"Soja total";2016/17;"BUENOS AIRES";BRAGADO;6;112;375926
"Soja total";2017/18;"BUENOS AIRES";BRAGADO;6;112;269315
"Soja total";2018/19;"BUENOS AIRES";BRAGADO;6;112;440337
"Soja total";2019/20;"BUENOS AIRES";BRAGADO;6;112;317573
"Soja total";2020/21;"BUENOS AIRES";BRAGADO;6;112;313439
"Soja total";2021/22;"BUENOS AIRES";BRAGADO;6;112;282966
"Soja total";2022/23;"BUENOS AIRES";BRAGADO;6;112;136824
"Soja total";2023/24;"BUENOS AIRES";BRAGADO;6;112;328852
"Soja total";2024/25;"BUENOS AIRES";BRAGADO;6;112;297461
"Soja total";2015/16;"BUENOS AIRES";BRANDSEN;6;119;16742
"Soja total";2016/17;"BUENOS AIRES";BRANDSEN;6;119;17265
"Soja total";2017/18;"BUENOS AIRES";BRANDSEN;6;119;9180
"Soja total";2018/19;"BUENOS AIRES";BRANDSEN;6;119;7980
"Soja total";2019/20;"BUENOS AIRES";BRANDSEN;6;119;936
"Soja total";2020/21;"BUENOS AIRES";BRANDSEN;6;119;215
"Soja total";2021/22;"BUENOS AIRES";BRANDSEN;6;119;196
"Soja total";2022/23;"BUENOS AIRES";BRANDSEN;6;119;128
"Soja total";2023/24;"BUENOS AIRES";BRANDSEN;6;119;490
"Soja total";2024/25;"BUENOS AIRES";BRANDSEN;6;119;3430
"Soja total";2015/16;"BUENOS AIRES";CAMPANA;6;126;62625
"Soja total";2016/17;"BUENOS AIRES";CAMPANA;6;126;63865
"Soja total";2017/18;"BUENOS AIRES";CAMPANA;6;126;43370
"Soja total";2018/19;"BUENOS AIRES";CAMPANA;6;126;62775
"Soja total";2019/20;"BUENOS AIRES";CAMPANA;6;126;39200
"Soja total";2020/21;"BUENOS AIRES";CAMPANA;6;126;47120
"Soja total";2021/22;"BUENOS AIRES";CAMPANA;6;126;26732
"Soja total";2022/23;"BUENOS AIRES";CAMPANA;6;126;7375
"Soja total";2023/24;"BUENOS AIRES";CAMPANA;6;126;21850
"Soja total";2024/25;"BUENOS AIRES";CAMPANA;6;126;19020
"Soja total";2015/16;"BUENOS AIRES";CANUELAS;6;134;73920
"Soja total";2016/17;"BUENOS AIRES";CANUELAS;6;134;77202
"Soja total";2017/18;"BUENOS AIRES";CANUELAS;6;134;41100
"Soja total";2018/19;"BUENOS AIRES";CANUELAS;6;134;45144
"Soja total";2019/20;"BUENOS AIRES";CANUELAS;6;134;7168
"Soja total";2020/21;"BUENOS AIRES";CANUELAS;6;134;9284
"Soja total";2021/22;"BUENOS AIRES";CANUELAS;6;134;7520
"Soja total";2022/23;"BUENOS AIRES";CANUELAS;6;134;2750
"Soja total";2023/24;"BUENOS AIRES";CANUELAS;6;134;7370
"Soja total";2024/25;"BUENOS AIRES";CANUELAS;6;134;12040
"Soja total";2015/16;"BUENOS AIRES";"CAPITAN SARMIENTO";6;140;143355
"Soja total";2016/17;"BUENOS AIRES";"CAPITAN SARMIENTO";6;140;104355
"Soja total";2017/18;"BUENOS AIRES";"CAPITAN SARMIENTO";6;140;81018
"Soja total";2018/19;"BUENOS AIRES";"CAPITAN SARMIENTO";6;140;118368
"Soja total";2019/20;"BUENOS AIRES";"CAPITAN SARMIENTO";6;140;94133
"Soja total";2020/21;"BUENOS AIRES";"CAPITAN SARMIENTO";6;140;74130
"Soja total";2021/22;"BUENOS AIRES";"CAPITAN SARMIENTO";6;140;107395
"Soja total";2022/23;"BUENOS AIRES";"CAPITAN SARMIENTO";6;140;30063
"Soja total";2023/24;"BUENOS AIRES";"CAPITAN SARMIENTO";6;140;108742
"Soja total";2024/25;"BUENOS AIRES";"CAPITAN SARMIENTO";6;140;82155
"Soja total";2015/16;"BUENOS AIRES";"CARLOS CASARES";6;147;328350
"Soja total";2016/17;"BUENOS AIRES";"CARLOS CASARES";6;147;340630
"Soja total";2017/18;"BUENOS AIRES";"CARLOS CASARES";6;147;209347
"Soja total";2018/19;"BUENOS AIRES";"CARLOS CASARES";6;147;368660
"Soja total";2019/20;"BUENOS AIRES";"CARLOS CASARES";6;147;299292
"Soja total";2020/21;"BUENOS AIRES";"CARLOS CASARES";6;147;236584
"Soja total";2021/22;"BUENOS AIRES";"CARLOS CASARES";6;147;289833
"Soja total";2022/23;"BUENOS AIRES";"CARLOS CASARES";6;147;110180
"Soja total";2023/24;"BUENOS AIRES";"CARLOS CASARES";6;147;226805
"Soja total";2024/25;"BUENOS AIRES";"CARLOS CASARES";6;147;204820
"Soja total";2015/16;"BUENOS AIRES";"CARLOS TEJEDOR";6;154;300754
"Soja total";2016/17;"BUENOS AIRES";"CARLOS TEJEDOR";6;154;312882
"Soja total";2017/18;"BUENOS AIRES";"CARLOS TEJEDOR";6;154;184252
"Soja total";2018/19;"BUENOS AIRES";"CARLOS TEJEDOR";6;154;368900
"Soja total";2019/20;"BUENOS AIRES";"CARLOS TEJEDOR";6;154;269467
"Soja total";2020/21;"BUENOS AIRES";"CARLOS TEJEDOR";6;154;177143
"Soja total";2021/22;"BUENOS AIRES";"CARLOS TEJEDOR";6;154;243460
"Soja total";2022/23;"BUENOS AIRES";"CARLOS TEJEDOR";6;154;87220
"Soja total";2023/24;"BUENOS AIRES";"CARLOS TEJEDOR";6;154;175190
"Soja total";2024/25;"BUENOS AIRES";"CARLOS TEJEDOR";6;154;231049
"Soja total";2015/16;"BUENOS AIRES";"CARMEN DE ARECO";6;161;202120
"Soja total";2016/17;"BUENOS AIRES";"CARMEN DE ARECO";6;161;144600
"Soja total";2017/18;"BUENOS AIRES";"CARMEN DE ARECO";6;161;115950
"Soja total";2018/19;"BUENOS AIRES";"CARMEN DE ARECO";6;161;157368
"Soja total";2019/20;"BUENOS AIRES";"CARMEN DE ARECO";6;161;150515
"Soja total";2020/21;"BUENOS AIRES";"CARMEN DE ARECO";6;161;106500
"Soja total";2021/22;"BUENOS AIRES";"CARMEN DE ARECO";6;161;108520
"Soja total";2022/23;"BUENOS AIRES";"CARMEN DE ARECO";6;161;49740
"Soja total";2023/24;"BUENOS AIRES";"CARMEN DE ARECO";6;161;113250
"Soja total";2024/25;"BUENOS AIRES";"CARMEN DE ARECO";6;161;125590
"Soja total";2015/16;"BUENOS AIRES";CASTELLI;6;168;23532
"Soja total";2016/17;"BUENOS AIRES";CASTELLI;6;168;27800
"Soja total";2017/18;"BUENOS AIRES";CASTELLI;6;168;11250
"Soja total";2018/19;"BUENOS AIRES";CASTELLI;6;168;15740
"Soja total";2019/20;"BUENOS AIRES";CASTELLI;6;168;17720
"Soja total";2020/21;"BUENOS AIRES";CASTELLI;6;168;10800
"Soja total";2021/22;"BUENOS AIRES";CASTELLI;6;168;13550
"Soja total";2022/23;"BUENOS AIRES";CASTELLI;6;168;9800
"Soja total";2023/24;"BUENOS AIRES";CASTELLI;6;168;14000
"Soja total";2024/25;"BUENOS AIRES";CASTELLI;6;168;14800
"Soja total";2015/16;"BUENOS AIRES";CHACABUCO;6;210;527897
"Soja total";2016/17;"BUENOS AIRES";CHACABUCO;6;210;414902
"Soja total";2017/18;"BUENOS AIRES";CHACABUCO;6;210;318490
"Soja total";2018/19;"BUENOS AIRES";CHACABUCO;6;210;442688
"Soja total";2019/20;"BUENOS AIRES";CHACABUCO;6;210;462140
"Soja total";2020/21;"BUENOS AIRES";CHACABUCO;6;210;350500
"Soja total";2021/22;"BUENOS AIRES";CHACABUCO;6;210;321250
"Soja total";2022/23;"BUENOS AIRES";CHACABUCO;6;210;159200
"Soja total";2023/24;"BUENOS AIRES";CHACABUCO;6;210;381800
"Soja total";2024/25;"BUENOS AIRES";CHACABUCO;6;210;435000
"Soja total";2015/16;"BUENOS AIRES";CHASCOMUS;6;217;133264
"Soja total";2016/17;"BUENOS AIRES";CHASCOMUS;6;217;81697
"Soja total";2017/18;"BUENOS AIRES";CHASCOMUS;6;217;73795
"Soja total";2018/19;"BUENOS AIRES";CHASCOMUS;6;217;84360
"Soja total";2019/20;"BUENOS AIRES";CHASCOMUS;6;217;65840
"Soja total";2020/21;"BUENOS AIRES";CHASCOMUS;6;217;80730
"Soja total";2021/22;"BUENOS AIRES";CHASCOMUS;6;217;64480
"Soja total";2022/23;"BUENOS AIRES";CHASCOMUS;6;217;29200
"Soja total";2023/24;"BUENOS AIRES";CHASCOMUS;6;217;54000
"Soja total";2024/25;"BUENOS AIRES";CHASCOMUS;6;217;60440
"Soja total";2015/16;"BUENOS AIRES";CHIVILCOY;6;224;420600
"Soja total";2016/17;"BUENOS AIRES";CHIVILCOY;6;224;342178
"Soja total";2017/18;"BUENOS AIRES";CHIVILCOY;6;224;294780
"Soja total";2018/19;"BUENOS AIRES";CHIVILCOY;6;224;400185
"Soja total";2019/20;"BUENOS AIRES";CHIVILCOY;6;224;310046
"Soja total";2020/21;"BUENOS AIRES";CHIVILCOY;6;224;262622
"Soja total";2021/22;"BUENOS AIRES";CHIVILCOY;6;224;266428
"Soja total";2022/23;"BUENOS AIRES";CHIVILCOY;6;224;99476
"Soja total";2023/24;"BUENOS AIRES";CHIVILCOY;6;224;296635
"Soja total";2024/25;"BUENOS AIRES";CHIVILCOY;6;224;262066
"Soja total";2015/16;"BUENOS AIRES";COLON;6;175;257051
"Soja total";2016/17;"BUENOS AIRES";COLON;6;175;194650
"Soja total";2017/18;"BUENOS AIRES";COLON;6;175;164907
"Soja total";2018/19;"BUENOS AIRES";COLON;6;175;216544
"Soja total";2019/20;"BUENOS AIRES";COLON;6;175;189020
"Soja total";2020/21;"BUENOS AIRES";COLON;6;175;150306
"Soja total";2021/22;"BUENOS AIRES";COLON;6;175;159555
"Soja total";2022/23;"BUENOS AIRES";COLON;6;175;84196
"Soja total";2023/24;"BUENOS AIRES";COLON;6;175;205647
"Soja total";2024/25;"BUENOS AIRES";COLON;6;175;178970
"Soja total";2015/16;"BUENOS AIRES";"CORONEL DORREGO";6;189;199850
"Soja total";2016/17;"BUENOS AIRES";"CORONEL DORREGO";6;189;100871
"Soja total";2017/18;"BUENOS AIRES";"CORONEL DORREGO";6;189;44655
"Soja total";2018/19;"BUENOS AIRES";"CORONEL DORREGO";6;189;81450
"Soja total";2019/20;"BUENOS AIRES";"CORONEL DORREGO";6;189;47750
"Soja total";2020/21;"BUENOS AIRES";"CORONEL DORREGO";6;189;64140
"Soja total";2021/22;"BUENOS AIRES";"CORONEL DORREGO";6;189;16305
"Soja total";2022/23;"BUENOS AIRES";"CORONEL DORREGO";6;189;53000
"Soja total";2023/24;"BUENOS AIRES";"CORONEL DORREGO";6;189;37350
"Soja total";2024/25;"BUENOS AIRES";"CORONEL DORREGO";6;189;62686
"Soja total";2015/16;"BUENOS AIRES";"CORONEL PRINGLES";6;196;127650
"Soja total";2016/17;"BUENOS AIRES";"CORONEL PRINGLES";6;196;47905
"Soja total";2017/18;"BUENOS AIRES";"CORONEL PRINGLES";6;196;63010
"Soja total";2018/19;"BUENOS AIRES";"CORONEL PRINGLES";6;196;57600
"Soja total";2019/20;"BUENOS AIRES";"CORONEL PRINGLES";6;196;25000
"Soja total";2020/21;"BUENOS AIRES";"CORONEL PRINGLES";6;196;78050
"Soja total";2021/22;"BUENOS AIRES";"CORONEL PRINGLES";6;196;38401
"Soja total";2022/23;"BUENOS AIRES";"CORONEL PRINGLES";6;196;41267
"Soja total";2023/24;"BUENOS AIRES";"CORONEL PRINGLES";6;196;65585
"Soja total";2024/25;"BUENOS AIRES";"CORONEL PRINGLES";6;196;72917
"Soja total";2015/16;"BUENOS AIRES";"CORONEL SUAREZ";6;203;384283
"Soja total";2016/17;"BUENOS AIRES";"CORONEL SUAREZ";6;203;340000
"Soja total";2017/18;"BUENOS AIRES";"CORONEL SUAREZ";6;203;160560
"Soja total";2018/19;"BUENOS AIRES";"CORONEL SUAREZ";6;203;194625
"Soja total";2019/20;"BUENOS AIRES";"CORONEL SUAREZ";6;203;244700
"Soja total";2020/21;"BUENOS AIRES";"CORONEL SUAREZ";6;203;233000
"Soja total";2021/22;"BUENOS AIRES";"CORONEL SUAREZ";6;203;215000
"Soja total";2022/23;"BUENOS AIRES";"CORONEL SUAREZ";6;203;233350
"Soja total";2023/24;"BUENOS AIRES";"CORONEL SUAREZ";6;203;286799
"Soja total";2024/25;"BUENOS AIRES";"CORONEL SUAREZ";6;203;219880
"Soja total";2015/16;"BUENOS AIRES";DAIREAUX;6;231;448469
"Soja total";2016/17;"BUENOS AIRES";DAIREAUX;6;231;358200
"Soja total";2017/18;"BUENOS AIRES";DAIREAUX;6;231;212400
"Soja total";2018/19;"BUENOS AIRES";DAIREAUX;6;231;372817
"Soja total";2019/20;"BUENOS AIRES";DAIREAUX;6;231;347340
"Soja total";2020/21;"BUENOS AIRES";DAIREAUX;6;231;282565
"Soja total";2021/22;"BUENOS AIRES";DAIREAUX;6;231;299240
"Soja total";2022/23;"BUENOS AIRES";DAIREAUX;6;231;176800
"Soja total";2023/24;"BUENOS AIRES";DAIREAUX;6;231;250560
"Soja total";2024/25;"BUENOS AIRES";DAIREAUX;6;231;219450
"Soja total";2015/16;"BUENOS AIRES";DOLORES;6;238;6600
"Soja total";2016/17;"BUENOS AIRES";DOLORES;6;238;5400
"Soja total";2017/18;"BUENOS AIRES";DOLORES;6;238;2500
"Soja total";2018/19;"BUENOS AIRES";DOLORES;6;238;2500
"Soja total";2019/20;"BUENOS AIRES";DOLORES;6;238;2600
"Soja total";2021/22;"BUENOS AIRES";DOLORES;6;238;500
"Soja total";2022/23;"BUENOS AIRES";DOLORES;6;238;1800
"Soja total";2023/24;"BUENOS AIRES";DOLORES;6;238;1380
"Soja total";2024/25;"BUENOS AIRES";DOLORES;6;238;1680
"Soja total";2015/16;"BUENOS AIRES";"EXALTACION DE LA CRUZ";6;266;109780
"Soja total";2016/17;"BUENOS AIRES";"EXALTACION DE LA CRUZ";6;266;110340
"Soja total";2017/18;"BUENOS AIRES";"EXALTACION DE LA CRUZ";6;266;80925
"Soja total";2018/19;"BUENOS AIRES";"EXALTACION DE LA CRUZ";6;266;118075
"Soja total";2019/20;"BUENOS AIRES";"EXALTACION DE LA CRUZ";6;266;83180
"Soja total";2020/21;"BUENOS AIRES";"EXALTACION DE LA CRUZ";6;266;66330
"Soja total";2021/22;"BUENOS AIRES";"EXALTACION DE LA CRUZ";6;266;66800
"Soja total";2022/23;"BUENOS AIRES";"EXALTACION DE LA CRUZ";6;266;21090
"Soja total";2023/24;"BUENOS AIRES";"EXALTACION DE LA CRUZ";6;266;59450
"Soja total";2024/25;"BUENOS AIRES";"EXALTACION DE LA CRUZ";6;266;53760
"Soja total";2015/16;"BUENOS AIRES";"FLORENTINO AMEGHINO";6;277;190950
"Soja total";2016/17;"BUENOS AIRES";"FLORENTINO AMEGHINO";6;277;161873
"Soja total";2017/18;"BUENOS AIRES";"FLORENTINO AMEGHINO";6;277;112336
"Soja total";2018/19;"BUENOS AIRES";"FLORENTINO AMEGHINO";6;277;147006
"Soja total";2019/20;"BUENOS AIRES";"FLORENTINO AMEGHINO";6;277;168651
"Soja total";2020/21;"BUENOS AIRES";"FLORENTINO AMEGHINO";6;277;151270
"Soja total";2021/22;"BUENOS AIRES";"FLORENTINO AMEGHINO";6;277;128130
"Soja total";2022/23;"BUENOS AIRES";"FLORENTINO AMEGHINO";6;277;67396
"Soja total";2023/24;"BUENOS AIRES";"FLORENTINO AMEGHINO";6;277;114275
"Soja total";2024/25;"BUENOS AIRES";"FLORENTINO AMEGHINO";6;277;128835
"Soja total";2015/16;"BUENOS AIRES";"GENERAL ALVARADO";6;280;112860
"Soja total";2016/17;"BUENOS AIRES";"GENERAL ALVARADO";6;280;81390
"Soja total";2017/18;"BUENOS AIRES";"GENERAL ALVARADO";6;280;78232
"Soja total";2018/19;"BUENOS AIRES";"GENERAL ALVARADO";6;280;104102
"Soja total";2019/20;"BUENOS AIRES";"GENERAL ALVARADO";6;280;97200
"Soja total";2020/21;"BUENOS AIRES";"GENERAL ALVARADO";6;280;104260
"Soja total";2021/22;"BUENOS AIRES";"GENERAL ALVARADO";6;280;27574
"Soja total";2022/23;"BUENOS AIRES";"GENERAL ALVARADO";6;280;109665
"Soja total";2023/24;"BUENOS AIRES";"GENERAL ALVARADO";6;280;111549
"Soja total";2024/25;"BUENOS AIRES";"GENERAL ALVARADO";6;280;128141
"Soja total";2015/16;"BUENOS AIRES";"GENERAL ALVEAR";6;287;97000
"Soja total";2016/17;"BUENOS AIRES";"GENERAL ALVEAR";6;287;88500
"Soja total";2017/18;"BUENOS AIRES";"GENERAL ALVEAR";6;287;48000
"Soja total";2018/19;"BUENOS AIRES";"GENERAL ALVEAR";6;287;94840
"Soja total";2019/20;"BUENOS AIRES";"GENERAL ALVEAR";6;287;72900
"Soja total";2020/21;"BUENOS AIRES";"GENERAL ALVEAR";6;287;25500
"Soja total";2021/22;"BUENOS AIRES";"GENERAL ALVEAR";6;287;46500
"Soja total";2022/23;"BUENOS AIRES";"GENERAL ALVEAR";6;287;37680
"Soja total";2023/24;"BUENOS AIRES";"GENERAL ALVEAR";6;287;58200
"Soja total";2024/25;"BUENOS AIRES";"GENERAL ALVEAR";6;287;53295
"Soja total";2015/16;"BUENOS AIRES";"GENERAL ARENALES";6;294;362655
"Soja total";2016/17;"BUENOS AIRES";"GENERAL ARENALES";6;294;288048
"Soja total";2017/18;"BUENOS AIRES";"GENERAL ARENALES";6;294;242200
"Soja total";2018/19;"BUENOS AIRES";"GENERAL ARENALES";6;294;252354
"Soja total";2019/20;"BUENOS AIRES";"GENERAL ARENALES";6;294;280316
"Soja total";2020/21;"BUENOS AIRES";"GENERAL ARENALES";6;294;253075
"Soja total";2021/22;"BUENOS AIRES";"GENERAL ARENALES";6;294;252400
"Soja total";2022/23;"BUENOS AIRES";"GENERAL ARENALES";6;294;107200
"Soja total";2023/24;"BUENOS AIRES";"GENERAL ARENALES";6;294;273600
"Soja total";2024/25;"BUENOS AIRES";"GENERAL ARENALES";6;294;303550
"Soja total";2015/16;"BUENOS AIRES";"GENERAL BELGRANO";6;301;26560
"Soja total";2016/17;"BUENOS AIRES";"GENERAL BELGRANO";6;301;29760
"Soja total";2017/18;"BUENOS AIRES";"GENERAL BELGRANO";6;301;22896
"Soja total";2018/19;"BUENOS AIRES";"GENERAL BELGRANO";6;301;52406
"Soja total";2019/20;"BUENOS AIRES";"GENERAL BELGRANO";6;301;48455
"Soja total";2020/21;"BUENOS AIRES";"GENERAL BELGRANO";6;301;65032
"Soja total";2021/22;"BUENOS AIRES";"GENERAL BELGRANO";6;301;64394
"Soja total";2022/23;"BUENOS AIRES";"GENERAL BELGRANO";6;301;41175
"Soja total";2023/24;"BUENOS AIRES";"GENERAL BELGRANO";6;301;69203
"Soja total";2024/25;"BUENOS AIRES";"GENERAL BELGRANO";6;301;75826
"Soja total";2015/16;"BUENOS AIRES";"GENERAL GUIDO";6;308;18562
"Soja total";2016/17;"BUENOS AIRES";"GENERAL GUIDO";6;308;10640
"Soja total";2017/18;"BUENOS AIRES";"GENERAL GUIDO";6;308;9030
"Soja total";2018/19;"BUENOS AIRES";"GENERAL GUIDO";6;308;12760
"Soja total";2019/20;"BUENOS AIRES";"GENERAL GUIDO";6;308;14000
"Soja total";2020/21;"BUENOS AIRES";"GENERAL GUIDO";6;308;4720
"Soja total";2021/22;"BUENOS AIRES";"GENERAL GUIDO";6;308;4300
"Soja total";2022/23;"BUENOS AIRES";"GENERAL GUIDO";6;308;3200
"Soja total";2023/24;"BUENOS AIRES";"GENERAL GUIDO";6;308;5250
"Soja total";2024/25;"BUENOS AIRES";"GENERAL GUIDO";6;308;4000
"Soja total";2015/16;"BUENOS AIRES";"GENERAL JUAN MADARIAGA";6;315;82060
"Soja total";2016/17;"BUENOS AIRES";"GENERAL JUAN MADARIAGA";6;315;69660
"Soja total";2017/18;"BUENOS AIRES";"GENERAL JUAN MADARIAGA";6;315;55000
"Soja total";2018/19;"BUENOS AIRES";"GENERAL JUAN MADARIAGA";6;315;39262
"Soja total";2019/20;"BUENOS AIRES";"GENERAL JUAN MADARIAGA";6;315;57580
"Soja total";2020/21;"BUENOS AIRES";"GENERAL JUAN MADARIAGA";6;315;28550
"Soja total";2021/22;"BUENOS AIRES";"GENERAL JUAN MADARIAGA";6;315;23820
"Soja total";2022/23;"BUENOS AIRES";"GENERAL JUAN MADARIAGA";6;315;28340
"Soja total";2023/24;"BUENOS AIRES";"GENERAL JUAN MADARIAGA";6;315;31069
"Soja total";2024/25;"BUENOS AIRES";"GENERAL JUAN MADARIAGA";6;315;30700
"Soja total";2015/16;"BUENOS AIRES";"GENERAL LA MADRID";6;322;109023
"Soja total";2016/17;"BUENOS AIRES";"GENERAL LA MADRID";6;322;143800
"Soja total";2017/18;"BUENOS AIRES";"GENERAL LA MADRID";6;322;33360
"Soja total";2018/19;"BUENOS AIRES";"GENERAL LA MADRID";6;322;46060
"Soja total";2019/20;"BUENOS AIRES";"GENERAL LA MADRID";6;322;51500
"Soja total";2020/21;"BUENOS AIRES";"GENERAL LA MADRID";6;322;52000
"Soja total";2021/22;"BUENOS AIRES";"GENERAL LA MADRID";6;322;64500
"Soja total";2022/23;"BUENOS AIRES";"GENERAL LA MADRID";6;322;80000
"Soja total";2023/24;"BUENOS AIRES";"GENERAL LA MADRID";6;322;69184
"Soja total";2024/25;"BUENOS AIRES";"GENERAL LA MADRID";6;322;70479
"Soja total";2015/16;"BUENOS AIRES";"GENERAL LAS HERAS";6;329;16405
"Soja total";2016/17;"BUENOS AIRES";"GENERAL LAS HERAS";6;329;13537
"Soja total";2017/18;"BUENOS AIRES";"GENERAL LAS HERAS";6;329;8050
"Soja total";2018/19;"BUENOS AIRES";"GENERAL LAS HERAS";6;329;9690
"Soja total";2019/20;"BUENOS AIRES";"GENERAL LAS HERAS";6;329;10480
"Soja total";2020/21;"BUENOS AIRES";"GENERAL LAS HERAS";6;329;11430
"Soja total";2021/22;"BUENOS AIRES";"GENERAL LAS HERAS";6;329;11440
"Soja total";2022/23;"BUENOS AIRES";"GENERAL LAS HERAS";6;329;1800
"Soja total";2023/24;"BUENOS AIRES";"GENERAL LAS HERAS";6;329;4600
"Soja total";2024/25;"BUENOS AIRES";"GENERAL LAS HERAS";6;329;6060
"Soja total";2015/16;"BUENOS AIRES";"GENERAL LAVALLE";6;336;5020
"Soja total";2016/17;"BUENOS AIRES";"GENERAL LAVALLE";6;336;3000
"Soja total";2017/18;"BUENOS AIRES";"GENERAL LAVALLE";6;336;2240
"Soja total";2018/19;"BUENOS AIRES";"GENERAL LAVALLE";6;336;1400
"Soja total";2019/20;"BUENOS AIRES";"GENERAL LAVALLE";6;336;2500
"Soja total";2023/24;"BUENOS AIRES";"GENERAL LAVALLE";6;336;250
"Soja total";2024/25;"BUENOS AIRES";"GENERAL LAVALLE";6;336;720
"Soja total";2015/16;"BUENOS AIRES";"GENERAL PAZ";6;343;9444
"Soja total";2016/17;"BUENOS AIRES";"GENERAL PAZ";6;343;9330
"Soja total";2017/18;"BUENOS AIRES";"GENERAL PAZ";6;343;7030
"Soja total";2018/19;"BUENOS AIRES";"GENERAL PAZ";6;343;4370
"Soja total";2019/20;"BUENOS AIRES";"GENERAL PAZ";6;343;11848
"Soja total";2020/21;"BUENOS AIRES";"GENERAL PAZ";6;343;13690
"Soja total";2021/22;"BUENOS AIRES";"GENERAL PAZ";6;343;12540
"Soja total";2022/23;"BUENOS AIRES";"GENERAL PAZ";6;343;5420
"Soja total";2023/24;"BUENOS AIRES";"GENERAL PAZ";6;343;19930
"Soja total";2024/25;"BUENOS AIRES";"GENERAL PAZ";6;343;25400
"Soja total";2015/16;"BUENOS AIRES";"GENERAL PINTO";6;351;371290
"Soja total";2016/17;"BUENOS AIRES";"GENERAL PINTO";6;351;253502
"Soja total";2017/18;"BUENOS AIRES";"GENERAL PINTO";6;351;208453
"Soja total";2018/19;"BUENOS AIRES";"GENERAL PINTO";6;351;279043
"Soja total";2019/20;"BUENOS AIRES";"GENERAL PINTO";6;351;268581
"Soja total";2020/21;"BUENOS AIRES";"GENERAL PINTO";6;351;246300
"Soja total";2021/22;"BUENOS AIRES";"GENERAL PINTO";6;351;232750
"Soja total";2022/23;"BUENOS AIRES";"GENERAL PINTO";6;351;139654
"Soja total";2023/24;"BUENOS AIRES";"GENERAL PINTO";6;351;230250
"Soja total";2024/25;"BUENOS AIRES";"GENERAL PINTO";6;351;251470
"Soja total";2015/16;"BUENOS AIRES";"GENERAL PUEYRREDON";6;357;64320
"Soja total";2016/17;"BUENOS AIRES";"GENERAL PUEYRREDON";6;357;49160
"Soja total";2017/18;"BUENOS AIRES";"GENERAL PUEYRREDON";6;357;53210
"Soja total";2018/19;"BUENOS AIRES";"GENERAL PUEYRREDON";6;357;48318
"Soja total";2019/20;"BUENOS AIRES";"GENERAL PUEYRREDON";6;357;40905
"Soja total";2020/21;"BUENOS AIRES";"GENERAL PUEYRREDON";6;357;43113
"Soja total";2021/22;"BUENOS AIRES";"GENERAL PUEYRREDON";6;357;30248
"Soja total";2022/23;"BUENOS AIRES";"GENERAL PUEYRREDON";6;357;52504
"Soja total";2023/24;"BUENOS AIRES";"GENERAL PUEYRREDON";6;357;76858
"Soja total";2024/25;"BUENOS AIRES";"GENERAL PUEYRREDON";6;357;78521
"Soja total";2015/16;"BUENOS AIRES";"GENERAL RODRIGUEZ";6;364;9591
"Soja total";2016/17;"BUENOS AIRES";"GENERAL RODRIGUEZ";6;364;13265
"Soja total";2017/18;"BUENOS AIRES";"GENERAL RODRIGUEZ";6;364;5215
"Soja total";2018/19;"BUENOS AIRES";"GENERAL RODRIGUEZ";6;364;5795
"Soja total";2019/20;"BUENOS AIRES";"GENERAL RODRIGUEZ";6;364;14056
"Soja total";2020/21;"BUENOS AIRES";"GENERAL RODRIGUEZ";6;364;17380
"Soja total";2021/22;"BUENOS AIRES";"GENERAL RODRIGUEZ";6;364;15290
"Soja total";2022/23;"BUENOS AIRES";"GENERAL RODRIGUEZ";6;364;4380
"Soja total";2023/24;"BUENOS AIRES";"GENERAL RODRIGUEZ";6;364;11290
"Soja total";2024/25;"BUENOS AIRES";"GENERAL RODRIGUEZ";6;364;10100
"Soja total";2015/16;"BUENOS AIRES";"GENERAL VIAMONTE";6;385;348264
"Soja total";2016/17;"BUENOS AIRES";"GENERAL VIAMONTE";6;385;304469
"Soja total";2017/18;"BUENOS AIRES";"GENERAL VIAMONTE";6;385;217260
"Soja total";2018/19;"BUENOS AIRES";"GENERAL VIAMONTE";6;385;239400
"Soja total";2019/20;"BUENOS AIRES";"GENERAL VIAMONTE";6;385;302063
"Soja total";2020/21;"BUENOS AIRES";"GENERAL VIAMONTE";6;385;279660
"Soja total";2021/22;"BUENOS AIRES";"GENERAL VIAMONTE";6;385;255650
"Soja total";2022/23;"BUENOS AIRES";"GENERAL VIAMONTE";6;385;140002
"Soja total";2023/24;"BUENOS AIRES";"GENERAL VIAMONTE";6;385;234800
"Soja total";2024/25;"BUENOS AIRES";"GENERAL VIAMONTE";6;385;240810
"Soja total";2015/16;"BUENOS AIRES";"GENERAL VILLEGAS";6;392;1146880
"Soja total";2016/17;"BUENOS AIRES";"GENERAL VILLEGAS";6;392;387081
"Soja total";2017/18;"BUENOS AIRES";"GENERAL VILLEGAS";6;392;633410
"Soja total";2018/19;"BUENOS AIRES";"GENERAL VILLEGAS";6;392;986280
"Soja total";2019/20;"BUENOS AIRES";"GENERAL VILLEGAS";6;392;853531
"Soja total";2020/21;"BUENOS AIRES";"GENERAL VILLEGAS";6;392;727770
"Soja total";2021/22;"BUENOS AIRES";"GENERAL VILLEGAS";6;392;734330
"Soja total";2022/23;"BUENOS AIRES";"GENERAL VILLEGAS";6;392;521411
"Soja total";2023/24;"BUENOS AIRES";"GENERAL VILLEGAS";6;392;793950
"Soja total";2024/25;"BUENOS AIRES";"GENERAL VILLEGAS";6;392;848670
"Soja total";2015/16;"BUENOS AIRES";GUAMINI;6;399;361600
"Soja total";2016/17;"BUENOS AIRES";GUAMINI;6;399;266750
"Soja total";2017/18;"BUENOS AIRES";GUAMINI;6;399;111340
"Soja total";2018/19;"BUENOS AIRES";GUAMINI;6;399;180900
"Soja total";2019/20;"BUENOS AIRES";GUAMINI;6;399;190112
"Soja total";2020/21;"BUENOS AIRES";GUAMINI;6;399;128500
"Soja total";2021/22;"BUENOS AIRES";GUAMINI;6;399;168000
"Soja total";2022/23;"BUENOS AIRES";GUAMINI;6;399;140400
"Soja total";2023/24;"BUENOS AIRES";GUAMINI;6;399;149700
"Soja total";2024/25;"BUENOS AIRES";GUAMINI;6;399;238600
"Soja total";2015/16;"BUENOS AIRES";"HIPOLITO YRIGOYEN";6;406;177500
"Soja total";2016/17;"BUENOS AIRES";"HIPOLITO YRIGOYEN";6;406;152190
"Soja total";2017/18;"BUENOS AIRES";"HIPOLITO YRIGOYEN";6;406;123100
"Soja total";2018/19;"BUENOS AIRES";"HIPOLITO YRIGOYEN";6;406;236624
"Soja total";2019/20;"BUENOS AIRES";"HIPOLITO YRIGOYEN";6;406;162580
"Soja total";2020/21;"BUENOS AIRES";"HIPOLITO YRIGOYEN";6;406;159325
"Soja total";2021/22;"BUENOS AIRES";"HIPOLITO YRIGOYEN";6;406;195840
"Soja total";2022/23;"BUENOS AIRES";"HIPOLITO YRIGOYEN";6;406;125760
"Soja total";2023/24;"BUENOS AIRES";"HIPOLITO YRIGOYEN";6;406;145400
"Soja total";2024/25;"BUENOS AIRES";"HIPOLITO YRIGOYEN";6;406;158208
"Soja total";2015/16;"BUENOS AIRES";JUNIN;6;413;490360
"Soja total";2016/17;"BUENOS AIRES";JUNIN;6;413;385478
"Soja total";2017/18;"BUENOS AIRES";JUNIN;6;413;347600
"Soja total";2018/19;"BUENOS AIRES";JUNIN;6;413;397827
"Soja total";2019/20;"BUENOS AIRES";JUNIN;6;413;375658
"Soja total";2020/21;"BUENOS AIRES";JUNIN;6;413;331600
"Soja total";2021/22;"BUENOS AIRES";JUNIN;6;413;333720
"Soja total";2022/23;"BUENOS AIRES";JUNIN;6;413;143200
"Soja total";2023/24;"BUENOS AIRES";JUNIN;6;413;308800
"Soja total";2024/25;"BUENOS AIRES";JUNIN;6;413;332000
"Soja total";2015/16;"BUENOS AIRES";"LA PLATA";6;441;1940
"Soja total";2016/17;"BUENOS AIRES";"LA PLATA";6;441;1964
"Soja total";2017/18;"BUENOS AIRES";"LA PLATA";6;441;1089
"Soja total";2018/19;"BUENOS AIRES";"LA PLATA";6;441;1159
"Soja total";2019/20;"BUENOS AIRES";"LA PLATA";6;441;1120
"Soja total";2020/21;"BUENOS AIRES";"LA PLATA";6;441;1349
"Soja total";2021/22;"BUENOS AIRES";"LA PLATA";6;441;1196
"Soja total";2022/23;"BUENOS AIRES";"LA PLATA";6;441;430
"Soja total";2023/24;"BUENOS AIRES";"LA PLATA";6;441;1155
"Soja total";2024/25;"BUENOS AIRES";"LA PLATA";6;441;2440
"Soja total";2015/16;"BUENOS AIRES";LAPRIDA;6;448;28400
"Soja total";2016/17;"BUENOS AIRES";LAPRIDA;6;448;20505
"Soja total";2017/18;"BUENOS AIRES";LAPRIDA;6;448;6510
"Soja total";2018/19;"BUENOS AIRES";LAPRIDA;6;448;26000
"Soja total";2019/20;"BUENOS AIRES";LAPRIDA;6;448;15400
"Soja total";2020/21;"BUENOS AIRES";LAPRIDA;6;448;23440
"Soja total";2021/22;"BUENOS AIRES";LAPRIDA;6;448;18896
"Soja total";2022/23;"BUENOS AIRES";LAPRIDA;6;448;19944
"Soja total";2023/24;"BUENOS AIRES";LAPRIDA;6;448;27675
"Soja total";2024/25;"BUENOS AIRES";LAPRIDA;6;448;40686
"Soja total";2015/16;"BUENOS AIRES";"LAS FLORES";6;455;129320
"Soja total";2016/17;"BUENOS AIRES";"LAS FLORES";6;455;107610
"Soja total";2017/18;"BUENOS AIRES";"LAS FLORES";6;455;75824
"Soja total";2018/19;"BUENOS AIRES";"LAS FLORES";6;455;39838
"Soja total";2019/20;"BUENOS AIRES";"LAS FLORES";6;455;47956
"Soja total";2020/21;"BUENOS AIRES";"LAS FLORES";6;455;48031
"Soja total";2021/22;"BUENOS AIRES";"LAS FLORES";6;455;47706
"Soja total";2022/23;"BUENOS AIRES";"LAS FLORES";6;455;29548
"Soja total";2023/24;"BUENOS AIRES";"LAS FLORES";6;455;64539
"Soja total";2024/25;"BUENOS AIRES";"LAS FLORES";6;455;58301
"Soja total";2015/16;"BUENOS AIRES";"LEANDRO N. ALEM";6;462;303546
"Soja total";2016/17;"BUENOS AIRES";"LEANDRO N. ALEM";6;462;245375
"Soja total";2017/18;"BUENOS AIRES";"LEANDRO N. ALEM";6;462;184595
"Soja total";2018/19;"BUENOS AIRES";"LEANDRO N. ALEM";6;462;256594
"Soja total";2019/20;"BUENOS AIRES";"LEANDRO N. ALEM";6;462;222562
"Soja total";2020/21;"BUENOS AIRES";"LEANDRO N. ALEM";6;462;208840
"Soja total";2021/22;"BUENOS AIRES";"LEANDRO N. ALEM";6;462;182260
"Soja total";2022/23;"BUENOS AIRES";"LEANDRO N. ALEM";6;462;89432
"Soja total";2023/24;"BUENOS AIRES";"LEANDRO N. ALEM";6;462;175150
"Soja total";2024/25;"BUENOS AIRES";"LEANDRO N. ALEM";6;462;176936
"Soja total";2023/24;"BUENOS AIRES";LEZAMA;6;466;22666
"Soja total";2024/25;"BUENOS AIRES";LEZAMA;6;466;23700
"Soja total";2015/16;"BUENOS AIRES";LINCOLN;6;469;744137
"Soja total";2016/17;"BUENOS AIRES";LINCOLN;6;469;579973
"Soja total";2017/18;"BUENOS AIRES";LINCOLN;6;469;406013
"Soja total";2018/19;"BUENOS AIRES";LINCOLN;6;469;578919
"Soja total";2019/20;"BUENOS AIRES";LINCOLN;6;469;471362
"Soja total";2020/21;"BUENOS AIRES";LINCOLN;6;469;441375
"Soja total";2021/22;"BUENOS AIRES";LINCOLN;6;469;435075
"Soja total";2022/23;"BUENOS AIRES";LINCOLN;6;469;245934
"Soja total";2023/24;"BUENOS AIRES";LINCOLN;6;469;458030
"Soja total";2024/25;"BUENOS AIRES";LINCOLN;6;469;484630
"Soja total";2015/16;"BUENOS AIRES";LOBERIA;6;476;334740
"Soja total";2016/17;"BUENOS AIRES";LOBERIA;6;476;283812
"Soja total";2017/18;"BUENOS AIRES";LOBERIA;6;476;209434
"Soja total";2018/19;"BUENOS AIRES";LOBERIA;6;476;343346
"Soja total";2019/20;"BUENOS AIRES";LOBERIA;6;476;297550
"Soja total";2020/21;"BUENOS AIRES";LOBERIA;6;476;204148
"Soja total";2021/22;"BUENOS AIRES";LOBERIA;6;476;167665
"Soja total";2022/23;"BUENOS AIRES";LOBERIA;6;476;234550
"Soja total";2023/24;"BUENOS AIRES";LOBERIA;6;476;304690
"Soja total";2024/25;"BUENOS AIRES";LOBERIA;6;476;346318
"Soja total";2015/16;"BUENOS AIRES";LOBOS;6;483;165000
"Soja total";2016/17;"BUENOS AIRES";LOBOS;6;483;129780
"Soja total";2017/18;"BUENOS AIRES";LOBOS;6;483;62212
"Soja total";2018/19;"BUENOS AIRES";LOBOS;6;483;78988
"Soja total";2019/20;"BUENOS AIRES";LOBOS;6;483;81780
"Soja total";2020/21;"BUENOS AIRES";LOBOS;6;483;82684
"Soja total";2021/22;"BUENOS AIRES";LOBOS;6;483;80663
"Soja total";2022/23;"BUENOS AIRES";LOBOS;6;483;47129
"Soja total";2023/24;"BUENOS AIRES";LOBOS;6;483;76673
"Soja total";2024/25;"BUENOS AIRES";LOBOS;6;483;82309
"Soja total";2015/16;"BUENOS AIRES";LUJAN;6;497;55772
"Soja total";2016/17;"BUENOS AIRES";LUJAN;6;497;52783
"Soja total";2017/18;"BUENOS AIRES";LUJAN;6;497;29215
"Soja total";2018/19;"BUENOS AIRES";LUJAN;6;497;45030
"Soja total";2019/20;"BUENOS AIRES";LUJAN;6;497;33296
"Soja total";2020/21;"BUENOS AIRES";LUJAN;6;497;41880
"Soja total";2021/22;"BUENOS AIRES";LUJAN;6;497;37600
"Soja total";2022/23;"BUENOS AIRES";LUJAN;6;497;12880
"Soja total";2023/24;"BUENOS AIRES";LUJAN;6;497;45760
"Soja total";2024/25;"BUENOS AIRES";LUJAN;6;497;46500
"Soja total";2015/16;"BUENOS AIRES";MAGDALENA;6;505;18486
"Soja total";2016/17;"BUENOS AIRES";MAGDALENA;6;505;14979
"Soja total";2017/18;"BUENOS AIRES";MAGDALENA;6;505;11990
"Soja total";2018/19;"BUENOS AIRES";MAGDALENA;6;505;9306
"Soja total";2019/20;"BUENOS AIRES";MAGDALENA;6;505;7032
"Soja total";2020/21;"BUENOS AIRES";MAGDALENA;6;505;8416
"Soja total";2021/22;"BUENOS AIRES";MAGDALENA;6;505;6752
"Soja total";2022/23;"BUENOS AIRES";MAGDALENA;6;505;1312
"Soja total";2023/24;"BUENOS AIRES";MAGDALENA;6;505;6690
"Soja total";2024/25;"BUENOS AIRES";MAGDALENA;6;505;13470
"Soja total";2015/16;"BUENOS AIRES";MAIPU;6;511;34103
"Soja total";2016/17;"BUENOS AIRES";MAIPU;6;511;36600
"Soja total";2017/18;"BUENOS AIRES";MAIPU;6;511;29440
"Soja total";2018/19;"BUENOS AIRES";MAIPU;6;511;26209
"Soja total";2019/20;"BUENOS AIRES";MAIPU;6;511;28920
"Soja total";2020/21;"BUENOS AIRES";MAIPU;6;511;13720
"Soja total";2021/22;"BUENOS AIRES";MAIPU;6;511;12690
"Soja total";2022/23;"BUENOS AIRES";MAIPU;6;511;16520
"Soja total";2023/24;"BUENOS AIRES";MAIPU;6;511;18012
"Soja total";2024/25;"BUENOS AIRES";MAIPU;6;511;15688
"Soja total";2015/16;"BUENOS AIRES";"MAR CHIQUITA";6;518;36644
"Soja total";2016/17;"BUENOS AIRES";"MAR CHIQUITA";6;518;38950
"Soja total";2017/18;"BUENOS AIRES";"MAR CHIQUITA";6;518;25500
"Soja total";2018/19;"BUENOS AIRES";"MAR CHIQUITA";6;518;26913
"Soja total";2019/20;"BUENOS AIRES";"MAR CHIQUITA";6;518;43920
"Soja total";2020/21;"BUENOS AIRES";"MAR CHIQUITA";6;518;22250
"Soja total";2021/22;"BUENOS AIRES";"MAR CHIQUITA";6;518;29460
"Soja total";2022/23;"BUENOS AIRES";"MAR CHIQUITA";6;518;28860
"Soja total";2023/24;"BUENOS AIRES";"MAR CHIQUITA";6;518;34388
"Soja total";2024/25;"BUENOS AIRES";"MAR CHIQUITA";6;518;24280
"Soja total";2015/16;"BUENOS AIRES";"MARCOS PAZ";6;525;30865
"Soja total";2016/17;"BUENOS AIRES";"MARCOS PAZ";6;525;30000
"Soja total";2017/18;"BUENOS AIRES";"MARCOS PAZ";6;525;14020
"Soja total";2018/19;"BUENOS AIRES";"MARCOS PAZ";6;525;17290
"Soja total";2019/20;"BUENOS AIRES";"MARCOS PAZ";6;525;15760
"Soja total";2020/21;"BUENOS AIRES";"MARCOS PAZ";6;525;19830
"Soja total";2021/22;"BUENOS AIRES";"MARCOS PAZ";6;525;17590
"Soja total";2022/23;"BUENOS AIRES";"MARCOS PAZ";6;525;2788
"Soja total";2023/24;"BUENOS AIRES";"MARCOS PAZ";6;525;11740
"Soja total";2024/25;"BUENOS AIRES";"MARCOS PAZ";6;525;10200
"Soja total";2015/16;"BUENOS AIRES";MERCEDES;6;532;67773
"Soja total";2016/17;"BUENOS AIRES";MERCEDES;6;532;59200
"Soja total";2017/18;"BUENOS AIRES";MERCEDES;6;532;41900
"Soja total";2018/19;"BUENOS AIRES";MERCEDES;6;532;86360
"Soja total";2019/20;"BUENOS AIRES";MERCEDES;6;532;61732
"Soja total";2020/21;"BUENOS AIRES";MERCEDES;6;532;43627
"Soja total";2021/22;"BUENOS AIRES";MERCEDES;6;532;47742
"Soja total";2022/23;"BUENOS AIRES";MERCEDES;6;532;1966
"Soja total";2023/24;"BUENOS AIRES";MERCEDES;6;532;63367
"Soja total";2024/25;"BUENOS AIRES";MERCEDES;6;532;44125
"Soja total";2015/16;"BUENOS AIRES";MONTE;6;547;122310
"Soja total";2016/17;"BUENOS AIRES";MONTE;6;547;103220
"Soja total";2017/18;"BUENOS AIRES";MONTE;6;547;29860
"Soja total";2018/19;"BUENOS AIRES";MONTE;6;547;53529
"Soja total";2019/20;"BUENOS AIRES";MONTE;6;547;58088
"Soja total";2020/21;"BUENOS AIRES";MONTE;6;547;104713
"Soja total";2021/22;"BUENOS AIRES";MONTE;6;547;98688
"Soja total";2022/23;"BUENOS AIRES";MONTE;6;547;63073
"Soja total";2023/24;"BUENOS AIRES";MONTE;6;547;107399
"Soja total";2024/25;"BUENOS AIRES";MONTE;6;547;124723
"Soja total";2015/16;"BUENOS AIRES";NAVARRO;6;574;155900
"Soja total";2016/17;"BUENOS AIRES";NAVARRO;6;574;139200
"Soja total";2017/18;"BUENOS AIRES";NAVARRO;6;574;61600
"Soja total";2018/19;"BUENOS AIRES";NAVARRO;6;574;102546
"Soja total";2019/20;"BUENOS AIRES";NAVARRO;6;574;111740
"Soja total";2020/21;"BUENOS AIRES";NAVARRO;6;574;79627
"Soja total";2021/22;"BUENOS AIRES";NAVARRO;6;574;74778
"Soja total";2022/23;"BUENOS AIRES";NAVARRO;6;574;52569
"Soja total";2023/24;"BUENOS AIRES";NAVARRO;6;574;85559
"Soja total";2024/25;"BUENOS AIRES";NAVARRO;6;574;101101
"Soja total";2015/16;"BUENOS AIRES";NECOCHEA;6;581;448320
"Soja total";2016/17;"BUENOS AIRES";NECOCHEA;6;581;233252
"Soja total";2017/18;"BUENOS AIRES";NECOCHEA;6;581;160877
"Soja total";2018/19;"BUENOS AIRES";NECOCHEA;6;581;150540
"Soja total";2019/20;"BUENOS AIRES";NECOCHEA;6;581;99500
"Soja total";2020/21;"BUENOS AIRES";NECOCHEA;6;581;270800
"Soja total";2021/22;"BUENOS AIRES";NECOCHEA;6;581;120353
"Soja total";2022/23;"BUENOS AIRES";NECOCHEA;6;581;231453
"Soja total";2023/24;"BUENOS AIRES";NECOCHEA;6;581;257085
"Soja total";2024/25;"BUENOS AIRES";NECOCHEA;6;581;377109
"Soja total";2015/16;"BUENOS AIRES";OLAVARRIA;6;595;186653
"Soja total";2016/17;"BUENOS AIRES";OLAVARRIA;6;595;153750
"Soja total";2017/18;"BUENOS AIRES";OLAVARRIA;6;595;96100
"Soja total";2018/19;"BUENOS AIRES";OLAVARRIA;6;595;169500
"Soja total";2019/20;"BUENOS AIRES";OLAVARRIA;6;595;146560
"Soja total";2020/21;"BUENOS AIRES";OLAVARRIA;6;595;132150
"Soja total";2021/22;"BUENOS AIRES";OLAVARRIA;6;595;151600
"Soja total";2022/23;"BUENOS AIRES";OLAVARRIA;6;595;93080
"Soja total";2023/24;"BUENOS AIRES";OLAVARRIA;6;595;111500
"Soja total";2024/25;"BUENOS AIRES";OLAVARRIA;6;595;134610
"Soja total";2015/16;"BUENOS AIRES";PEHUAJO;6;609;588745
"Soja total";2016/17;"BUENOS AIRES";PEHUAJO;6;609;577225
"Soja total";2017/18;"BUENOS AIRES";PEHUAJO;6;609;303828
"Soja total";2018/19;"BUENOS AIRES";PEHUAJO;6;609;613794
"Soja total";2019/20;"BUENOS AIRES";PEHUAJO;6;609;393088
"Soja total";2020/21;"BUENOS AIRES";PEHUAJO;6;609;359002
"Soja total";2021/22;"BUENOS AIRES";PEHUAJO;6;609;377214
"Soja total";2022/23;"BUENOS AIRES";PEHUAJO;6;609;141715
"Soja total";2023/24;"BUENOS AIRES";PEHUAJO;6;609;363850
"Soja total";2024/25;"BUENOS AIRES";PEHUAJO;6;609;499222
"Soja total";2015/16;"BUENOS AIRES";PELLEGRINI;6;616;151200
"Soja total";2016/17;"BUENOS AIRES";PELLEGRINI;6;616;119090
"Soja total";2017/18;"BUENOS AIRES";PELLEGRINI;6;616;48000
"Soja total";2018/19;"BUENOS AIRES";PELLEGRINI;6;616;107300
"Soja total";2019/20;"BUENOS AIRES";PELLEGRINI;6;616;104777
"Soja total";2020/21;"BUENOS AIRES";PELLEGRINI;6;616;94500
"Soja total";2021/22;"BUENOS AIRES";PELLEGRINI;6;616;119200
"Soja total";2022/23;"BUENOS AIRES";PELLEGRINI;6;616;101800
"Soja total";2023/24;"BUENOS AIRES";PELLEGRINI;6;616;100200
"Soja total";2024/25;"BUENOS AIRES";PELLEGRINI;6;616;118600
"Soja total";2015/16;"BUENOS AIRES";PERGAMINO;6;623;843150
"Soja total";2016/17;"BUENOS AIRES";PERGAMINO;6;623;702480
"Soja total";2017/18;"BUENOS AIRES";PERGAMINO;6;623;572010
"Soja total";2018/19;"BUENOS AIRES";PERGAMINO;6;623;731586
"Soja total";2019/20;"BUENOS AIRES";PERGAMINO;6;623;654375
"Soja total";2020/21;"BUENOS AIRES";PERGAMINO;6;623;543730
"Soja total";2021/22;"BUENOS AIRES";PERGAMINO;6;623;546720
"Soja total";2022/23;"BUENOS AIRES";PERGAMINO;6;623;243636
"Soja total";2023/24;"BUENOS AIRES";PERGAMINO;6;623;727252
"Soja total";2024/25;"BUENOS AIRES";PERGAMINO;6;623;595140
"Soja total";2015/16;"BUENOS AIRES";PILA;6;630;41150
"Soja total";2016/17;"BUENOS AIRES";PILA;6;630;30900
"Soja total";2017/18;"BUENOS AIRES";PILA;6;630;15570
"Soja total";2018/19;"BUENOS AIRES";PILA;6;630;25455
"Soja total";2019/20;"BUENOS AIRES";PILA;6;630;26850
"Soja total";2020/21;"BUENOS AIRES";PILA;6;630;17300
"Soja total";2021/22;"BUENOS AIRES";PILA;6;630;20120
"Soja total";2022/23;"BUENOS AIRES";PILA;6;630;15600
"Soja total";2023/24;"BUENOS AIRES";PILA;6;630;22784
"Soja total";2024/25;"BUENOS AIRES";PILA;6;630;23950
"Soja total";2015/16;"BUENOS AIRES";PILAR;6;638;8428
"Soja total";2016/17;"BUENOS AIRES";PILAR;6;638;8399
"Soja total";2017/18;"BUENOS AIRES";PILAR;6;638;3820
"Soja total";2018/19;"BUENOS AIRES";PILAR;6;638;4302
"Soja total";2019/20;"BUENOS AIRES";PILAR;6;638;3304
"Soja total";2020/21;"BUENOS AIRES";PILAR;6;638;4252
"Soja total";2021/22;"BUENOS AIRES";PILAR;6;638;3560
"Soja total";2022/23;"BUENOS AIRES";PILAR;6;638;880
"Soja total";2023/24;"BUENOS AIRES";PILAR;6;638;2040
"Soja total";2024/25;"BUENOS AIRES";PILAR;6;638;2050
"Soja total";2015/16;"BUENOS AIRES";PUAN;6;651;13598
"Soja total";2016/17;"BUENOS AIRES";PUAN;6;651;15600
"Soja total";2017/18;"BUENOS AIRES";PUAN;6;651;2340
"Soja total";2018/19;"BUENOS AIRES";PUAN;6;651;9756
"Soja total";2019/20;"BUENOS AIRES";PUAN;6;651;720
"Soja total";2020/21;"BUENOS AIRES";PUAN;6;651;3200
"Soja total";2021/22;"BUENOS AIRES";PUAN;6;651;3600
"Soja total";2022/23;"BUENOS AIRES";PUAN;6;651;1440
"Soja total";2023/24;"BUENOS AIRES";PUAN;6;651;0
"Soja total";2024/25;"BUENOS AIRES";PUAN;6;651;3900
"Soja total";2015/16;"BUENOS AIRES";"PUNTA INDIO";6;655;6493
"Soja total";2016/17;"BUENOS AIRES";"PUNTA INDIO";6;655;4655
"Soja total";2017/18;"BUENOS AIRES";"PUNTA INDIO";6;655;2676
"Soja total";2018/19;"BUENOS AIRES";"PUNTA INDIO";6;655;627
"Soja total";2019/20;"BUENOS AIRES";"PUNTA INDIO";6;655;1120
"Soja total";2020/21;"BUENOS AIRES";"PUNTA INDIO";6;655;1367
"Soja total";2021/22;"BUENOS AIRES";"PUNTA INDIO";6;655;990
"Soja total";2022/23;"BUENOS AIRES";"PUNTA INDIO";6;655;288
"Soja total";2023/24;"BUENOS AIRES";"PUNTA INDIO";6;655;1008
"Soja total";2024/25;"BUENOS AIRES";"PUNTA INDIO";6;655;2000
"Soja total";2015/16;"BUENOS AIRES";RAMALLO;6;665;240103
"Soja total";2016/17;"BUENOS AIRES";RAMALLO;6;665;208040
"Soja total";2017/18;"BUENOS AIRES";RAMALLO;6;665;146692
"Soja total";2018/19;"BUENOS AIRES";RAMALLO;6;665;199459
"Soja total";2019/20;"BUENOS AIRES";RAMALLO;6;665;198700
"Soja total";2020/21;"BUENOS AIRES";RAMALLO;6;665;132943
"Soja total";2021/22;"BUENOS AIRES";RAMALLO;6;665;177100
"Soja total";2022/23;"BUENOS AIRES";RAMALLO;6;665;58074
"Soja total";2023/24;"BUENOS AIRES";RAMALLO;6;665;197146
"Soja total";2024/25;"BUENOS AIRES";RAMALLO;6;665;161470
"Soja total";2015/16;"BUENOS AIRES";RAUCH;6;672;47520
"Soja total";2016/17;"BUENOS AIRES";RAUCH;6;672;35200
"Soja total";2017/18;"BUENOS AIRES";RAUCH;6;672;16780
"Soja total";2018/19;"BUENOS AIRES";RAUCH;6;672;18200
"Soja total";2019/20;"BUENOS AIRES";RAUCH;6;672;25600
"Soja total";2020/21;"BUENOS AIRES";RAUCH;6;672;10800
"Soja total";2021/22;"BUENOS AIRES";RAUCH;6;672;11505
"Soja total";2022/23;"BUENOS AIRES";RAUCH;6;672;10750
"Soja total";2023/24;"BUENOS AIRES";RAUCH;6;672;13994
"Soja total";2024/25;"BUENOS AIRES";RAUCH;6;672;16800
"Soja total";2015/16;"BUENOS AIRES";RIVADAVIA;6;679;660201
"Soja total";2016/17;"BUENOS AIRES";RIVADAVIA;6;679;571723
"Soja total";2017/18;"BUENOS AIRES";RIVADAVIA;6;679;330442
"Soja total";2018/19;"BUENOS AIRES";RIVADAVIA;6;679;606021
"Soja total";2019/20;"BUENOS AIRES";RIVADAVIA;6;679;482959
"Soja total";2020/21;"BUENOS AIRES";RIVADAVIA;6;679;328829
"Soja total";2021/22;"BUENOS AIRES";RIVADAVIA;6;679;452292
"Soja total";2022/23;"BUENOS AIRES";RIVADAVIA;6;679;215510
"Soja total";2023/24;"BUENOS AIRES";RIVADAVIA;6;679;396749
"Soja total";2024/25;"BUENOS AIRES";RIVADAVIA;6;679;465350
"Soja total";2015/16;"BUENOS AIRES";ROJAS;6;686;566711
"Soja total";2016/17;"BUENOS AIRES";ROJAS;6;686;472734
"Soja total";2017/18;"BUENOS AIRES";ROJAS;6;686;463200
"Soja total";2018/19;"BUENOS AIRES";ROJAS;6;686;449912
"Soja total";2019/20;"BUENOS AIRES";ROJAS;6;686;390788
"Soja total";2020/21;"BUENOS AIRES";ROJAS;6;686;359450
"Soja total";2021/22;"BUENOS AIRES";ROJAS;6;686;311320
"Soja total";2022/23;"BUENOS AIRES";ROJAS;6;686;151200
"Soja total";2023/24;"BUENOS AIRES";ROJAS;6;686;383500
"Soja total";2024/25;"BUENOS AIRES";ROJAS;6;686;407200
"Soja total";2015/16;"BUENOS AIRES";"ROQUE PEREZ";6;693;115240
"Soja total";2016/17;"BUENOS AIRES";"ROQUE PEREZ";6;693;105190
"Soja total";2017/18;"BUENOS AIRES";"ROQUE PEREZ";6;693;72470
"Soja total";2018/19;"BUENOS AIRES";"ROQUE PEREZ";6;693;95794
"Soja total";2019/20;"BUENOS AIRES";"ROQUE PEREZ";6;693;102553
"Soja total";2020/21;"BUENOS AIRES";"ROQUE PEREZ";6;693;117570
"Soja total";2021/22;"BUENOS AIRES";"ROQUE PEREZ";6;693;109843
"Soja total";2022/23;"BUENOS AIRES";"ROQUE PEREZ";6;693;63008
"Soja total";2023/24;"BUENOS AIRES";"ROQUE PEREZ";6;693;103978
"Soja total";2024/25;"BUENOS AIRES";"ROQUE PEREZ";6;693;114039
"Soja total";2015/16;"BUENOS AIRES";SAAVEDRA;6;700;54321
"Soja total";2016/17;"BUENOS AIRES";SAAVEDRA;6;700;48000
"Soja total";2017/18;"BUENOS AIRES";SAAVEDRA;6;700;29560
"Soja total";2018/19;"BUENOS AIRES";SAAVEDRA;6;700;37200
"Soja total";2019/20;"BUENOS AIRES";SAAVEDRA;6;700;11700
"Soja total";2020/21;"BUENOS AIRES";SAAVEDRA;6;700;26400
"Soja total";2021/22;"BUENOS AIRES";SAAVEDRA;6;700;23000
"Soja total";2022/23;"BUENOS AIRES";SAAVEDRA;6;700;20040
"Soja total";2023/24;"BUENOS AIRES";SAAVEDRA;6;700;12412
"Soja total";2024/25;"BUENOS AIRES";SAAVEDRA;6;700;16560
"Soja total";2015/16;"BUENOS AIRES";SALADILLO;6;707;303700
"Soja total";2016/17;"BUENOS AIRES";SALADILLO;6;707;254400
"Soja total";2017/18;"BUENOS AIRES";SALADILLO;6;707;116488
"Soja total";2018/19;"BUENOS AIRES";SALADILLO;6;707;164987
"Soja total";2019/20;"BUENOS AIRES";SALADILLO;6;707;178972
"Soja total";2020/21;"BUENOS AIRES";SALADILLO;6;707;157987
"Soja total";2021/22;"BUENOS AIRES";SALADILLO;6;707;152789
"Soja total";2022/23;"BUENOS AIRES";SALADILLO;6;707;115310
"Soja total";2023/24;"BUENOS AIRES";SALADILLO;6;707;192114
"Soja total";2024/25;"BUENOS AIRES";SALADILLO;6;707;186286
"Soja total";2015/16;"BUENOS AIRES";SALLIQUELO;6;721;106300
"Soja total";2016/17;"BUENOS AIRES";SALLIQUELO;6;721;84570
"Soja total";2017/18;"BUENOS AIRES";SALLIQUELO;6;721;43350
"Soja total";2018/19;"BUENOS AIRES";SALLIQUELO;6;721;84400
"Soja total";2019/20;"BUENOS AIRES";SALLIQUELO;6;721;40560
"Soja total";2020/21;"BUENOS AIRES";SALLIQUELO;6;721;68850
"Soja total";2021/22;"BUENOS AIRES";SALLIQUELO;6;721;84600
"Soja total";2022/23;"BUENOS AIRES";SALLIQUELO;6;721;68800
"Soja total";2023/24;"BUENOS AIRES";SALLIQUELO;6;721;68400
"Soja total";2024/25;"BUENOS AIRES";SALLIQUELO;6;721;63900
"Soja total";2015/16;"BUENOS AIRES";SALTO;6;714;459994
"Soja total";2016/17;"BUENOS AIRES";SALTO;6;714;409050
"Soja total";2017/18;"BUENOS AIRES";SALTO;6;714;312256
"Soja total";2018/19;"BUENOS AIRES";SALTO;6;714;460229
"Soja total";2019/20;"BUENOS AIRES";SALTO;6;714;365416
"Soja total";2020/21;"BUENOS AIRES";SALTO;6;714;303096
"Soja total";2021/22;"BUENOS AIRES";SALTO;6;714;336320
"Soja total";2022/23;"BUENOS AIRES";SALTO;6;714;186812
"Soja total";2023/24;"BUENOS AIRES";SALTO;6;714;417035
"Soja total";2024/25;"BUENOS AIRES";SALTO;6;714;390660
"Soja total";2015/16;"BUENOS AIRES";"SAN ANDRES DE GILES";6;728;218232
"Soja total";2016/17;"BUENOS AIRES";"SAN ANDRES DE GILES";6;728;189076
"Soja total";2017/18;"BUENOS AIRES";"SAN ANDRES DE GILES";6;728;109520
"Soja total";2018/19;"BUENOS AIRES";"SAN ANDRES DE GILES";6;728;198816
"Soja total";2019/20;"BUENOS AIRES";"SAN ANDRES DE GILES";6;728;165560
"Soja total";2020/21;"BUENOS AIRES";"SAN ANDRES DE GILES";6;728;140800
"Soja total";2021/22;"BUENOS AIRES";"SAN ANDRES DE GILES";6;728;145760
"Soja total";2022/23;"BUENOS AIRES";"SAN ANDRES DE GILES";6;728;63680
"Soja total";2023/24;"BUENOS AIRES";"SAN ANDRES DE GILES";6;728;152800
"Soja total";2024/25;"BUENOS AIRES";"SAN ANDRES DE GILES";6;728;166000
"Soja total";2015/16;"BUENOS AIRES";"SAN ANTONIO DE ARECO";6;735;163448
"Soja total";2016/17;"BUENOS AIRES";"SAN ANTONIO DE ARECO";6;735;138745
"Soja total";2017/18;"BUENOS AIRES";"SAN ANTONIO DE ARECO";6;735;77572
"Soja total";2018/19;"BUENOS AIRES";"SAN ANTONIO DE ARECO";6;735;137254
"Soja total";2019/20;"BUENOS AIRES";"SAN ANTONIO DE ARECO";6;735;136785
"Soja total";2020/21;"BUENOS AIRES";"SAN ANTONIO DE ARECO";6;735;70394
"Soja total";2021/22;"BUENOS AIRES";"SAN ANTONIO DE ARECO";6;735;132790
"Soja total";2022/23;"BUENOS AIRES";"SAN ANTONIO DE ARECO";6;735;32639
"Soja total";2023/24;"BUENOS AIRES";"SAN ANTONIO DE ARECO";6;735;114871
"Soja total";2024/25;"BUENOS AIRES";"SAN ANTONIO DE ARECO";6;735;103300
"Soja total";2015/16;"BUENOS AIRES";"SAN CAYETANO";6;742;256440
"Soja total";2016/17;"BUENOS AIRES";"SAN CAYETANO";6;742;102009
"Soja total";2017/18;"BUENOS AIRES";"SAN CAYETANO";6;742;113640
"Soja total";2018/19;"BUENOS AIRES";"SAN CAYETANO";6;742;122200
"Soja total";2019/20;"BUENOS AIRES";"SAN CAYETANO";6;742;76890
"Soja total";2020/21;"BUENOS AIRES";"SAN CAYETANO";6;742;129880
"Soja total";2021/22;"BUENOS AIRES";"SAN CAYETANO";6;742;58890
"Soja total";2022/23;"BUENOS AIRES";"SAN CAYETANO";6;742;125753
"Soja total";2023/24;"BUENOS AIRES";"SAN CAYETANO";6;742;156676
"Soja total";2024/25;"BUENOS AIRES";"SAN CAYETANO";6;742;161279
"Soja total";2015/16;"BUENOS AIRES";"SAN NICOLAS";6;763;156973
"Soja total";2016/17;"BUENOS AIRES";"SAN NICOLAS";6;763;140030
"Soja total";2017/18;"BUENOS AIRES";"SAN NICOLAS";6;763;99952
"Soja total";2018/19;"BUENOS AIRES";"SAN NICOLAS";6;763;152010
"Soja total";2019/20;"BUENOS AIRES";"SAN NICOLAS";6;763;130798
"Soja total";2020/21;"BUENOS AIRES";"SAN NICOLAS";6;763;96470
"Soja total";2021/22;"BUENOS AIRES";"SAN NICOLAS";6;763;90755
"Soja total";2022/23;"BUENOS AIRES";"SAN NICOLAS";6;763;30706
"Soja total";2023/24;"BUENOS AIRES";"SAN NICOLAS";6;763;113308
"Soja total";2024/25;"BUENOS AIRES";"SAN NICOLAS";6;763;102270
"Soja total";2015/16;"BUENOS AIRES";"SAN PEDRO";6;770;191985
"Soja total";2016/17;"BUENOS AIRES";"SAN PEDRO";6;770;162350
"Soja total";2017/18;"BUENOS AIRES";"SAN PEDRO";6;770;97868
"Soja total";2018/19;"BUENOS AIRES";"SAN PEDRO";6;770;165207
"Soja total";2019/20;"BUENOS AIRES";"SAN PEDRO";6;770;142288
"Soja total";2020/21;"BUENOS AIRES";"SAN PEDRO";6;770;98432
"Soja total";2021/22;"BUENOS AIRES";"SAN PEDRO";6;770;172490
"Soja total";2022/23;"BUENOS AIRES";"SAN PEDRO";6;770;45166
"Soja total";2023/24;"BUENOS AIRES";"SAN PEDRO";6;770;132196
"Soja total";2024/25;"BUENOS AIRES";"SAN PEDRO";6;770;128260
"Soja total";2015/16;"BUENOS AIRES";"SAN VICENTE";6;778;7293
"Soja total";2016/17;"BUENOS AIRES";"SAN VICENTE";6;778;7121
"Soja total";2017/18;"BUENOS AIRES";"SAN VICENTE";6;778;3290
"Soja total";2018/19;"BUENOS AIRES";"SAN VICENTE";6;778;4123
"Soja total";2019/20;"BUENOS AIRES";"SAN VICENTE";6;778;1352
"Soja total";2020/21;"BUENOS AIRES";"SAN VICENTE";6;778;1526
"Soja total";2021/22;"BUENOS AIRES";"SAN VICENTE";6;778;1188
"Soja total";2022/23;"BUENOS AIRES";"SAN VICENTE";6;778;384
"Soja total";2023/24;"BUENOS AIRES";"SAN VICENTE";6;778;2356
"Soja total";2024/25;"BUENOS AIRES";"SAN VICENTE";6;778;2280
"Soja total";2015/16;"BUENOS AIRES";SUIPACHA;6;784;79360
"Soja total";2016/17;"BUENOS AIRES";SUIPACHA;6;784;82376
"Soja total";2017/18;"BUENOS AIRES";SUIPACHA;6;784;42050
"Soja total";2018/19;"BUENOS AIRES";SUIPACHA;6;784;86537
"Soja total";2019/20;"BUENOS AIRES";SUIPACHA;6;784;85608
"Soja total";2020/21;"BUENOS AIRES";SUIPACHA;6;784;43583
"Soja total";2021/22;"BUENOS AIRES";SUIPACHA;6;784;50040
"Soja total";2022/23;"BUENOS AIRES";SUIPACHA;6;784;4950
"Soja total";2023/24;"BUENOS AIRES";SUIPACHA;6;784;88406
"Soja total";2024/25;"BUENOS AIRES";SUIPACHA;6;784;49890
"Soja total";2015/16;"BUENOS AIRES";TANDIL;6;791;343750
"Soja total";2016/17;"BUENOS AIRES";TANDIL;6;791;302340
"Soja total";2017/18;"BUENOS AIRES";TANDIL;6;791;220096
"Soja total";2018/19;"BUENOS AIRES";TANDIL;6;791;300081
"Soja total";2019/20;"BUENOS AIRES";TANDIL;6;791;251400
"Soja total";2020/21;"BUENOS AIRES";TANDIL;6;791;236061
"Soja total";2021/22;"BUENOS AIRES";TANDIL;6;791;250359
"Soja total";2022/23;"BUENOS AIRES";TANDIL;6;791;277054
"Soja total";2023/24;"BUENOS AIRES";TANDIL;6;791;326803
"Soja total";2024/25;"BUENOS AIRES";TANDIL;6;791;374634
"Soja total";2015/16;"BUENOS AIRES";TAPALQUE;6;798;3225
"Soja total";2016/17;"BUENOS AIRES";TAPALQUE;6;798;3200
"Soja total";2017/18;"BUENOS AIRES";TAPALQUE;6;798;2440
"Soja total";2018/19;"BUENOS AIRES";TAPALQUE;6;798;17900
"Soja total";2019/20;"BUENOS AIRES";TAPALQUE;6;798;15150
"Soja total";2020/21;"BUENOS AIRES";TAPALQUE;6;798;6760
"Soja total";2021/22;"BUENOS AIRES";TAPALQUE;6;798;9440
"Soja total";2022/23;"BUENOS AIRES";TAPALQUE;6;798;7530
"Soja total";2023/24;"BUENOS AIRES";TAPALQUE;6;798;11530
"Soja total";2024/25;"BUENOS AIRES";TAPALQUE;6;798;38729
"Soja total";2015/16;"BUENOS AIRES";TORDILLO;6;812;3125
"Soja total";2016/17;"BUENOS AIRES";TORDILLO;6;812;2600
"Soja total";2020/21;"BUENOS AIRES";TORDILLO;6;812;728
"Soja total";2021/22;"BUENOS AIRES";TORDILLO;6;812;2210
"Soja total";2022/23;"BUENOS AIRES";TORDILLO;6;812;1700
"Soja total";2023/24;"BUENOS AIRES";TORDILLO;6;812;250
"Soja total";2024/25;"BUENOS AIRES";TORDILLO;6;812;110
"Soja total";2015/16;"BUENOS AIRES";TORNQUIST;6;819;6572
"Soja total";2016/17;"BUENOS AIRES";TORNQUIST;6;819;7450
"Soja total";2017/18;"BUENOS AIRES";TORNQUIST;6;819;4422
"Soja total";2018/19;"BUENOS AIRES";TORNQUIST;6;819;1360
"Soja total";2019/20;"BUENOS AIRES";TORNQUIST;6;819;504
"Soja total";2020/21;"BUENOS AIRES";TORNQUIST;6;819;3000
"Soja total";2021/22;"BUENOS AIRES";TORNQUIST;6;819;3200
"Soja total";2022/23;"BUENOS AIRES";TORNQUIST;6;819;3240
"Soja total";2023/24;"BUENOS AIRES";TORNQUIST;6;819;0
"Soja total";2024/25;"BUENOS AIRES";TORNQUIST;6;819;1798
"Soja total";2015/16;"BUENOS AIRES";"TRENQUE LAUQUEN";6;826;622982
"Soja total";2016/17;"BUENOS AIRES";"TRENQUE LAUQUEN";6;826;602527
"Soja total";2017/18;"BUENOS AIRES";"TRENQUE LAUQUEN";6;826;335790
"Soja total";2018/19;"BUENOS AIRES";"TRENQUE LAUQUEN";6;826;582690
"Soja total";2019/20;"BUENOS AIRES";"TRENQUE LAUQUEN";6;826;465700
"Soja total";2020/21;"BUENOS AIRES";"TRENQUE LAUQUEN";6;826;321175
"Soja total";2021/22;"BUENOS AIRES";"TRENQUE LAUQUEN";6;826;496832
"Soja total";2022/23;"BUENOS AIRES";"TRENQUE LAUQUEN";6;826;272522
"Soja total";2023/24;"BUENOS AIRES";"TRENQUE LAUQUEN";6;826;431796
"Soja total";2024/25;"BUENOS AIRES";"TRENQUE LAUQUEN";6;826;484800
"Soja total";2015/16;"BUENOS AIRES";"TRES ARROYOS";6;833;471140
"Soja total";2016/17;"BUENOS AIRES";"TRES ARROYOS";6;833;227051
"Soja total";2017/18;"BUENOS AIRES";"TRES ARROYOS";6;833;212374
"Soja total";2018/19;"BUENOS AIRES";"TRES ARROYOS";6;833;241850
"Soja total";2019/20;"BUENOS AIRES";"TRES ARROYOS";6;833;185600
"Soja total";2020/21;"BUENOS AIRES";"TRES ARROYOS";6;833;245400
"Soja total";2021/22;"BUENOS AIRES";"TRES ARROYOS";6;833;129979
"Soja total";2022/23;"BUENOS AIRES";"TRES ARROYOS";6;833;209260
"Soja total";2023/24;"BUENOS AIRES";"TRES ARROYOS";6;833;200691
"Soja total";2024/25;"BUENOS AIRES";"TRES ARROYOS";6;833;216304
"Soja total";2015/16;"BUENOS AIRES";"TRES LOMAS";6;847;151700
"Soja total";2016/17;"BUENOS AIRES";"TRES LOMAS";6;847;136155
"Soja total";2017/18;"BUENOS AIRES";"TRES LOMAS";6;847;58900
"Soja total";2018/19;"BUENOS AIRES";"TRES LOMAS";6;847;100592
"Soja total";2019/20;"BUENOS AIRES";"TRES LOMAS";6;847;50240
"Soja total";2020/21;"BUENOS AIRES";"TRES LOMAS";6;847;69200
"Soja total";2021/22;"BUENOS AIRES";"TRES LOMAS";6;847;85200
"Soja total";2022/23;"BUENOS AIRES";"TRES LOMAS";6;847;75000
"Soja total";2023/24;"BUENOS AIRES";"TRES LOMAS";6;847;70600
"Soja total";2024/25;"BUENOS AIRES";"TRES LOMAS";6;847;85200
"Soja total";2015/16;"BUENOS AIRES";ZARATE;6;882;112865
"Soja total";2016/17;"BUENOS AIRES";ZARATE;6;882;119760
"Soja total";2017/18;"BUENOS AIRES";ZARATE;6;882;81850
"Soja total";2018/19;"BUENOS AIRES";ZARATE;6;882;122330
"Soja total";2019/20;"BUENOS AIRES";ZARATE;6;882;77388
"Soja total";2020/21;"BUENOS AIRES";ZARATE;6;882;71645
"Soja total";2021/22;"BUENOS AIRES";ZARATE;6;882;67520
"Soja total";2022/23;"BUENOS AIRES";ZARATE;6;882;20525
"Soja total";2023/24;"BUENOS AIRES";ZARATE;6;882;66250
"Soja total";2024/25;"BUENOS AIRES";ZARATE;6;882;60125
"Soja total";2017/18;CATAMARCA;CAPAYAN;10;42;120
"Soja total";2018/19;CATAMARCA;CAPAYAN;10;42;330
"Soja total";2019/20;CATAMARCA;CAPAYAN;10;42;80
"Soja total";2020/21;CATAMARCA;CAPAYAN;10;42;170
"Soja total";2021/22;CATAMARCA;CAPAYAN;10;42;55
"Soja total";2022/23;CATAMARCA;CAPAYAN;10;42;0
"Soja total";2023/24;CATAMARCA;CAPAYAN;10;42;156
"Soja total";2024/25;CATAMARCA;CAPAYAN;10;42;247
"Soja total";2015/16;CATAMARCA;"EL ALTO";10;56;4800
"Soja total";2016/17;CATAMARCA;"EL ALTO";10;56;4300
"Soja total";2017/18;CATAMARCA;"EL ALTO";10;56;6696
"Soja total";2018/19;CATAMARCA;"EL ALTO";10;56;7920
"Soja total";2019/20;CATAMARCA;"EL ALTO";10;56;2970
"Soja total";2020/21;CATAMARCA;"EL ALTO";10;56;4750
"Soja total";2021/22;CATAMARCA;"EL ALTO";10;56;3211
"Soja total";2022/23;CATAMARCA;"EL ALTO";10;56;1937
"Soja total";2023/24;CATAMARCA;"EL ALTO";10;56;4099
"Soja total";2024/25;CATAMARCA;"EL ALTO";10;56;5890
"Soja total";2015/16;CATAMARCA;"SANTA ROSA";10;98;156867
"Soja total";2016/17;CATAMARCA;"SANTA ROSA";10;98;68927
"Soja total";2017/18;CATAMARCA;"SANTA ROSA";10;98;82200
"Soja total";2018/19;CATAMARCA;"SANTA ROSA";10;98;127550
"Soja total";2019/20;CATAMARCA;"SANTA ROSA";10;98;89565
"Soja total";2020/21;CATAMARCA;"SANTA ROSA";10;98;101331
"Soja total";2021/22;CATAMARCA;"SANTA ROSA";10;98;81374
"Soja total";2022/23;CATAMARCA;"SANTA ROSA";10;98;62011
"Soja total";2023/24;CATAMARCA;"SANTA ROSA";10;98;129930
"Soja total";2024/25;CATAMARCA;"SANTA ROSA";10;98;95629
"Soja total";2015/16;CHACO;"12 DE OCTUBRE";22;36;170780
"Soja total";2016/17;CHACO;"12 DE OCTUBRE";22;36;214400
"Soja total";2017/18;CHACO;"12 DE OCTUBRE";22;36;134882
"Soja total";2018/19;CHACO;"12 DE OCTUBRE";22;36;100562
"Soja total";2019/20;CHACO;"12 DE OCTUBRE";22;36;189981
"Soja total";2020/21;CHACO;"12 DE OCTUBRE";22;36;144619
"Soja total";2021/22;CHACO;"12 DE OCTUBRE";22;36;223910
"Soja total";2022/23;CHACO;"12 DE OCTUBRE";22;36;136524
"Soja total";2023/24;CHACO;"12 DE OCTUBRE";22;36;87899
"Soja total";2024/25;CHACO;"12 DE OCTUBRE";22;36;53650
"Soja total";2015/16;CHACO;"2 DE ABRIL";22;39;105210
"Soja total";2016/17;CHACO;"2 DE ABRIL";22;39;103800
"Soja total";2017/18;CHACO;"2 DE ABRIL";22;39;69820
"Soja total";2018/19;CHACO;"2 DE ABRIL";22;39;50029
"Soja total";2019/20;CHACO;"2 DE ABRIL";22;39;100992
"Soja total";2020/21;CHACO;"2 DE ABRIL";22;39;79748
"Soja total";2021/22;CHACO;"2 DE ABRIL";22;39;120830
"Soja total";2022/23;CHACO;"2 DE ABRIL";22;39;60089
"Soja total";2023/24;CHACO;"2 DE ABRIL";22;39;45877
"Soja total";2024/25;CHACO;"2 DE ABRIL";22;39;28350
"Soja total";2015/16;CHACO;"25 DE MAYO";22;168;250
"Soja total";2016/17;CHACO;"25 DE MAYO";22;168;97
"Soja total";2017/18;CHACO;"25 DE MAYO";22;168;944
"Soja total";2018/19;CHACO;"25 DE MAYO";22;168;464
"Soja total";2019/20;CHACO;"25 DE MAYO";22;168;356
"Soja total";2023/24;CHACO;"25 DE MAYO";22;168;405
"Soja total";2015/16;CHACO;"9 DE JULIO";22;105;110409
"Soja total";2016/17;CHACO;"9 DE JULIO";22;105;128220
"Soja total";2017/18;CHACO;"9 DE JULIO";22;105;80940
"Soja total";2018/19;CHACO;"9 DE JULIO";22;105;81805
"Soja total";2019/20;CHACO;"9 DE JULIO";22;105;113060
"Soja total";2020/21;CHACO;"9 DE JULIO";22;105;86007
"Soja total";2021/22;CHACO;"9 DE JULIO";22;105;139840
"Soja total";2022/23;CHACO;"9 DE JULIO";22;105;99794
"Soja total";2023/24;CHACO;"9 DE JULIO";22;105;58004
"Soja total";2024/25;CHACO;"9 DE JULIO";22;105;29580
"Soja total";2015/16;CHACO;"ALMIRANTE BROWN";22;7;183000
"Soja total";2016/17;CHACO;"ALMIRANTE BROWN";22;7;325546
"Soja total";2017/18;CHACO;"ALMIRANTE BROWN";22;7;294000
"Soja total";2018/19;CHACO;"ALMIRANTE BROWN";22;7;292089
"Soja total";2019/20;CHACO;"ALMIRANTE BROWN";22;7;294740
"Soja total";2020/21;CHACO;"ALMIRANTE BROWN";22;7;236550
"Soja total";2021/22;CHACO;"ALMIRANTE BROWN";22;7;438600
"Soja total";2022/23;CHACO;"ALMIRANTE BROWN";22;7;273900
"Soja total";2023/24;CHACO;"ALMIRANTE BROWN";22;7;156050
"Soja total";2024/25;CHACO;"ALMIRANTE BROWN";22;7;82900
"Soja total";2015/16;CHACO;BERMEJO;22;14;1180
"Soja total";2015/16;CHACO;CHACABUCO;22;28;125210
"Soja total";2016/17;CHACO;CHACABUCO;22;28;146240
"Soja total";2017/18;CHACO;CHACABUCO;22;28;91520
"Soja total";2018/19;CHACO;CHACABUCO;22;28;61869
"Soja total";2019/20;CHACO;CHACABUCO;22;28;115473
"Soja total";2020/21;CHACO;CHACABUCO;22;28;99996
"Soja total";2021/22;CHACO;CHACABUCO;22;28;152970
"Soja total";2022/23;CHACO;CHACABUCO;22;28;95840
"Soja total";2023/24;CHACO;CHACABUCO;22;28;73524
"Soja total";2024/25;CHACO;CHACABUCO;22;28;50010
"Soja total";2015/16;CHACO;"COMANDANTE FERNANDEZ";22;21;29600
"Soja total";2016/17;CHACO;"COMANDANTE FERNANDEZ";22;21;83934
"Soja total";2017/18;CHACO;"COMANDANTE FERNANDEZ";22;21;23492
"Soja total";2018/19;CHACO;"COMANDANTE FERNANDEZ";22;21;75182
"Soja total";2019/20;CHACO;"COMANDANTE FERNANDEZ";22;21;78310
"Soja total";2020/21;CHACO;"COMANDANTE FERNANDEZ";22;21;48045
"Soja total";2021/22;CHACO;"COMANDANTE FERNANDEZ";22;21;36210
"Soja total";2022/23;CHACO;"COMANDANTE FERNANDEZ";22;21;24300
"Soja total";2023/24;CHACO;"COMANDANTE FERNANDEZ";22;21;19080
"Soja total";2024/25;CHACO;"COMANDANTE FERNANDEZ";22;21;4600
"Soja total";2015/16;CHACO;"FRAY JUSTO SANTA MARIA DE ORO";22;43;30200
"Soja total";2016/17;CHACO;"FRAY JUSTO SANTA MARIA DE ORO";22;43;30450
"Soja total";2017/18;CHACO;"FRAY JUSTO SANTA MARIA DE ORO";22;43;56100
"Soja total";2018/19;CHACO;"FRAY JUSTO SANTA MARIA DE ORO";22;43;18718
"Soja total";2019/20;CHACO;"FRAY JUSTO SANTA MARIA DE ORO";22;43;35332
"Soja total";2020/21;CHACO;"FRAY JUSTO SANTA MARIA DE ORO";22;43;28808
"Soja total";2021/22;CHACO;"FRAY JUSTO SANTA MARIA DE ORO";22;43;29937
"Soja total";2022/23;CHACO;"FRAY JUSTO SANTA MARIA DE ORO";22;43;18269
"Soja total";2023/24;CHACO;"FRAY JUSTO SANTA MARIA DE ORO";22;43;14706
"Soja total";2024/25;CHACO;"FRAY JUSTO SANTA MARIA DE ORO";22;43;12802
"Soja total";2015/16;CHACO;"GENERAL BELGRANO";22;49;106680
"Soja total";2016/17;CHACO;"GENERAL BELGRANO";22;49;131670
"Soja total";2017/18;CHACO;"GENERAL BELGRANO";22;49;79758
"Soja total";2018/19;CHACO;"GENERAL BELGRANO";22;49;48507
"Soja total";2019/20;CHACO;"GENERAL BELGRANO";22;49;63801
"Soja total";2020/21;CHACO;"GENERAL BELGRANO";22;49;46489
"Soja total";2021/22;CHACO;"GENERAL BELGRANO";22;49;95300
"Soja total";2022/23;CHACO;"GENERAL BELGRANO";22;49;73845
"Soja total";2023/24;CHACO;"GENERAL BELGRANO";22;49;26426
"Soja total";2024/25;CHACO;"GENERAL BELGRANO";22;49;19210
"Soja total";2015/16;CHACO;"GENERAL GUEMES";22;63;10850
"Soja total";2016/17;CHACO;"GENERAL GUEMES";22;63;15557
"Soja total";2017/18;CHACO;"GENERAL GUEMES";22;63;23076
"Soja total";2018/19;CHACO;"GENERAL GUEMES";22;63;27382
"Soja total";2019/20;CHACO;"GENERAL GUEMES";22;63;37985
"Soja total";2020/21;CHACO;"GENERAL GUEMES";22;63;28202
"Soja total";2021/22;CHACO;"GENERAL GUEMES";22;63;30640
"Soja total";2022/23;CHACO;"GENERAL GUEMES";22;63;26900
"Soja total";2023/24;CHACO;"GENERAL GUEMES";22;63;13960
"Soja total";2024/25;CHACO;"GENERAL GUEMES";22;63;26510
"Soja total";2015/16;CHACO;INDEPENDENCIA;22;70;51800
"Soja total";2016/17;CHACO;INDEPENDENCIA;22;70;119223
"Soja total";2017/18;CHACO;INDEPENDENCIA;22;70;84888
"Soja total";2018/19;CHACO;INDEPENDENCIA;22;70;119369
"Soja total";2019/20;CHACO;INDEPENDENCIA;22;70;116585
"Soja total";2020/21;CHACO;INDEPENDENCIA;22;70;100500
"Soja total";2021/22;CHACO;INDEPENDENCIA;22;70;157620
"Soja total";2022/23;CHACO;INDEPENDENCIA;22;70;78120
"Soja total";2023/24;CHACO;INDEPENDENCIA;22;70;38055
"Soja total";2024/25;CHACO;INDEPENDENCIA;22;70;28200
"Soja total";2015/16;CHACO;"LIBERTADOR GENERAL SAN MARTIN";22;84;751
"Soja total";2016/17;CHACO;"LIBERTADOR GENERAL SAN MARTIN";22;84;2702
"Soja total";2017/18;CHACO;"LIBERTADOR GENERAL SAN MARTIN";22;84;1744
"Soja total";2018/19;CHACO;"LIBERTADOR GENERAL SAN MARTIN";22;84;2440
"Soja total";2019/20;CHACO;"LIBERTADOR GENERAL SAN MARTIN";22;84;2772
"Soja total";2020/21;CHACO;"LIBERTADOR GENERAL SAN MARTIN";22;84;4208
"Soja total";2021/22;CHACO;"LIBERTADOR GENERAL SAN MARTIN";22;84;1170
"Soja total";2022/23;CHACO;"LIBERTADOR GENERAL SAN MARTIN";22;84;1410
"Soja total";2023/24;CHACO;"LIBERTADOR GENERAL SAN MARTIN";22;84;1500
"Soja total";2024/25;CHACO;"LIBERTADOR GENERAL SAN MARTIN";22;84;2660
"Soja total";2015/16;CHACO;MAIPU;22;91;35840
"Soja total";2016/17;CHACO;MAIPU;22;91;53354
"Soja total";2017/18;CHACO;MAIPU;22;91;33497
"Soja total";2018/19;CHACO;MAIPU;22;91;66906
"Soja total";2019/20;CHACO;MAIPU;22;91;66759
"Soja total";2020/21;CHACO;MAIPU;22;91;46920
"Soja total";2021/22;CHACO;MAIPU;22;91;40940
"Soja total";2022/23;CHACO;MAIPU;22;91;52427
"Soja total";2023/24;CHACO;MAIPU;22;91;20500
"Soja total";2024/25;CHACO;MAIPU;22;91;12290
"Soja total";2015/16;CHACO;"MAYOR LUIS J. FONTANA";22;98;36200
"Soja total";2016/17;CHACO;"MAYOR LUIS J. FONTANA";22;98;34810
"Soja total";2017/18;CHACO;"MAYOR LUIS J. FONTANA";22;98;65721
"Soja total";2018/19;CHACO;"MAYOR LUIS J. FONTANA";22;98;29734
"Soja total";2019/20;CHACO;"MAYOR LUIS J. FONTANA";22;98;57294
"Soja total";2020/21;CHACO;"MAYOR LUIS J. FONTANA";22;98;34653
"Soja total";2021/22;CHACO;"MAYOR LUIS J. FONTANA";22;98;49672
"Soja total";2022/23;CHACO;"MAYOR LUIS J. FONTANA";22;98;33975
"Soja total";2023/24;CHACO;"MAYOR LUIS J. FONTANA";22;98;45703
"Soja total";2024/25;CHACO;"MAYOR LUIS J. FONTANA";22;98;23400
"Soja total";2015/16;CHACO;O'HIGGINS;22;112;5250
"Soja total";2016/17;CHACO;O'HIGGINS;22;112;4603
"Soja total";2017/18;CHACO;O'HIGGINS;22;112;9640
"Soja total";2018/19;CHACO;O'HIGGINS;22;112;45594
"Soja total";2019/20;CHACO;O'HIGGINS;22;112;107307
"Soja total";2020/21;CHACO;O'HIGGINS;22;112;88468
"Soja total";2021/22;CHACO;O'HIGGINS;22;112;121850
"Soja total";2022/23;CHACO;O'HIGGINS;22;112;77488
"Soja total";2023/24;CHACO;O'HIGGINS;22;112;56518
"Soja total";2024/25;CHACO;O'HIGGINS;22;112;24063
"Soja total";2015/16;CHACO;QUITILIPI;22;133;6150
"Soja total";2016/17;CHACO;QUITILIPI;22;133;11192
"Soja total";2017/18;CHACO;QUITILIPI;22;133;2020
"Soja total";2018/19;CHACO;QUITILIPI;22;133;10111
"Soja total";2019/20;CHACO;QUITILIPI;22;133;11065
"Soja total";2020/21;CHACO;QUITILIPI;22;133;7410
"Soja total";2021/22;CHACO;QUITILIPI;22;133;4720
"Soja total";2022/23;CHACO;QUITILIPI;22;133;1985
"Soja total";2023/24;CHACO;QUITILIPI;22;133;3353
"Soja total";2024/25;CHACO;QUITILIPI;22;133;730
"Soja total";2015/16;CHACO;"SAN FERNANDO";22;140;3610
"Soja total";2016/17;CHACO;"SAN FERNANDO";22;140;2873
"Soja total";2017/18;CHACO;"SAN FERNANDO";22;140;2808
"Soja total";2018/19;CHACO;"SAN FERNANDO";22;140;2016
"Soja total";2019/20;CHACO;"SAN FERNANDO";22;140;4025
"Soja total";2020/21;CHACO;"SAN FERNANDO";22;140;2947
"Soja total";2021/22;CHACO;"SAN FERNANDO";22;140;1540
"Soja total";2022/23;CHACO;"SAN FERNANDO";22;140;342
"Soja total";2015/16;CHACO;"SAN LORENZO";22;147;3726
"Soja total";2016/17;CHACO;"SAN LORENZO";22;147;3270
"Soja total";2017/18;CHACO;"SAN LORENZO";22;147;5995
"Soja total";2018/19;CHACO;"SAN LORENZO";22;147;2520
"Soja total";2019/20;CHACO;"SAN LORENZO";22;147;4412
"Soja total";2020/21;CHACO;"SAN LORENZO";22;147;3045
"Soja total";2021/22;CHACO;"SAN LORENZO";22;147;1043
"Soja total";2022/23;CHACO;"SAN LORENZO";22;147;1316
"Soja total";2023/24;CHACO;"SAN LORENZO";22;147;1485
"Soja total";2024/25;CHACO;"SAN LORENZO";22;147;2187
"Soja total";2015/16;CHACO;"SARGENTO CABRAL";22;154;3450
"Soja total";2016/17;CHACO;"SARGENTO CABRAL";22;154;2718
"Soja total";2017/18;CHACO;"SARGENTO CABRAL";22;154;4075
"Soja total";2018/19;CHACO;"SARGENTO CABRAL";22;154;3531
"Soja total";2019/20;CHACO;"SARGENTO CABRAL";22;154;4050
"Soja total";2020/21;CHACO;"SARGENTO CABRAL";22;154;2360
"Soja total";2021/22;CHACO;"SARGENTO CABRAL";22;154;2640
"Soja total";2022/23;CHACO;"SARGENTO CABRAL";22;154;770
"Soja total";2023/24;CHACO;"SARGENTO CABRAL";22;154;600
"Soja total";2024/25;CHACO;"SARGENTO CABRAL";22;154;2195
"Soja total";2015/16;CORDOBA;CALAMUCHITA;14;7;157031
"Soja total";2016/17;CORDOBA;CALAMUCHITA;14;7;127328
"Soja total";2017/18;CORDOBA;CALAMUCHITA;14;7;94614
"Soja total";2018/19;CORDOBA;CALAMUCHITA;14;7;102950
"Soja total";2019/20;CORDOBA;CALAMUCHITA;14;7;83512
"Soja total";2020/21;CORDOBA;CALAMUCHITA;14;7;98510
"Soja total";2021/22;CORDOBA;CALAMUCHITA;14;7;75690
"Soja total";2022/23;CORDOBA;CALAMUCHITA;14;7;44685
"Soja total";2023/24;CORDOBA;CALAMUCHITA;14;7;110988
"Soja total";2024/25;CORDOBA;CALAMUCHITA;14;7;102800
"Soja total";2015/16;CORDOBA;CAPITAL;14;14;13088
"Soja total";2016/17;CORDOBA;CAPITAL;14;14;10065
"Soja total";2017/18;CORDOBA;CAPITAL;14;14;10155
"Soja total";2018/19;CORDOBA;CAPITAL;14;14;13788
"Soja total";2019/20;CORDOBA;CAPITAL;14;14;10745
"Soja total";2020/21;CORDOBA;CAPITAL;14;14;20650
"Soja total";2021/22;CORDOBA;CAPITAL;14;14;21740
"Soja total";2022/23;CORDOBA;CAPITAL;14;14;9076
"Soja total";2023/24;CORDOBA;CAPITAL;14;14;21591
"Soja total";2024/25;CORDOBA;CAPITAL;14;14;28292
"Soja total";2015/16;CORDOBA;COLON;14;21;315026
"Soja total";2016/17;CORDOBA;COLON;14;21;268500
"Soja total";2017/18;CORDOBA;COLON;14;21;193602
"Soja total";2018/19;CORDOBA;COLON;14;21;260823
"Soja total";2019/20;CORDOBA;COLON;14;21;197482
"Soja total";2020/21;CORDOBA;COLON;14;21;210993
"Soja total";2021/22;CORDOBA;COLON;14;21;183212
"Soja total";2022/23;CORDOBA;COLON;14;21;109344
"Soja total";2023/24;CORDOBA;COLON;14;21;218435
"Soja total";2024/25;CORDOBA;COLON;14;21;286268
"Soja total";2020/21;CORDOBA;"CRUZ DEL EJE";14;28;10490
"Soja total";2021/22;CORDOBA;"CRUZ DEL EJE";14;28;9240
"Soja total";2022/23;CORDOBA;"CRUZ DEL EJE";14;28;5500
"Soja total";2023/24;CORDOBA;"CRUZ DEL EJE";14;28;42660
"Soja total";2024/25;CORDOBA;"CRUZ DEL EJE";14;28;56820
"Soja total";2015/16;CORDOBA;"GENERAL ROCA";14;35;1565840
"Soja total";2016/17;CORDOBA;"GENERAL ROCA";14;35;1273916
"Soja total";2017/18;CORDOBA;"GENERAL ROCA";14;35;978300
"Soja total";2018/19;CORDOBA;"GENERAL ROCA";14;35;1278730
"Soja total";2019/20;CORDOBA;"GENERAL ROCA";14;35;1032625
"Soja total";2020/21;CORDOBA;"GENERAL ROCA";14;35;970005
"Soja total";2021/22;CORDOBA;"GENERAL ROCA";14;35;1134788
"Soja total";2022/23;CORDOBA;"GENERAL ROCA";14;35;768488
"Soja total";2023/24;CORDOBA;"GENERAL ROCA";14;35;785443
"Soja total";2024/25;CORDOBA;"GENERAL ROCA";14;35;992958
"Soja total";2015/16;CORDOBA;"GENERAL SAN MARTIN";14;42;808432
"Soja total";2016/17;CORDOBA;"GENERAL SAN MARTIN";14;42;583000
"Soja total";2017/18;CORDOBA;"GENERAL SAN MARTIN";14;42;266000
"Soja total";2018/19;CORDOBA;"GENERAL SAN MARTIN";14;42;651000
"Soja total";2019/20;CORDOBA;"GENERAL SAN MARTIN";14;42;567820
"Soja total";2020/21;CORDOBA;"GENERAL SAN MARTIN";14;42;548000
"Soja total";2021/22;CORDOBA;"GENERAL SAN MARTIN";14;42;351300
"Soja total";2022/23;CORDOBA;"GENERAL SAN MARTIN";14;42;108400
"Soja total";2023/24;CORDOBA;"GENERAL SAN MARTIN";14;42;377200
"Soja total";2024/25;CORDOBA;"GENERAL SAN MARTIN";14;42;523720
"Soja total";2015/16;CORDOBA;ISCHILIN;14;49;126000
"Soja total";2016/17;CORDOBA;ISCHILIN;14;49;160900
"Soja total";2017/18;CORDOBA;ISCHILIN;14;49;17728
"Soja total";2018/19;CORDOBA;ISCHILIN;14;49;21191
"Soja total";2019/20;CORDOBA;ISCHILIN;14;49;25789
"Soja total";2020/21;CORDOBA;ISCHILIN;14;49;23127
"Soja total";2021/22;CORDOBA;ISCHILIN;14;49;17472
"Soja total";2022/23;CORDOBA;ISCHILIN;14;49;9125
"Soja total";2023/24;CORDOBA;ISCHILIN;14;49;21422
"Soja total";2024/25;CORDOBA;ISCHILIN;14;49;28094
"Soja total";2015/16;CORDOBA;"JUAREZ CELMAN";14;56;1011736
"Soja total";2016/17;CORDOBA;"JUAREZ CELMAN";14;56;836566
"Soja total";2017/18;CORDOBA;"JUAREZ CELMAN";14;56;344668
"Soja total";2018/19;CORDOBA;"JUAREZ CELMAN";14;56;896000
"Soja total";2019/20;CORDOBA;"JUAREZ CELMAN";14;56;747209
"Soja total";2020/21;CORDOBA;"JUAREZ CELMAN";14;56;878050
"Soja total";2021/22;CORDOBA;"JUAREZ CELMAN";14;56;716310
"Soja total";2022/23;CORDOBA;"JUAREZ CELMAN";14;56;363260
"Soja total";2023/24;CORDOBA;"JUAREZ CELMAN";14;56;860426
"Soja total";2024/25;CORDOBA;"JUAREZ CELMAN";14;56;867500
"Soja total";2015/16;CORDOBA;"MARCOS JUAREZ";14;63;1855809
"Soja total";2016/17;CORDOBA;"MARCOS JUAREZ";14;63;1744545
"Soja total";2017/18;CORDOBA;"MARCOS JUAREZ";14;63;1706633
"Soja total";2018/19;CORDOBA;"MARCOS JUAREZ";14;63;1856385
"Soja total";2019/20;CORDOBA;"MARCOS JUAREZ";14;63;1886508
"Soja total";2020/21;CORDOBA;"MARCOS JUAREZ";14;63;1673625
"Soja total";2021/22;CORDOBA;"MARCOS JUAREZ";14;63;1597560
"Soja total";2022/23;CORDOBA;"MARCOS JUAREZ";14;63;857102
"Soja total";2023/24;CORDOBA;"MARCOS JUAREZ";14;63;1759990
"Soja total";2024/25;CORDOBA;"MARCOS JUAREZ";14;63;1857960
"Soja total";2015/16;CORDOBA;POCHO;14;77;4050
"Soja total";2016/17;CORDOBA;POCHO;14;77;3780
"Soja total";2017/18;CORDOBA;POCHO;14;77;3375
"Soja total";2018/19;CORDOBA;POCHO;14;77;3750
"Soja total";2019/20;CORDOBA;POCHO;14;77;4000
"Soja total";2020/21;CORDOBA;POCHO;14;77;5600
"Soja total";2021/22;CORDOBA;POCHO;14;77;5800
"Soja total";2022/23;CORDOBA;POCHO;14;77;2400
"Soja total";2023/24;CORDOBA;POCHO;14;77;5480
"Soja total";2024/25;CORDOBA;POCHO;14;77;10080
"Soja total";2015/16;CORDOBA;"PRESIDENTE ROQUE SAENZ PENA";14;84;1190320
"Soja total";2016/17;CORDOBA;"PRESIDENTE ROQUE SAENZ PENA";14;84;895964
"Soja total";2017/18;CORDOBA;"PRESIDENTE ROQUE SAENZ PENA";14;84;707120
"Soja total";2018/19;CORDOBA;"PRESIDENTE ROQUE SAENZ PENA";14;84;1083595
"Soja total";2019/20;CORDOBA;"PRESIDENTE ROQUE SAENZ PENA";14;84;915472
"Soja total";2020/21;CORDOBA;"PRESIDENTE ROQUE SAENZ PENA";14;84;854408
"Soja total";2021/22;CORDOBA;"PRESIDENTE ROQUE SAENZ PENA";14;84;839480
"Soja total";2022/23;CORDOBA;"PRESIDENTE ROQUE SAENZ PENA";14;84;650046
"Soja total";2023/24;CORDOBA;"PRESIDENTE ROQUE SAENZ PENA";14;84;756174
"Soja total";2024/25;CORDOBA;"PRESIDENTE ROQUE SAENZ PENA";14;84;740671
"Soja total";2015/16;CORDOBA;"RIO CUARTO";14;98;2637503
"Soja total";2016/17;CORDOBA;"RIO CUARTO";14;98;1910259
"Soja total";2017/18;CORDOBA;"RIO CUARTO";14;98;926382
"Soja total";2018/19;CORDOBA;"RIO CUARTO";14;98;1805370
"Soja total";2019/20;CORDOBA;"RIO CUARTO";14;98;1759168
"Soja total";2020/21;CORDOBA;"RIO CUARTO";14;98;1794090
"Soja total";2021/22;CORDOBA;"RIO CUARTO";14;98;1581600
"Soja total";2022/23;CORDOBA;"RIO CUARTO";14;98;878100
"Soja total";2023/24;CORDOBA;"RIO CUARTO";14;98;1954480
"Soja total";2024/25;CORDOBA;"RIO CUARTO";14;98;1627700
"Soja total";2015/16;CORDOBA;"RIO PRIMERO";14;105;1144150
"Soja total";2016/17;CORDOBA;"RIO PRIMERO";14;105;1202500
"Soja total";2017/18;CORDOBA;"RIO PRIMERO";14;105;546024
"Soja total";2018/19;CORDOBA;"RIO PRIMERO";14;105;876753
"Soja total";2019/20;CORDOBA;"RIO PRIMERO";14;105;699593
"Soja total";2020/21;CORDOBA;"RIO PRIMERO";14;105;881581
"Soja total";2021/22;CORDOBA;"RIO PRIMERO";14;105;707983
"Soja total";2022/23;CORDOBA;"RIO PRIMERO";14;105;405515
"Soja total";2023/24;CORDOBA;"RIO PRIMERO";14;105;801787
"Soja total";2024/25;CORDOBA;"RIO PRIMERO";14;105;1175190
"Soja total";2015/16;CORDOBA;"RIO SECO";14;112;242596
"Soja total";2016/17;CORDOBA;"RIO SECO";14;112;217500
"Soja total";2017/18;CORDOBA;"RIO SECO";14;112;221634
"Soja total";2018/19;CORDOBA;"RIO SECO";14;112;195067
"Soja total";2019/20;CORDOBA;"RIO SECO";14;112;155445
"Soja total";2020/21;CORDOBA;"RIO SECO";14;112;184474
"Soja total";2021/22;CORDOBA;"RIO SECO";14;112;152333
"Soja total";2022/23;CORDOBA;"RIO SECO";14;112;89637
"Soja total";2023/24;CORDOBA;"RIO SECO";14;112;195151
"Soja total";2024/25;CORDOBA;"RIO SECO";14;112;240718
"Soja total";2015/16;CORDOBA;"RIO SEGUNDO";14;119;1101847
"Soja total";2016/17;CORDOBA;"RIO SEGUNDO";14;119;859600
"Soja total";2017/18;CORDOBA;"RIO SEGUNDO";14;119;618200
"Soja total";2018/19;CORDOBA;"RIO SEGUNDO";14;119;983648
"Soja total";2019/20;CORDOBA;"RIO SEGUNDO";14;119;787500
"Soja total";2020/21;CORDOBA;"RIO SEGUNDO";14;119;760500
"Soja total";2021/22;CORDOBA;"RIO SEGUNDO";14;119;644000
"Soja total";2022/23;CORDOBA;"RIO SEGUNDO";14;119;200000
"Soja total";2023/24;CORDOBA;"RIO SEGUNDO";14;119;548650
"Soja total";2024/25;CORDOBA;"RIO SEGUNDO";14;119;742880
"Soja total";2015/16;CORDOBA;"SAN ALBERTO";14;126;5940
"Soja total";2016/17;CORDOBA;"SAN ALBERTO";14;126;5400
"Soja total";2017/18;CORDOBA;"SAN ALBERTO";14;126;5000
"Soja total";2018/19;CORDOBA;"SAN ALBERTO";14;126;7000
"Soja total";2019/20;CORDOBA;"SAN ALBERTO";14;126;4000
"Soja total";2020/21;CORDOBA;"SAN ALBERTO";14;126;5600
"Soja total";2021/22;CORDOBA;"SAN ALBERTO";14;126;5800
"Soja total";2022/23;CORDOBA;"SAN ALBERTO";14;126;2000
"Soja total";2023/24;CORDOBA;"SAN ALBERTO";14;126;6060
"Soja total";2024/25;CORDOBA;"SAN ALBERTO";14;126;22400
"Soja total";2015/16;CORDOBA;"SAN JAVIER";14;133;36000
"Soja total";2016/17;CORDOBA;"SAN JAVIER";14;133;32580
"Soja total";2017/18;CORDOBA;"SAN JAVIER";14;133;30190
"Soja total";2018/19;CORDOBA;"SAN JAVIER";14;133;36050
"Soja total";2019/20;CORDOBA;"SAN JAVIER";14;133;33360
"Soja total";2020/21;CORDOBA;"SAN JAVIER";14;133;34040
"Soja total";2021/22;CORDOBA;"SAN JAVIER";14;133;31860
"Soja total";2022/23;CORDOBA;"SAN JAVIER";14;133;20000
"Soja total";2023/24;CORDOBA;"SAN JAVIER";14;133;35732
"Soja total";2024/25;CORDOBA;"SAN JAVIER";14;133;21550
"Soja total";2015/16;CORDOBA;"SAN JUSTO";14;140;1794687
"Soja total";2016/17;CORDOBA;"SAN JUSTO";14;140;2191100
"Soja total";2017/18;CORDOBA;"SAN JUSTO";14;140;1358718
"Soja total";2018/19;CORDOBA;"SAN JUSTO";14;140;1689548
"Soja total";2019/20;CORDOBA;"SAN JUSTO";14;140;1339542
"Soja total";2020/21;CORDOBA;"SAN JUSTO";14;140;1512406
"Soja total";2021/22;CORDOBA;"SAN JUSTO";14;140;1277803
"Soja total";2022/23;CORDOBA;"SAN JUSTO";14;140;630100
"Soja total";2023/24;CORDOBA;"SAN JUSTO";14;140;1415025
"Soja total";2024/25;CORDOBA;"SAN JUSTO";14;140;1920750
"Soja total";2015/16;CORDOBA;"SANTA MARIA";14;147;437471
"Soja total";2016/17;CORDOBA;"SANTA MARIA";14;147;262120
"Soja total";2017/18;CORDOBA;"SANTA MARIA";14;147;244860
"Soja total";2018/19;CORDOBA;"SANTA MARIA";14;147;362985
"Soja total";2019/20;CORDOBA;"SANTA MARIA";14;147;235200
"Soja total";2020/21;CORDOBA;"SANTA MARIA";14;147;370560
"Soja total";2021/22;CORDOBA;"SANTA MARIA";14;147;198120
"Soja total";2022/23;CORDOBA;"SANTA MARIA";14;147;84240
"Soja total";2023/24;CORDOBA;"SANTA MARIA";14;147;209850
"Soja total";2024/25;CORDOBA;"SANTA MARIA";14;147;347782
"Soja total";2015/16;CORDOBA;SOBREMONTE;14;154;20000
"Soja total";2016/17;CORDOBA;SOBREMONTE;14;154;15000
"Soja total";2015/16;CORDOBA;"TERCERO ARRIBA";14;161;1039604
"Soja total";2016/17;CORDOBA;"TERCERO ARRIBA";14;161;957400
"Soja total";2017/18;CORDOBA;"TERCERO ARRIBA";14;161;500200
"Soja total";2018/19;CORDOBA;"TERCERO ARRIBA";14;161;1077786
"Soja total";2019/20;CORDOBA;"TERCERO ARRIBA";14;161;735660
"Soja total";2020/21;CORDOBA;"TERCERO ARRIBA";14;161;804340
"Soja total";2021/22;CORDOBA;"TERCERO ARRIBA";14;161;572500
"Soja total";2022/23;CORDOBA;"TERCERO ARRIBA";14;161;221200
"Soja total";2023/24;CORDOBA;"TERCERO ARRIBA";14;161;624300
"Soja total";2024/25;CORDOBA;"TERCERO ARRIBA";14;161;911000
"Soja total";2015/16;CORDOBA;TOTORAL;14;168;352875
"Soja total";2016/17;CORDOBA;TOTORAL;14;168;389500
"Soja total";2017/18;CORDOBA;TOTORAL;14;168;337935
"Soja total";2018/19;CORDOBA;TOTORAL;14;168;330805
"Soja total";2019/20;CORDOBA;TOTORAL;14;168;336830
"Soja total";2020/21;CORDOBA;TOTORAL;14;168;333862
"Soja total";2021/22;CORDOBA;TOTORAL;14;168;270505
"Soja total";2022/23;CORDOBA;TOTORAL;14;168;128453
"Soja total";2023/24;CORDOBA;TOTORAL;14;168;281284
"Soja total";2024/25;CORDOBA;TOTORAL;14;168;377754
"Soja total";2015/16;CORDOBA;TULUMBA;14;175;252351
"Soja total";2016/17;CORDOBA;TULUMBA;14;175;224700
"Soja total";2017/18;CORDOBA;TULUMBA;14;175;220196
"Soja total";2018/19;CORDOBA;TULUMBA;14;175;217615
"Soja total";2019/20;CORDOBA;TULUMBA;14;175;168629
"Soja total";2020/21;CORDOBA;TULUMBA;14;175;202696
"Soja total";2021/22;CORDOBA;TULUMBA;14;175;167174
"Soja total";2022/23;CORDOBA;TULUMBA;14;175;79892
"Soja total";2023/24;CORDOBA;TULUMBA;14;175;164764
"Soja total";2024/25;CORDOBA;TULUMBA;14;175;229839
"Soja total";2015/16;CORDOBA;UNION;14;182;1810613
"Soja total";2016/17;CORDOBA;UNION;14;182;1487565
"Soja total";2017/18;CORDOBA;UNION;14;182;1401353
"Soja total";2018/19;CORDOBA;UNION;14;182;1604716
"Soja total";2019/20;CORDOBA;UNION;14;182;1741592
"Soja total";2020/21;CORDOBA;UNION;14;182;1447545
"Soja total";2021/22;CORDOBA;UNION;14;182;1348256
"Soja total";2022/23;CORDOBA;UNION;14;182;597450
"Soja total";2023/24;CORDOBA;UNION;14;182;1465480
"Soja total";2024/25;CORDOBA;UNION;14;182;1515870
"Soja total";2024/25;CORRIENTES;"BELLA VISTA";18;7;415
"Soja total";2018/19;CORRIENTES;"BERON DE ASTRADA";18;14;130
"Soja total";2019/20;CORRIENTES;"BERON DE ASTRADA";18;14;130
"Soja total";2020/21;CORRIENTES;"BERON DE ASTRADA";18;14;130
"Soja total";2021/22;CORRIENTES;"BERON DE ASTRADA";18;14;75
"Soja total";2018/19;CORRIENTES;CONCEPCION;18;28;130
"Soja total";2019/20;CORRIENTES;CONCEPCION;18;28;130
"Soja total";2020/21;CORRIENTES;CONCEPCION;18;28;130
"Soja total";2021/22;CORRIENTES;CONCEPCION;18;28;75
"Soja total";2018/19;CORRIENTES;"CURUZU CUATIA";18;35;2257
"Soja total";2019/20;CORRIENTES;"CURUZU CUATIA";18;35;2043
"Soja total";2020/21;CORRIENTES;"CURUZU CUATIA";18;35;2043
"Soja total";2021/22;CORRIENTES;"CURUZU CUATIA";18;35;1133
"Soja total";2022/23;CORRIENTES;"CURUZU CUATIA";18;35;1233
"Soja total";2023/24;CORRIENTES;"CURUZU CUATIA";18;35;3300
"Soja total";2024/25;CORRIENTES;"CURUZU CUATIA";18;35;1520
"Soja total";2024/25;CORRIENTES;EMPEDRADO;18;42;0
"Soja total";2018/19;CORRIENTES;ESQUINA;18;49;350
"Soja total";2019/20;CORRIENTES;ESQUINA;18;49;364
"Soja total";2020/21;CORRIENTES;ESQUINA;18;49;364
"Soja total";2021/22;CORRIENTES;ESQUINA;18;49;210
"Soja total";2022/23;CORRIENTES;ESQUINA;18;49;255
"Soja total";2023/24;CORRIENTES;ESQUINA;18;49;2700
"Soja total";2024/25;CORRIENTES;ESQUINA;18;49;800
"Soja total";2018/19;CORRIENTES;GOYA;18;70;364
"Soja total";2019/20;CORRIENTES;GOYA;18;70;364
"Soja total";2020/21;CORRIENTES;GOYA;18;70;364
"Soja total";2021/22;CORRIENTES;GOYA;18;70;210
"Soja total";2022/23;CORRIENTES;ITUZAINGO;18;84;675
"Soja total";2018/19;CORRIENTES;MERCEDES;18;105;130
"Soja total";2019/20;CORRIENTES;MERCEDES;18;105;130
"Soja total";2020/21;CORRIENTES;MERCEDES;18;105;130
"Soja total";2021/22;CORRIENTES;MERCEDES;18;105;75
"Soja total";2022/23;CORRIENTES;MERCEDES;18;105;300
"Soja total";2023/24;CORRIENTES;MERCEDES;18;105;2700
"Soja total";2024/25;CORRIENTES;MERCEDES;18;105;2800
"Soja total";2018/19;CORRIENTES;SALADAS;18;126;1040
"Soja total";2019/20;CORRIENTES;SALADAS;18;126;1040
"Soja total";2020/21;CORRIENTES;SALADAS;18;126;1040
"Soja total";2021/22;CORRIENTES;SALADAS;18;126;600
"Soja total";2022/23;CORRIENTES;SALADAS;18;126;600
"Soja total";2023/24;CORRIENTES;SALADAS;18;126;2700
"Soja total";2024/25;CORRIENTES;SALADAS;18;126;0
"Soja total";2018/19;CORRIENTES;"SAN MIGUEL";18;154;4320
"Soja total";2019/20;CORRIENTES;"SAN MIGUEL";18;154;4160
"Soja total";2020/21;CORRIENTES;"SAN MIGUEL";18;154;4160
"Soja total";2021/22;CORRIENTES;"SAN MIGUEL";18;154;2400
"Soja total";2022/23;CORRIENTES;"SAN MIGUEL";18;154;2400
"Soja total";2023/24;CORRIENTES;"SAN MIGUEL";18;154;675
"Soja total";2024/25;CORRIENTES;"SAN MIGUEL";18;154;0
"Soja total";2018/19;CORRIENTES;"SAN ROQUE";18;161;78
"Soja total";2019/20;CORRIENTES;"SAN ROQUE";18;161;78
"Soja total";2020/21;CORRIENTES;"SAN ROQUE";18;161;78
"Soja total";2021/22;CORRIENTES;"SAN ROQUE";18;161;45
"Soja total";2022/23;CORRIENTES;"SAN ROQUE";18;161;225
"Soja total";2023/24;CORRIENTES;"SAN ROQUE";18;161;945
"Soja total";2024/25;CORRIENTES;"SAN ROQUE";18;161;175
"Soja total";2018/19;CORRIENTES;SAUCE;18;175;4913
"Soja total";2019/20;CORRIENTES;SAUCE;18;175;4635
"Soja total";2020/21;CORRIENTES;SAUCE;18;175;4635
"Soja total";2021/22;CORRIENTES;SAUCE;18;175;2613
"Soja total";2022/23;CORRIENTES;SAUCE;18;175;2813
"Soja total";2023/24;CORRIENTES;SAUCE;18;175;2880
"Soja total";2024/25;CORRIENTES;SAUCE;18;175;2300
"Soja total";2015/16;CORRIENTES;"SIN DEFINIR";18;0;41400
"Soja total";2016/17;CORRIENTES;"SIN DEFINIR";18;0;40000
"Soja total";2017/18;CORRIENTES;"SIN DEFINIR";18;0;40000
"Soja total";2015/16;"ENTRE RIOS";COLON;30;8;62180
"Soja total";2016/17;"ENTRE RIOS";COLON;30;8;87183
"Soja total";2017/18;"ENTRE RIOS";COLON;30;8;17500
"Soja total";2018/19;"ENTRE RIOS";COLON;30;8;94185
"Soja total";2019/20;"ENTRE RIOS";COLON;30;8;63800
"Soja total";2020/21;"ENTRE RIOS";COLON;30;8;49000
"Soja total";2021/22;"ENTRE RIOS";COLON;30;8;55210
"Soja total";2022/23;"ENTRE RIOS";COLON;30;8;13475
"Soja total";2023/24;"ENTRE RIOS";COLON;30;8;63520
"Soja total";2024/25;"ENTRE RIOS";COLON;30;8;76440
"Soja total";2015/16;"ENTRE RIOS";CONCORDIA;30;15;49400
"Soja total";2016/17;"ENTRE RIOS";CONCORDIA;30;15;83740
"Soja total";2017/18;"ENTRE RIOS";CONCORDIA;30;15;33600
"Soja total";2018/19;"ENTRE RIOS";CONCORDIA;30;15;70300
"Soja total";2019/20;"ENTRE RIOS";CONCORDIA;30;15;52180
"Soja total";2020/21;"ENTRE RIOS";CONCORDIA;30;15;51100
"Soja total";2021/22;"ENTRE RIOS";CONCORDIA;30;15;40330
"Soja total";2022/23;"ENTRE RIOS";CONCORDIA;30;15;17798
"Soja total";2023/24;"ENTRE RIOS";CONCORDIA;30;15;44205
"Soja total";2024/25;"ENTRE RIOS";CONCORDIA;30;15;48400
"Soja total";2015/16;"ENTRE RIOS";DIAMANTE;30;21;154000
"Soja total";2016/17;"ENTRE RIOS";DIAMANTE;30;21;195650
"Soja total";2017/18;"ENTRE RIOS";DIAMANTE;30;21;67720
"Soja total";2018/19;"ENTRE RIOS";DIAMANTE;30;21;163545
"Soja total";2019/20;"ENTRE RIOS";DIAMANTE;30;21;129425
"Soja total";2020/21;"ENTRE RIOS";DIAMANTE;30;21;122500
"Soja total";2021/22;"ENTRE RIOS";DIAMANTE;30;21;133250
"Soja total";2022/23;"ENTRE RIOS";DIAMANTE;30;21;38988
"Soja total";2023/24;"ENTRE RIOS";DIAMANTE;30;21;108630
"Soja total";2024/25;"ENTRE RIOS";DIAMANTE;30;21;153460
"Soja total";2015/16;"ENTRE RIOS";FEDERACION;30;28;19800
"Soja total";2016/17;"ENTRE RIOS";FEDERACION;30;28;29920
"Soja total";2017/18;"ENTRE RIOS";FEDERACION;30;28;14900
"Soja total";2018/19;"ENTRE RIOS";FEDERACION;30;28;35900
"Soja total";2019/20;"ENTRE RIOS";FEDERACION;30;28;25760
"Soja total";2020/21;"ENTRE RIOS";FEDERACION;30;28;26500
"Soja total";2021/22;"ENTRE RIOS";FEDERACION;30;28;20065
"Soja total";2022/23;"ENTRE RIOS";FEDERACION;30;28;9960
"Soja total";2023/24;"ENTRE RIOS";FEDERACION;30;28;21645
"Soja total";2024/25;"ENTRE RIOS";FEDERACION;30;28;24025
"Soja total";2015/16;"ENTRE RIOS";FEDERAL;30;35;65200
"Soja total";2016/17;"ENTRE RIOS";FEDERAL;30;35;113540
"Soja total";2017/18;"ENTRE RIOS";FEDERAL;30;35;45100
"Soja total";2018/19;"ENTRE RIOS";FEDERAL;30;35;102700
"Soja total";2019/20;"ENTRE RIOS";FEDERAL;30;35;75630
"Soja total";2020/21;"ENTRE RIOS";FEDERAL;30;35;73338
"Soja total";2021/22;"ENTRE RIOS";FEDERAL;30;35;62270
"Soja total";2022/23;"ENTRE RIOS";FEDERAL;30;35;29615
"Soja total";2023/24;"ENTRE RIOS";FEDERAL;30;35;66710
"Soja total";2024/25;"ENTRE RIOS";FEDERAL;30;35;72890
"Soja total";2015/16;"ENTRE RIOS";FELICIANO;30;42;15200
"Soja total";2016/17;"ENTRE RIOS";FELICIANO;30;42;27800
"Soja total";2017/18;"ENTRE RIOS";FELICIANO;30;42;9780
"Soja total";2018/19;"ENTRE RIOS";FELICIANO;30;42;30688
"Soja total";2019/20;"ENTRE RIOS";FELICIANO;30;42;27300
"Soja total";2020/21;"ENTRE RIOS";FELICIANO;30;42;32300
"Soja total";2021/22;"ENTRE RIOS";FELICIANO;30;42;29155
"Soja total";2022/23;"ENTRE RIOS";FELICIANO;30;42;13156
"Soja total";2023/24;"ENTRE RIOS";FELICIANO;30;42;31000
"Soja total";2024/25;"ENTRE RIOS";FELICIANO;30;42;34120
"Soja total";2015/16;"ENTRE RIOS";GUALEGUAY;30;49;216300
"Soja total";2016/17;"ENTRE RIOS";GUALEGUAY;30;49;288460
"Soja total";2017/18;"ENTRE RIOS";GUALEGUAY;30;49;138900
"Soja total";2018/19;"ENTRE RIOS";GUALEGUAY;30;49;260635
"Soja total";2019/20;"ENTRE RIOS";GUALEGUAY;30;49;161850
"Soja total";2020/21;"ENTRE RIOS";GUALEGUAY;30;49;85300
"Soja total";2021/22;"ENTRE RIOS";GUALEGUAY;30;49;223300
"Soja total";2022/23;"ENTRE RIOS";GUALEGUAY;30;49;41160
"Soja total";2023/24;"ENTRE RIOS";GUALEGUAY;30;49;199150
"Soja total";2024/25;"ENTRE RIOS";GUALEGUAY;30;49;278815
"Soja total";2015/16;"ENTRE RIOS";GUALEGUAYCHU;30;56;351900
"Soja total";2016/17;"ENTRE RIOS";GUALEGUAYCHU;30;56;515605
"Soja total";2017/18;"ENTRE RIOS";GUALEGUAYCHU;30;56;210500
"Soja total";2018/19;"ENTRE RIOS";GUALEGUAYCHU;30;56;443370
"Soja total";2019/20;"ENTRE RIOS";GUALEGUAYCHU;30;56;319600
"Soja total";2020/21;"ENTRE RIOS";GUALEGUAYCHU;30;56;165560
"Soja total";2021/22;"ENTRE RIOS";GUALEGUAYCHU;30;56;372985
"Soja total";2022/23;"ENTRE RIOS";GUALEGUAYCHU;30;56;76520
"Soja total";2023/24;"ENTRE RIOS";GUALEGUAYCHU;30;56;447890
"Soja total";2024/25;"ENTRE RIOS";GUALEGUAYCHU;30;56;582755
"Soja total";2015/16;"ENTRE RIOS";"LA PAZ";30;70;214800
"Soja total";2016/17;"ENTRE RIOS";"LA PAZ";30;70;312200
"Soja total";2017/18;"ENTRE RIOS";"LA PAZ";30;70;165750
"Soja total";2018/19;"ENTRE RIOS";"LA PAZ";30;70;298700
"Soja total";2019/20;"ENTRE RIOS";"LA PAZ";30;70;254570
"Soja total";2020/21;"ENTRE RIOS";"LA PAZ";30;70;265860
"Soja total";2021/22;"ENTRE RIOS";"LA PAZ";30;70;212600
"Soja total";2022/23;"ENTRE RIOS";"LA PAZ";30;70;89180
"Soja total";2023/24;"ENTRE RIOS";"LA PAZ";30;70;240450
"Soja total";2024/25;"ENTRE RIOS";"LA PAZ";30;70;298700
"Soja total";2015/16;"ENTRE RIOS";NOGOYA;30;77;238000
"Soja total";2016/17;"ENTRE RIOS";NOGOYA;30;77;353455
"Soja total";2017/18;"ENTRE RIOS";NOGOYA;30;77;110400
"Soja total";2018/19;"ENTRE RIOS";NOGOYA;30;77;268300
"Soja total";2019/20;"ENTRE RIOS";NOGOYA;30;77;206775
"Soja total";2020/21;"ENTRE RIOS";NOGOYA;30;77;160000
"Soja total";2021/22;"ENTRE RIOS";NOGOYA;30;77;224030
"Soja total";2022/23;"ENTRE RIOS";NOGOYA;30;77;46860
"Soja total";2023/24;"ENTRE RIOS";NOGOYA;30;77;291160
"Soja total";2024/25;"ENTRE RIOS";NOGOYA;30;77;329370
"Soja total";2015/16;"ENTRE RIOS";PARANA;30;84;324000
"Soja total";2016/17;"ENTRE RIOS";PARANA;30;84;549350
"Soja total";2017/18;"ENTRE RIOS";PARANA;30;84;185900
"Soja total";2018/19;"ENTRE RIOS";PARANA;30;84;410563
"Soja total";2019/20;"ENTRE RIOS";PARANA;30;84;319550
"Soja total";2020/21;"ENTRE RIOS";PARANA;30;84;295590
"Soja total";2021/22;"ENTRE RIOS";PARANA;30;84;311950
"Soja total";2022/23;"ENTRE RIOS";PARANA;30;84;98220
"Soja total";2023/24;"ENTRE RIOS";PARANA;30;84;301830
"Soja total";2024/25;"ENTRE RIOS";PARANA;30;84;414000
"Soja total";2015/16;"ENTRE RIOS";"SAN SALVADOR";30;88;44820
"Soja total";2016/17;"ENTRE RIOS";"SAN SALVADOR";30;88;62136
"Soja total";2017/18;"ENTRE RIOS";"SAN SALVADOR";30;88;15600
"Soja total";2018/19;"ENTRE RIOS";"SAN SALVADOR";30;88;49480
"Soja total";2019/20;"ENTRE RIOS";"SAN SALVADOR";30;88;40500
"Soja total";2020/21;"ENTRE RIOS";"SAN SALVADOR";30;88;39900
"Soja total";2021/22;"ENTRE RIOS";"SAN SALVADOR";30;88;43380
"Soja total";2022/23;"ENTRE RIOS";"SAN SALVADOR";30;88;7050
"Soja total";2023/24;"ENTRE RIOS";"SAN SALVADOR";30;88;52200
"Soja total";2024/25;"ENTRE RIOS";"SAN SALVADOR";30;88;68640
"Soja total";2015/16;"ENTRE RIOS";TALA;30;91;113300
"Soja total";2016/17;"ENTRE RIOS";TALA;30;91;163065
"Soja total";2017/18;"ENTRE RIOS";TALA;30;91;67000
"Soja total";2018/19;"ENTRE RIOS";TALA;30;91;155500
"Soja total";2019/20;"ENTRE RIOS";TALA;30;91;131940
"Soja total";2020/21;"ENTRE RIOS";TALA;30;91;87100
"Soja total";2021/22;"ENTRE RIOS";TALA;30;91;128250
"Soja total";2022/23;"ENTRE RIOS";TALA;30;91;27600
"Soja total";2023/24;"ENTRE RIOS";TALA;30;91;136820
"Soja total";2024/25;"ENTRE RIOS";TALA;30;91;168220
"Soja total";2015/16;"ENTRE RIOS";URUGUAY;30;98;259000
"Soja total";2016/17;"ENTRE RIOS";URUGUAY;30;98;366340
"Soja total";2017/18;"ENTRE RIOS";URUGUAY;30;98;96500
"Soja total";2018/19;"ENTRE RIOS";URUGUAY;30;98;319850
"Soja total";2019/20;"ENTRE RIOS";URUGUAY;30;98;247470
"Soja total";2020/21;"ENTRE RIOS";URUGUAY;30;98;188920
"Soja total";2021/22;"ENTRE RIOS";URUGUAY;30;98;283080
"Soja total";2022/23;"ENTRE RIOS";URUGUAY;30;98;53400
"Soja total";2023/24;"ENTRE RIOS";URUGUAY;30;98;287390
"Soja total";2024/25;"ENTRE RIOS";URUGUAY;30;98;311155
"Soja total";2015/16;"ENTRE RIOS";VICTORIA;30;105;212600
"Soja total";2016/17;"ENTRE RIOS";VICTORIA;30;105;251045
"Soja total";2017/18;"ENTRE RIOS";VICTORIA;30;105;127050
"Soja total";2018/19;"ENTRE RIOS";VICTORIA;30;105;259410
"Soja total";2019/20;"ENTRE RIOS";VICTORIA;30;105;165320
"Soja total";2020/21;"ENTRE RIOS";VICTORIA;30;105;102750
"Soja total";2021/22;"ENTRE RIOS";VICTORIA;30;105;181200
"Soja total";2022/23;"ENTRE RIOS";VICTORIA;30;105;37770
"Soja total";2023/24;"ENTRE RIOS";VICTORIA;30;105;201330
"Soja total";2024/25;"ENTRE RIOS";VICTORIA;30;105;241345
"Soja total";2015/16;"ENTRE RIOS";VILLAGUAY;30;113;220650
"Soja total";2016/17;"ENTRE RIOS";VILLAGUAY;30;113;302100
"Soja total";2017/18;"ENTRE RIOS";VILLAGUAY;30;113;62000
"Soja total";2018/19;"ENTRE RIOS";VILLAGUAY;30;113;289150
"Soja total";2019/20;"ENTRE RIOS";VILLAGUAY;30;113;267650
"Soja total";2020/21;"ENTRE RIOS";VILLAGUAY;30;113;228800
"Soja total";2021/22;"ENTRE RIOS";VILLAGUAY;30;113;244700
"Soja total";2022/23;"ENTRE RIOS";VILLAGUAY;30;113;34200
"Soja total";2023/24;"ENTRE RIOS";VILLAGUAY;30;113;218215
"Soja total";2024/25;"ENTRE RIOS";VILLAGUAY;30;113;269880
"Soja total";2021/22;FORMOSA;BERMEJO;34;7;770
"Soja total";2022/23;FORMOSA;BERMEJO;34;7;1000
"Soja total";2023/24;FORMOSA;BERMEJO;34;7;4300
"Soja total";2024/25;FORMOSA;BERMEJO;34;7;9828
"Soja total";2023/24;FORMOSA;FORMOSA;34;14;330
"Soja total";2024/25;FORMOSA;FORMOSA;34;14;574
"Soja total";2018/19;FORMOSA;LAISHI;34;21;60500
"Soja total";2021/22;FORMOSA;LAISHI;34;21;4470
"Soja total";2022/23;FORMOSA;LAISHI;34;21;7660
"Soja total";2023/24;FORMOSA;LAISHI;34;21;2603
"Soja total";2024/25;FORMOSA;LAISHI;34;21;4168
"Soja total";2021/22;FORMOSA;PATINO;34;35;9085
"Soja total";2022/23;FORMOSA;PATINO;34;35;4620
"Soja total";2023/24;FORMOSA;PATINO;34;35;1930
"Soja total";2024/25;FORMOSA;PATINO;34;35;6720
"Soja total";2021/22;FORMOSA;PILAGAS;34;42;504
"Soja total";2022/23;FORMOSA;PILAGAS;34;42;1600
"Soja total";2023/24;FORMOSA;PILAGAS;34;42;500
"Soja total";2024/25;FORMOSA;PILAGAS;34;42;1170
"Soja total";2021/22;FORMOSA;PILCOMAYO;34;49;1013
"Soja total";2022/23;FORMOSA;PILCOMAYO;34;49;840
"Soja total";2023/24;FORMOSA;PILCOMAYO;34;49;650
"Soja total";2024/25;FORMOSA;PILCOMAYO;34;49;1494
"Soja total";2021/22;FORMOSA;PIRANE;34;56;12870
"Soja total";2022/23;FORMOSA;PIRANE;34;56;14330
"Soja total";2023/24;FORMOSA;PIRANE;34;56;6200
"Soja total";2024/25;FORMOSA;PIRANE;34;56;14846
"Soja total";2015/16;FORMOSA;"SIN DEFINIR";34;0;35800
"Soja total";2016/17;FORMOSA;"SIN DEFINIR";34;0;45125
"Soja total";2017/18;FORMOSA;"SIN DEFINIR";34;0;61250
"Soja total";2019/20;FORMOSA;"SIN DEFINIR";34;0;17500
"Soja total";2020/21;FORMOSA;"SIN DEFINIR";34;0;8490
"Soja total";2015/16;JUJUY;"DR. MANUEL BELGRANO";38;21;166
"Soja total";2016/17;JUJUY;"DR. MANUEL BELGRANO";38;21;182
"Soja total";2017/18;JUJUY;"DR. MANUEL BELGRANO";38;21;231
"Soja total";2018/19;JUJUY;"DR. MANUEL BELGRANO";38;21;616
"Soja total";2019/20;JUJUY;"DR. MANUEL BELGRANO";38;21;1650
"Soja total";2020/21;JUJUY;"DR. MANUEL BELGRANO";38;21;1848
"Soja total";2021/22;JUJUY;"DR. MANUEL BELGRANO";38;21;749
"Soja total";2022/23;JUJUY;"DR. MANUEL BELGRANO";38;21;432
"Soja total";2023/24;JUJUY;"DR. MANUEL BELGRANO";38;21;646
"Soja total";2024/25;JUJUY;"DR. MANUEL BELGRANO";38;21;568
"Soja total";2015/16;JUJUY;"EL CARMEN";38;14;1490
"Soja total";2016/17;JUJUY;"EL CARMEN";38;14;1244
"Soja total";2017/18;JUJUY;"EL CARMEN";38;14;1523
"Soja total";2018/19;JUJUY;"EL CARMEN";38;14;2100
"Soja total";2019/20;JUJUY;"EL CARMEN";38;14;2125
"Soja total";2020/21;JUJUY;"EL CARMEN";38;14;4232
"Soja total";2021/22;JUJUY;"EL CARMEN";38;14;3840
"Soja total";2022/23;JUJUY;"EL CARMEN";38;14;1691
"Soja total";2023/24;JUJUY;"EL CARMEN";38;14;3288
"Soja total";2024/25;JUJUY;"EL CARMEN";38;14;2888
"Soja total";2015/16;JUJUY;LEDESMA;38;35;238
"Soja total";2016/17;JUJUY;LEDESMA;38;35;200
"Soja total";2017/18;JUJUY;LEDESMA;38;35;252
"Soja total";2018/19;JUJUY;LEDESMA;38;35;336
"Soja total";2019/20;JUJUY;LEDESMA;38;35;425
"Soja total";2020/21;JUJUY;LEDESMA;38;35;476
"Soja total";2021/22;JUJUY;LEDESMA;38;35;354
"Soja total";2022/23;JUJUY;LEDESMA;38;35;1371
"Soja total";2023/24;JUJUY;LEDESMA;38;35;2666
"Soja total";2024/25;JUJUY;LEDESMA;38;35;2350
"Soja total";2015/16;JUJUY;PALPALA;38;42;257
"Soja total";2016/17;JUJUY;PALPALA;38;42;216
"Soja total";2017/18;JUJUY;PALPALA;38;42;273
"Soja total";2018/19;JUJUY;PALPALA;38;42;364
"Soja total";2019/20;JUJUY;PALPALA;38;42;450
"Soja total";2020/21;JUJUY;PALPALA;38;42;504
"Soja total";2021/22;JUJUY;PALPALA;38;42;374
"Soja total";2022/23;JUJUY;PALPALA;38;42;216
"Soja total";2024/25;JUJUY;PALPALA;38;42;470
"Soja total";2015/16;JUJUY;"SAN ANTONIO";38;56;1967
"Soja total";2016/17;JUJUY;"SAN ANTONIO";38;56;1580
"Soja total";2017/18;JUJUY;"SAN ANTONIO";38;56;1932
"Soja total";2018/19;JUJUY;"SAN ANTONIO";38;56;2576
"Soja total";2019/20;JUJUY;"SAN ANTONIO";38;56;3125
"Soja total";2020/21;JUJUY;"SAN ANTONIO";38;56;3500
"Soja total";2021/22;JUJUY;"SAN ANTONIO";38;56;1404
"Soja total";2022/23;JUJUY;"SAN ANTONIO";38;56;1282
"Soja total";2023/24;JUJUY;"SAN ANTONIO";38;56;1917
"Soja total";2024/25;JUJUY;"SAN ANTONIO";38;56;1092
"Soja total";2015/16;JUJUY;"SAN PEDRO";38;63;238
"Soja total";2016/17;JUJUY;"SAN PEDRO";38;63;396
"Soja total";2017/18;JUJUY;"SAN PEDRO";38;63;483
"Soja total";2018/19;JUJUY;"SAN PEDRO";38;63;616
"Soja total";2019/20;JUJUY;"SAN PEDRO";38;63;4125
"Soja total";2020/21;JUJUY;"SAN PEDRO";38;63;4620
"Soja total";2021/22;JUJUY;"SAN PEDRO";38;63;1472
"Soja total";2022/23;JUJUY;"SAN PEDRO";38;63;1301
"Soja total";2023/24;JUJUY;"SAN PEDRO";38;63;2533
"Soja total";2024/25;JUJUY;"SAN PEDRO";38;63;2247
"Soja total";2015/16;JUJUY;"SANTA BARBARA";38;70;10195
"Soja total";2016/17;JUJUY;"SANTA BARBARA";38;70;8200
"Soja total";2017/18;JUJUY;"SANTA BARBARA";38;70;10059
"Soja total";2018/19;JUJUY;"SANTA BARBARA";38;70;13664
"Soja total";2019/20;JUJUY;"SANTA BARBARA";38;70;4925
"Soja total";2020/21;JUJUY;"SANTA BARBARA";38;70;22505
"Soja total";2021/22;JUJUY;"SANTA BARBARA";38;70;14932
"Soja total";2022/23;JUJUY;"SANTA BARBARA";38;70;5406
"Soja total";2023/24;JUJUY;"SANTA BARBARA";38;70;10514
"Soja total";2024/25;JUJUY;"SANTA BARBARA";38;70;3386
"Soja total";2023/24;JUJUY;"VALLE GRANDE";38;105;1341
"Soja total";2024/25;JUJUY;"VALLE GRANDE";38;105;1395
"Soja total";2015/16;"LA PAMPA";ATREUCO;42;7;77213
"Soja total";2016/17;"LA PAMPA";ATREUCO;42;7;54340
"Soja total";2017/18;"LA PAMPA";ATREUCO;42;7;45500
"Soja total";2018/19;"LA PAMPA";ATREUCO;42;7;87596
"Soja total";2019/20;"LA PAMPA";ATREUCO;42;7;28560
"Soja total";2020/21;"LA PAMPA";ATREUCO;42;7;32508
"Soja total";2021/22;"LA PAMPA";ATREUCO;42;7;19050
"Soja total";2022/23;"LA PAMPA";ATREUCO;42;7;9530
"Soja total";2023/24;"LA PAMPA";ATREUCO;42;7;47000
"Soja total";2024/25;"LA PAMPA";ATREUCO;42;7;51880
"Soja total";2015/16;"LA PAMPA";CAPITAL;42;21;46050
"Soja total";2016/17;"LA PAMPA";CAPITAL;42;21;47700
"Soja total";2017/18;"LA PAMPA";CAPITAL;42;21;17300
"Soja total";2018/19;"LA PAMPA";CAPITAL;42;21;40643
"Soja total";2019/20;"LA PAMPA";CAPITAL;42;21;20800
"Soja total";2020/21;"LA PAMPA";CAPITAL;42;21;26456
"Soja total";2021/22;"LA PAMPA";CAPITAL;42;21;29610
"Soja total";2022/23;"LA PAMPA";CAPITAL;42;21;25976
"Soja total";2023/24;"LA PAMPA";CAPITAL;42;21;42700
"Soja total";2024/25;"LA PAMPA";CAPITAL;42;21;17490
"Soja total";2015/16;"LA PAMPA";CATRILO;42;28;124298
"Soja total";2016/17;"LA PAMPA";CATRILO;42;28;115320
"Soja total";2017/18;"LA PAMPA";CATRILO;42;28;87990
"Soja total";2018/19;"LA PAMPA";CATRILO;42;28;156400
"Soja total";2019/20;"LA PAMPA";CATRILO;42;28;128190
"Soja total";2020/21;"LA PAMPA";CATRILO;42;28;87413
"Soja total";2021/22;"LA PAMPA";CATRILO;42;28;79260
"Soja total";2022/23;"LA PAMPA";CATRILO;42;28;91644
"Soja total";2023/24;"LA PAMPA";CATRILO;42;28;105560
"Soja total";2024/25;"LA PAMPA";CATRILO;42;28;106130
"Soja total";2015/16;"LA PAMPA";CHAPALEUFU;42;56;409560
"Soja total";2016/17;"LA PAMPA";CHAPALEUFU;42;56;267713
"Soja total";2017/18;"LA PAMPA";CHAPALEUFU;42;56;306560
"Soja total";2018/19;"LA PAMPA";CHAPALEUFU;42;56;376323
"Soja total";2019/20;"LA PAMPA";CHAPALEUFU;42;56;372900
"Soja total";2020/21;"LA PAMPA";CHAPALEUFU;42;56;275810
"Soja total";2021/22;"LA PAMPA";CHAPALEUFU;42;56;321200
"Soja total";2022/23;"LA PAMPA";CHAPALEUFU;42;56;204800
"Soja total";2023/24;"LA PAMPA";CHAPALEUFU;42;56;442080
"Soja total";2024/25;"LA PAMPA";CHAPALEUFU;42;56;227547
"Soja total";2015/16;"LA PAMPA";CONHELO;42;35;105700
"Soja total";2016/17;"LA PAMPA";CONHELO;42;35;96973
"Soja total";2017/18;"LA PAMPA";CONHELO;42;35;59940
"Soja total";2018/19;"LA PAMPA";CONHELO;42;35;101653
"Soja total";2019/20;"LA PAMPA";CONHELO;42;35;124200
"Soja total";2020/21;"LA PAMPA";CONHELO;42;35;72680
"Soja total";2021/22;"LA PAMPA";CONHELO;42;35;82380
"Soja total";2022/23;"LA PAMPA";CONHELO;42;35;38440
"Soja total";2023/24;"LA PAMPA";CONHELO;42;35;129910
"Soja total";2024/25;"LA PAMPA";CONHELO;42;35;58551
"Soja total";2015/16;"LA PAMPA";GUATRACHE;42;70;3400
"Soja total";2016/17;"LA PAMPA";GUATRACHE;42;70;2000
"Soja total";2017/18;"LA PAMPA";GUATRACHE;42;70;500
"Soja total";2018/19;"LA PAMPA";GUATRACHE;42;70;0
"Soja total";2024/25;"LA PAMPA";GUATRACHE;42;70;200
"Soja total";2015/16;"LA PAMPA";MARACO;42;105;354580
"Soja total";2016/17;"LA PAMPA";MARACO;42;105;225440
"Soja total";2017/18;"LA PAMPA";MARACO;42;105;202600
"Soja total";2018/19;"LA PAMPA";MARACO;42;105;288800
"Soja total";2019/20;"LA PAMPA";MARACO;42;105;312200
"Soja total";2020/21;"LA PAMPA";MARACO;42;105;222490
"Soja total";2021/22;"LA PAMPA";MARACO;42;105;168720
"Soja total";2022/23;"LA PAMPA";MARACO;42;105;135240
"Soja total";2023/24;"LA PAMPA";MARACO;42;105;320000
"Soja total";2024/25;"LA PAMPA";MARACO;42;105;175720
"Soja total";2015/16;"LA PAMPA";"QUEMU QUEMU";42;119;139680
"Soja total";2016/17;"LA PAMPA";"QUEMU QUEMU";42;119;115899
"Soja total";2017/18;"LA PAMPA";"QUEMU QUEMU";42;119;100860
"Soja total";2018/19;"LA PAMPA";"QUEMU QUEMU";42;119;167050
"Soja total";2019/20;"LA PAMPA";"QUEMU QUEMU";42;119;186350
"Soja total";2020/21;"LA PAMPA";"QUEMU QUEMU";42;119;124400
"Soja total";2021/22;"LA PAMPA";"QUEMU QUEMU";42;119;93100
"Soja total";2022/23;"LA PAMPA";"QUEMU QUEMU";42;119;79200
"Soja total";2023/24;"LA PAMPA";"QUEMU QUEMU";42;119;142780
"Soja total";2024/25;"LA PAMPA";"QUEMU QUEMU";42;119;100915
"Soja total";2015/16;"LA PAMPA";RANCUL;42;126;242330
"Soja total";2016/17;"LA PAMPA";RANCUL;42;126;145864
"Soja total";2017/18;"LA PAMPA";RANCUL;42;126;161930
"Soja total";2018/19;"LA PAMPA";RANCUL;42;126;178437
"Soja total";2019/20;"LA PAMPA";RANCUL;42;126;193300
"Soja total";2020/21;"LA PAMPA";RANCUL;42;126;118280
"Soja total";2021/22;"LA PAMPA";RANCUL;42;126;162600
"Soja total";2022/23;"LA PAMPA";RANCUL;42;126;79760
"Soja total";2023/24;"LA PAMPA";RANCUL;42;126;192200
"Soja total";2024/25;"LA PAMPA";RANCUL;42;126;130689
"Soja total";2015/16;"LA PAMPA";REALICO;42;133;156330
"Soja total";2016/17;"LA PAMPA";REALICO;42;133;98017
"Soja total";2017/18;"LA PAMPA";REALICO;42;133;88780
"Soja total";2018/19;"LA PAMPA";REALICO;42;133;121511
"Soja total";2019/20;"LA PAMPA";REALICO;42;133;178550
"Soja total";2020/21;"LA PAMPA";REALICO;42;133;111900
"Soja total";2021/22;"LA PAMPA";REALICO;42;133;129210
"Soja total";2022/23;"LA PAMPA";REALICO;42;133;64240
"Soja total";2023/24;"LA PAMPA";REALICO;42;133;142340
"Soja total";2024/25;"LA PAMPA";REALICO;42;133;86657
"Soja total";2015/16;"LA PAMPA";TOAY;42;140;73900
"Soja total";2016/17;"LA PAMPA";TOAY;42;140;36440
"Soja total";2017/18;"LA PAMPA";TOAY;42;140;14600
"Soja total";2018/19;"LA PAMPA";TOAY;42;140;23552
"Soja total";2019/20;"LA PAMPA";TOAY;42;140;19980
"Soja total";2020/21;"LA PAMPA";TOAY;42;140;13556
"Soja total";2021/22;"LA PAMPA";TOAY;42;140;10100
"Soja total";2022/23;"LA PAMPA";TOAY;42;140;5350
"Soja total";2023/24;"LA PAMPA";TOAY;42;140;5600
"Soja total";2024/25;"LA PAMPA";TOAY;42;140;8100
"Soja total";2015/16;"LA PAMPA";TRENEL;42;147;62550
"Soja total";2016/17;"LA PAMPA";TRENEL;42;147;47084
"Soja total";2017/18;"LA PAMPA";TRENEL;42;147;20390
"Soja total";2018/19;"LA PAMPA";TRENEL;42;147;29400
"Soja total";2019/20;"LA PAMPA";TRENEL;42;147;44100
"Soja total";2020/21;"LA PAMPA";TRENEL;42;147;38240
"Soja total";2021/22;"LA PAMPA";TRENEL;42;147;44940
"Soja total";2022/23;"LA PAMPA";TRENEL;42;147;24040
"Soja total";2023/24;"LA PAMPA";TRENEL;42;147;44400
"Soja total";2024/25;"LA PAMPA";TRENEL;42;147;43863
"Soja total";2015/16;"LA PAMPA";UTRACAN;42;154;11700
"Soja total";2016/17;"LA PAMPA";UTRACAN;42;154;19080
"Soja total";2017/18;"LA PAMPA";UTRACAN;42;154;14070
"Soja total";2018/19;"LA PAMPA";UTRACAN;42;154;11886
"Soja total";2019/20;"LA PAMPA";UTRACAN;42;154;10500
"Soja total";2021/22;"LA PAMPA";UTRACAN;42;154;540
"Soja total";2022/23;"LA PAMPA";UTRACAN;42;154;1200
"Soja total";2023/24;"LA PAMPA";UTRACAN;42;154;1200
"Soja total";2024/25;"LA PAMPA";UTRACAN;42;154;1200
"Soja total";2015/16;MISIONES;"25 DE MAYO";54;119;2190
"Soja total";2016/17;MISIONES;"25 DE MAYO";54;119;2875
"Soja total";2017/18;MISIONES;"25 DE MAYO";54;119;3920
"Soja total";2018/19;MISIONES;"25 DE MAYO";54;119;5220
"Soja total";2019/20;MISIONES;"25 DE MAYO";54;119;4680
"Soja total";2020/21;MISIONES;"25 DE MAYO";54;119;5728
"Soja total";2021/22;MISIONES;"25 DE MAYO";54;119;1440
"Soja total";2022/23;MISIONES;"25 DE MAYO";54;119;4347
"Soja total";2023/24;MISIONES;"25 DE MAYO";54;119;7940
"Soja total";2024/25;MISIONES;"25 DE MAYO";54;119;7000
"Soja total";2015/16;MISIONES;CAINGUAS;54;14;120
"Soja total";2016/17;MISIONES;CAINGUAS;54;14;116
"Soja total";2017/18;MISIONES;CAINGUAS;54;14;156
"Soja total";2018/19;MISIONES;CAINGUAS;54;14;252
"Soja total";2019/20;MISIONES;CAINGUAS;54;14;207
"Soja total";2020/21;MISIONES;CAINGUAS;54;14;238
"Soja total";2021/22;MISIONES;CAINGUAS;54;14;71
"Soja total";2022/23;MISIONES;CAINGUAS;54;14;217
"Soja total";2023/24;MISIONES;CAINGUAS;54;14;400
"Soja total";2024/25;MISIONES;CAINGUAS;54;14;350
"Soja total";2023/24;MISIONES;ELDORADO;54;42;120
"Soja total";2024/25;MISIONES;ELDORADO;54;42;105
"Soja total";2015/16;MISIONES;"GENERAL MANUEL BELGRANO";54;49;186
"Soja total";2016/17;MISIONES;"GENERAL MANUEL BELGRANO";54;49;322
"Soja total";2017/18;MISIONES;"GENERAL MANUEL BELGRANO";54;49;420
"Soja total";2018/19;MISIONES;"GENERAL MANUEL BELGRANO";54;49;725
"Soja total";2019/20;MISIONES;"GENERAL MANUEL BELGRANO";54;49;700
"Soja total";2020/21;MISIONES;"GENERAL MANUEL BELGRANO";54;49;768
"Soja total";2021/22;MISIONES;"GENERAL MANUEL BELGRANO";54;49;218
"Soja total";2022/23;MISIONES;"GENERAL MANUEL BELGRANO";54;49;604
"Soja total";2023/24;MISIONES;"GENERAL MANUEL BELGRANO";54;49;1104
"Soja total";2024/25;MISIONES;"GENERAL MANUEL BELGRANO";54;49;966
"Soja total";2015/16;MISIONES;GUARANI;54;56;1605
"Soja total";2016/17;MISIONES;GUARANI;54;56;1725
"Soja total";2017/18;MISIONES;GUARANI;54;56;2520
"Soja total";2018/19;MISIONES;GUARANI;54;56;3480
"Soja total";2019/20;MISIONES;GUARANI;54;56;3120
"Soja total";2020/21;MISIONES;GUARANI;54;56;3808
"Soja total";2021/22;MISIONES;GUARANI;54;56;945
"Soja total";2022/23;MISIONES;GUARANI;54;56;2898
"Soja total";2023/24;MISIONES;GUARANI;54;56;5292
"Soja total";2024/25;MISIONES;GUARANI;54;56;4631
"Soja total";2015/16;MISIONES;"LEANDRO N. ALEM";54;70;145
"Soja total";2016/17;MISIONES;"LEANDRO N. ALEM";54;70;57
"Soja total";2017/18;MISIONES;"LEANDRO N. ALEM";54;70;78
"Soja total";2018/19;MISIONES;"LEANDRO N. ALEM";54;70;81
"Soja total";2019/20;MISIONES;"LEANDRO N. ALEM";54;70;69
"Soja total";2020/21;MISIONES;"LEANDRO N. ALEM";54;70;81
"Soja total";2021/22;MISIONES;"LEANDRO N. ALEM";54;70;38
"Soja total";2022/23;MISIONES;"LEANDRO N. ALEM";54;70;72
"Soja total";2023/24;MISIONES;"LEANDRO N. ALEM";54;70;140
"Soja total";2024/25;MISIONES;"LEANDRO N. ALEM";54;70;123
"Soja total";2022/23;MISIONES;MONTECARLO;54;84;115
"Soja total";2023/24;MISIONES;MONTECARLO;54;84;280
"Soja total";2024/25;MISIONES;MONTECARLO;54;84;245
"Soja total";2015/16;MISIONES;OBERA;54;91;90
"Soja total";2016/17;MISIONES;OBERA;54;91;94
"Soja total";2017/18;MISIONES;OBERA;54;91;104
"Soja total";2018/19;MISIONES;OBERA;54;91;108
"Soja total";2019/20;MISIONES;OBERA;54;91;92
"Soja total";2020/21;MISIONES;OBERA;54;91;109
"Soja total";2021/22;MISIONES;OBERA;54;91;45
"Soja total";2022/23;MISIONES;OBERA;54;91;97
"Soja total";2023/24;MISIONES;OBERA;54;91;280
"Soja total";2024/25;MISIONES;OBERA;54;91;245
"Soja total";2015/16;MISIONES;"SAN JAVIER";54;105;56
"Soja total";2016/17;MISIONES;"SAN JAVIER";54;105;57
"Soja total";2017/18;MISIONES;"SAN JAVIER";54;105;135
"Soja total";2018/19;MISIONES;"SAN JAVIER";54;105;108
"Soja total";2019/20;MISIONES;"SAN JAVIER";54;105;92
"Soja total";2020/21;MISIONES;"SAN JAVIER";54;105;109
"Soja total";2021/22;MISIONES;"SAN JAVIER";54;105;45
"Soja total";2022/23;MISIONES;"SAN JAVIER";54;105;97
"Soja total";2023/24;MISIONES;"SAN JAVIER";54;105;280
"Soja total";2024/25;MISIONES;"SAN JAVIER";54;105;245
"Soja total";2015/16;MISIONES;"SAN PEDRO";54;112;150
"Soja total";2016/17;MISIONES;"SAN PEDRO";54;112;299
"Soja total";2017/18;MISIONES;"SAN PEDRO";54;112;540
"Soja total";2018/19;MISIONES;"SAN PEDRO";54;112;870
"Soja total";2019/20;MISIONES;"SAN PEDRO";54;112;780
"Soja total";2020/21;MISIONES;"SAN PEDRO";54;112;928
"Soja total";2021/22;MISIONES;"SAN PEDRO";54;112;261
"Soja total";2022/23;MISIONES;"SAN PEDRO";54;112;725
"Soja total";2023/24;MISIONES;"SAN PEDRO";54;112;1400
"Soja total";2024/25;MISIONES;"SAN PEDRO";54;112;1225
"Soja total";2015/16;SALTA;ANTA;66;7;559900
"Soja total";2016/17;SALTA;ANTA;66;7;617688
"Soja total";2017/18;SALTA;ANTA;66;7;580602
"Soja total";2018/19;SALTA;ANTA;66;7;641304
"Soja total";2019/20;SALTA;ANTA;66;7;521771
"Soja total";2020/21;SALTA;ANTA;66;7;490940
"Soja total";2021/22;SALTA;ANTA;66;7;298305
"Soja total";2022/23;SALTA;ANTA;66;7;302009
"Soja total";2023/24;SALTA;ANTA;66;7;391927
"Soja total";2024/25;SALTA;ANTA;66;7;411366
"Soja total";2015/16;SALTA;CAPITAL;66;28;3775
"Soja total";2016/17;SALTA;CAPITAL;66;28;3926
"Soja total";2017/18;SALTA;CAPITAL;66;28;3926
"Soja total";2018/19;SALTA;CAPITAL;66;28;4077
"Soja total";2019/20;SALTA;CAPITAL;66;28;3775
"Soja total";2020/21;SALTA;CAPITAL;66;28;4228
"Soja total";2021/22;SALTA;CAPITAL;66;28;2840
"Soja total";2022/23;SALTA;CAPITAL;66;28;2572
"Soja total";2023/24;SALTA;CAPITAL;66;28;1612
"Soja total";2024/25;SALTA;CAPITAL;66;28;2625
"Soja total";2015/16;SALTA;CERRILLOS;66;35;1800
"Soja total";2016/17;SALTA;CERRILLOS;66;35;1872
"Soja total";2017/18;SALTA;CERRILLOS;66;35;1800
"Soja total";2018/19;SALTA;CERRILLOS;66;35;1944
"Soja total";2019/20;SALTA;CERRILLOS;66;35;900
"Soja total";2020/21;SALTA;CERRILLOS;66;35;1008
"Soja total";2021/22;SALTA;CERRILLOS;66;35;990
"Soja total";2022/23;SALTA;CERRILLOS;66;35;1503
"Soja total";2023/24;SALTA;CERRILLOS;66;35;847
"Soja total";2024/25;SALTA;CERRILLOS;66;35;1010
"Soja total";2015/16;SALTA;CHICOANA;66;42;528
"Soja total";2016/17;SALTA;CHICOANA;66;42;550
"Soja total";2017/18;SALTA;CHICOANA;66;42;506
"Soja total";2018/19;SALTA;CHICOANA;66;42;540
"Soja total";2019/20;SALTA;CHICOANA;66;42;550
"Soja total";2020/21;SALTA;CHICOANA;66;42;616
"Soja total";2021/22;SALTA;CHICOANA;66;42;396
"Soja total";2022/23;SALTA;CHICOANA;66;42;996
"Soja total";2023/24;SALTA;CHICOANA;66;42;511
"Soja total";2024/25;SALTA;CHICOANA;66;42;775
"Soja total";2015/16;SALTA;"GENERAL GUEMES";66;49;8040
"Soja total";2016/17;SALTA;"GENERAL GUEMES";66;49;8375
"Soja total";2017/18;SALTA;"GENERAL GUEMES";66;49;8040
"Soja total";2018/19;SALTA;"GENERAL GUEMES";66;49;9045
"Soja total";2019/20;SALTA;"GENERAL GUEMES";66;49;29714
"Soja total";2020/21;SALTA;"GENERAL GUEMES";66;49;9045
"Soja total";2021/22;SALTA;"GENERAL GUEMES";66;49;5960
"Soja total";2022/23;SALTA;"GENERAL GUEMES";66;49;6140
"Soja total";2023/24;SALTA;"GENERAL GUEMES";66;49;4182
"Soja total";2024/25;SALTA;"GENERAL GUEMES";66;49;5100
"Soja total";2015/16;SALTA;"GENERAL JOSE DE SAN MARTIN";66;56;133466
"Soja total";2016/17;SALTA;"GENERAL JOSE DE SAN MARTIN";66;56;242976
"Soja total";2017/18;SALTA;"GENERAL JOSE DE SAN MARTIN";66;56;222728
"Soja total";2018/19;SALTA;"GENERAL JOSE DE SAN MARTIN";66;56;272908
"Soja total";2019/20;SALTA;"GENERAL JOSE DE SAN MARTIN";66;56;164724
"Soja total";2020/21;SALTA;"GENERAL JOSE DE SAN MARTIN";66;56;141657
"Soja total";2021/22;SALTA;"GENERAL JOSE DE SAN MARTIN";66;56;79873
"Soja total";2022/23;SALTA;"GENERAL JOSE DE SAN MARTIN";66;56;76212
"Soja total";2023/24;SALTA;"GENERAL JOSE DE SAN MARTIN";66;56;123659
"Soja total";2024/25;SALTA;"GENERAL JOSE DE SAN MARTIN";66;56;84432
"Soja total";2015/16;SALTA;GUACHIPAS;66;63;60
"Soja total";2016/17;SALTA;GUACHIPAS;66;63;65
"Soja total";2017/18;SALTA;GUACHIPAS;66;63;75
"Soja total";2018/19;SALTA;GUACHIPAS;66;63;68
"Soja total";2019/20;SALTA;GUACHIPAS;66;63;58
"Soja total";2020/21;SALTA;GUACHIPAS;66;63;65
"Soja total";2021/22;SALTA;GUACHIPAS;66;63;40
"Soja total";2022/23;SALTA;GUACHIPAS;66;63;40
"Soja total";2023/24;SALTA;GUACHIPAS;66;63;59
"Soja total";2021/22;SALTA;"LA CALDERA";66;77;45
"Soja total";2022/23;SALTA;"LA CALDERA";66;77;130
"Soja total";2023/24;SALTA;"LA CALDERA";66;77;196
"Soja total";2024/25;SALTA;"LA CALDERA";66;77;252
"Soja total";2015/16;SALTA;"LA CANDELARIA";66;84;1932
"Soja total";2016/17;SALTA;"LA CANDELARIA";66;84;2208
"Soja total";2017/18;SALTA;"LA CANDELARIA";66;84;1840
"Soja total";2018/19;SALTA;"LA CANDELARIA";66;84;2484
"Soja total";2019/20;SALTA;"LA CANDELARIA";66;84;2232
"Soja total";2020/21;SALTA;"LA CANDELARIA";66;84;3537
"Soja total";2021/22;SALTA;"LA CANDELARIA";66;84;2110
"Soja total";2022/23;SALTA;"LA CANDELARIA";66;84;3135
"Soja total";2023/24;SALTA;"LA CANDELARIA";66;84;2353
"Soja total";2024/25;SALTA;"LA CANDELARIA";66;84;3038
"Soja total";2015/16;SALTA;"LA VINA";66;98;288
"Soja total";2016/17;SALTA;"LA VINA";66;98;300
"Soja total";2017/18;SALTA;"LA VINA";66;98;288
"Soja total";2018/19;SALTA;"LA VINA";66;98;324
"Soja total";2019/20;SALTA;"LA VINA";66;98;276
"Soja total";2020/21;SALTA;"LA VINA";66;98;312
"Soja total";2021/22;SALTA;"LA VINA";66;98;184
"Soja total";2022/23;SALTA;"LA VINA";66;98;184
"Soja total";2023/24;SALTA;"LA VINA";66;98;280
"Soja total";2024/25;SALTA;"LA VINA";66;98;115
"Soja total";2015/16;SALTA;METAN;66;112;87637
"Soja total";2016/17;SALTA;METAN;66;112;133588
"Soja total";2017/18;SALTA;METAN;66;112;95232
"Soja total";2018/19;SALTA;METAN;66;112;112963
"Soja total";2019/20;SALTA;METAN;66;112;96937
"Soja total";2020/21;SALTA;METAN;66;112;111381
"Soja total";2021/22;SALTA;METAN;66;112;67061
"Soja total";2022/23;SALTA;METAN;66;112;53192
"Soja total";2023/24;SALTA;METAN;66;112;71571
"Soja total";2024/25;SALTA;METAN;66;112;87904
"Soja total";2015/16;SALTA;ORAN;66;126;8291
"Soja total";2016/17;SALTA;ORAN;66;126;24768
"Soja total";2017/18;SALTA;ORAN;66;126;44462
"Soja total";2018/19;SALTA;ORAN;66;126;48233
"Soja total";2019/20;SALTA;ORAN;66;126;39626
"Soja total";2020/21;SALTA;ORAN;66;126;41741
"Soja total";2021/22;SALTA;ORAN;66;126;23075
"Soja total";2022/23;SALTA;ORAN;66;126;17724
"Soja total";2023/24;SALTA;ORAN;66;126;36890
"Soja total";2024/25;SALTA;ORAN;66;126;22535
"Soja total";2015/16;SALTA;RIVADAVIA;66;133;1814
"Soja total";2016/17;SALTA;RIVADAVIA;66;133;2424
"Soja total";2017/18;SALTA;RIVADAVIA;66;133;2020
"Soja total";2018/19;SALTA;RIVADAVIA;66;133;2722
"Soja total";2019/20;SALTA;RIVADAVIA;66;133;24200
"Soja total";2020/21;SALTA;RIVADAVIA;66;133;24700
"Soja total";2021/22;SALTA;RIVADAVIA;66;133;16150
"Soja total";2022/23;SALTA;RIVADAVIA;66;133;16263
"Soja total";2023/24;SALTA;RIVADAVIA;66;133;20535
"Soja total";2024/25;SALTA;RIVADAVIA;66;133;28635
"Soja total";2015/16;SALTA;"ROSARIO DE LA FRONTERA";66;140;64635
"Soja total";2016/17;SALTA;"ROSARIO DE LA FRONTERA";66;140;75270
"Soja total";2017/18;SALTA;"ROSARIO DE LA FRONTERA";66;140;79848
"Soja total";2018/19;SALTA;"ROSARIO DE LA FRONTERA";66;140;89262
"Soja total";2019/20;SALTA;"ROSARIO DE LA FRONTERA";66;140;70681
"Soja total";2020/21;SALTA;"ROSARIO DE LA FRONTERA";66;140;65329
"Soja total";2021/22;SALTA;"ROSARIO DE LA FRONTERA";66;140;40327
"Soja total";2022/23;SALTA;"ROSARIO DE LA FRONTERA";66;140;41488
"Soja total";2023/24;SALTA;"ROSARIO DE LA FRONTERA";66;140;44073
"Soja total";2024/25;SALTA;"ROSARIO DE LA FRONTERA";66;140;92905
"Soja total";2015/16;SALTA;"ROSARIO DE LERMA";66;147;313
"Soja total";2016/17;SALTA;"ROSARIO DE LERMA";66;147;325
"Soja total";2017/18;SALTA;"ROSARIO DE LERMA";66;147;338
"Soja total";2018/19;SALTA;"ROSARIO DE LERMA";66;147;810
"Soja total";2019/20;SALTA;"ROSARIO DE LERMA";66;147;313
"Soja total";2020/21;SALTA;"ROSARIO DE LERMA";66;147;1016
"Soja total";2021/22;SALTA;"ROSARIO DE LERMA";66;147;678
"Soja total";2022/23;SALTA;"ROSARIO DE LERMA";66;147;1087
"Soja total";2023/24;SALTA;"ROSARIO DE LERMA";66;147;1564
"Soja total";2024/25;SALTA;"ROSARIO DE LERMA";66;147;120
"Soja total";2015/16;"SAN LUIS";AYACUCHO;74;7;19650
"Soja total";2016/17;"SAN LUIS";AYACUCHO;74;7;21640
"Soja total";2017/18;"SAN LUIS";AYACUCHO;74;7;14640
"Soja total";2018/19;"SAN LUIS";AYACUCHO;74;7;17040
"Soja total";2019/20;"SAN LUIS";AYACUCHO;74;7;17400
"Soja total";2020/21;"SAN LUIS";AYACUCHO;74;7;13100
"Soja total";2021/22;"SAN LUIS";AYACUCHO;74;7;18900
"Soja total";2022/23;"SAN LUIS";AYACUCHO;74;7;13300
"Soja total";2023/24;"SAN LUIS";AYACUCHO;74;7;9080
"Soja total";2024/25;"SAN LUIS";AYACUCHO;74;7;13720
"Soja total";2015/16;"SAN LUIS";CHACABUCO;74;28;93150
"Soja total";2016/17;"SAN LUIS";CHACABUCO;74;28;65000
"Soja total";2017/18;"SAN LUIS";CHACABUCO;74;28;64000
"Soja total";2018/19;"SAN LUIS";CHACABUCO;74;28;60900
"Soja total";2019/20;"SAN LUIS";CHACABUCO;74;28;35750
"Soja total";2020/21;"SAN LUIS";CHACABUCO;74;28;48320
"Soja total";2021/22;"SAN LUIS";CHACABUCO;74;28;43200
"Soja total";2022/23;"SAN LUIS";CHACABUCO;74;28;19000
"Soja total";2023/24;"SAN LUIS";CHACABUCO;74;28;44200
"Soja total";2024/25;"SAN LUIS";CHACABUCO;74;28;42453
"Soja total";2015/16;"SAN LUIS";"CORONEL PRINGLES";74;21;212671
"Soja total";2016/17;"SAN LUIS";"CORONEL PRINGLES";74;21;166990
"Soja total";2017/18;"SAN LUIS";"CORONEL PRINGLES";74;21;138460
"Soja total";2018/19;"SAN LUIS";"CORONEL PRINGLES";74;21;156960
"Soja total";2019/20;"SAN LUIS";"CORONEL PRINGLES";74;21;84490
"Soja total";2020/21;"SAN LUIS";"CORONEL PRINGLES";74;21;98780
"Soja total";2021/22;"SAN LUIS";"CORONEL PRINGLES";74;21;119500
"Soja total";2022/23;"SAN LUIS";"CORONEL PRINGLES";74;21;57200
"Soja total";2023/24;"SAN LUIS";"CORONEL PRINGLES";74;21;66240
"Soja total";2024/25;"SAN LUIS";"CORONEL PRINGLES";74;21;84318
"Soja total";2015/16;"SAN LUIS";"GENERAL PEDERNERA";74;35;788577
"Soja total";2016/17;"SAN LUIS";"GENERAL PEDERNERA";74;35;483918
"Soja total";2017/18;"SAN LUIS";"GENERAL PEDERNERA";74;35;411900
"Soja total";2018/19;"SAN LUIS";"GENERAL PEDERNERA";74;35;383580
"Soja total";2019/20;"SAN LUIS";"GENERAL PEDERNERA";74;35;185100
"Soja total";2020/21;"SAN LUIS";"GENERAL PEDERNERA";74;35;180000
"Soja total";2021/22;"SAN LUIS";"GENERAL PEDERNERA";74;35;199400
"Soja total";2022/23;"SAN LUIS";"GENERAL PEDERNERA";74;35;130900
"Soja total";2023/24;"SAN LUIS";"GENERAL PEDERNERA";74;35;245160
"Soja total";2024/25;"SAN LUIS";"GENERAL PEDERNERA";74;35;205700
"Soja total";2015/16;"SAN LUIS";"GOBERNADOR DUPUY";74;42;16620
"Soja total";2016/17;"SAN LUIS";"GOBERNADOR DUPUY";74;42;33020
"Soja total";2017/18;"SAN LUIS";"GOBERNADOR DUPUY";74;42;21600
"Soja total";2018/19;"SAN LUIS";"GOBERNADOR DUPUY";74;42;19800
"Soja total";2019/20;"SAN LUIS";"GOBERNADOR DUPUY";74;42;18000
"Soja total";2020/21;"SAN LUIS";"GOBERNADOR DUPUY";74;42;61600
"Soja total";2021/22;"SAN LUIS";"GOBERNADOR DUPUY";74;42;47320
"Soja total";2022/23;"SAN LUIS";"GOBERNADOR DUPUY";74;42;39100
"Soja total";2023/24;"SAN LUIS";"GOBERNADOR DUPUY";74;42;13600
"Soja total";2024/25;"SAN LUIS";"GOBERNADOR DUPUY";74;42;20700
"Soja total";2015/16;"SAN LUIS";"JUAN MARTIN DE PUEYRREDON";74;56;86685
"Soja total";2016/17;"SAN LUIS";"JUAN MARTIN DE PUEYRREDON";74;56;59640
"Soja total";2017/18;"SAN LUIS";"JUAN MARTIN DE PUEYRREDON";74;56;46380
"Soja total";2018/19;"SAN LUIS";"JUAN MARTIN DE PUEYRREDON";74;56;25465
"Soja total";2019/20;"SAN LUIS";"JUAN MARTIN DE PUEYRREDON";74;56;28705
"Soja total";2020/21;"SAN LUIS";"JUAN MARTIN DE PUEYRREDON";74;56;47300
"Soja total";2021/22;"SAN LUIS";"JUAN MARTIN DE PUEYRREDON";74;56;42550
"Soja total";2022/23;"SAN LUIS";"JUAN MARTIN DE PUEYRREDON";74;56;37400
"Soja total";2023/24;"SAN LUIS";"JUAN MARTIN DE PUEYRREDON";74;56;15045
"Soja total";2024/25;"SAN LUIS";"JUAN MARTIN DE PUEYRREDON";74;56;14940
"Soja total";2015/16;"SAN LUIS";JUNIN;74;49;5040
"Soja total";2016/17;"SAN LUIS";JUNIN;74;49;3505
"Soja total";2017/18;"SAN LUIS";JUNIN;74;49;1800
"Soja total";2018/19;"SAN LUIS";JUNIN;74;49;2085
"Soja total";2019/20;"SAN LUIS";JUNIN;74;49;6500
"Soja total";2020/21;"SAN LUIS";JUNIN;74;49;15510
"Soja total";2021/22;"SAN LUIS";JUNIN;74;49;9630
"Soja total";2022/23;"SAN LUIS";JUNIN;74;49;15420
"Soja total";2023/24;"SAN LUIS";JUNIN;74;49;12780
"Soja total";2024/25;"SAN LUIS";JUNIN;74;49;23330
"Soja total";2015/16;"SAN LUIS";"LIBERTADOR GENERAL SAN MARTIN";74;63;5940
"Soja total";2016/17;"SAN LUIS";"LIBERTADOR GENERAL SAN MARTIN";74;63;3750
"Soja total";2017/18;"SAN LUIS";"LIBERTADOR GENERAL SAN MARTIN";74;63;2700
"Soja total";2018/19;"SAN LUIS";"LIBERTADOR GENERAL SAN MARTIN";74;63;2830
"Soja total";2019/20;"SAN LUIS";"LIBERTADOR GENERAL SAN MARTIN";74;63;3300
"Soja total";2020/21;"SAN LUIS";"LIBERTADOR GENERAL SAN MARTIN";74;63;6670
"Soja total";2021/22;"SAN LUIS";"LIBERTADOR GENERAL SAN MARTIN";74;63;6750
"Soja total";2022/23;"SAN LUIS";"LIBERTADOR GENERAL SAN MARTIN";74;63;1800
"Soja total";2023/24;"SAN LUIS";"LIBERTADOR GENERAL SAN MARTIN";74;63;4000
"Soja total";2024/25;"SAN LUIS";"LIBERTADOR GENERAL SAN MARTIN";74;63;4930
"Soja total";2015/16;"SANTA FE";"9 DE JULIO";82;77;367763
"Soja total";2016/17;"SANTA FE";"9 DE JULIO";82;77;408240
"Soja total";2017/18;"SANTA FE";"9 DE JULIO";82;77;109600
"Soja total";2018/19;"SANTA FE";"9 DE JULIO";82;77;45360
"Soja total";2019/20;"SANTA FE";"9 DE JULIO";82;77;269220
"Soja total";2020/21;"SANTA FE";"9 DE JULIO";82;77;333600
"Soja total";2021/22;"SANTA FE";"9 DE JULIO";82;77;311950
"Soja total";2022/23;"SANTA FE";"9 DE JULIO";82;77;204345
"Soja total";2023/24;"SANTA FE";"9 DE JULIO";82;77;144750
"Soja total";2024/25;"SANTA FE";"9 DE JULIO";82;77;364870
"Soja total";2015/16;"SANTA FE";BELGRANO;82;7;412881
"Soja total";2016/17;"SANTA FE";BELGRANO;82;7;636470
"Soja total";2017/18;"SANTA FE";BELGRANO;82;7;430854
"Soja total";2018/19;"SANTA FE";BELGRANO;82;7;660620
"Soja total";2019/20;"SANTA FE";BELGRANO;82;7;530474
"Soja total";2020/21;"SANTA FE";BELGRANO;82;7;511571
"Soja total";2021/22;"SANTA FE";BELGRANO;82;7;533706
"Soja total";2022/23;"SANTA FE";BELGRANO;82;7;209865
"Soja total";2023/24;"SANTA FE";BELGRANO;82;7;592017
"Soja total";2024/25;"SANTA FE";BELGRANO;82;7;627244
"Soja total";2015/16;"SANTA FE";CASEROS;82;14;840517
"Soja total";2016/17;"SANTA FE";CASEROS;82;14;881380
"Soja total";2017/18;"SANTA FE";CASEROS;82;14;678350
"Soja total";2018/19;"SANTA FE";CASEROS;82;14;1021044
"Soja total";2019/20;"SANTA FE";CASEROS;82;14;759772
"Soja total";2020/21;"SANTA FE";CASEROS;82;14;692680
"Soja total";2021/22;"SANTA FE";CASEROS;82;14;474120
"Soja total";2022/23;"SANTA FE";CASEROS;82;14;243700
"Soja total";2023/24;"SANTA FE";CASEROS;82;14;818350
"Soja total";2024/25;"SANTA FE";CASEROS;82;14;854250
"Soja total";2015/16;"SANTA FE";CASTELLANOS;82;21;570751
"Soja total";2016/17;"SANTA FE";CASTELLANOS;82;21;564454
"Soja total";2017/18;"SANTA FE";CASTELLANOS;82;21;562100
"Soja total";2018/19;"SANTA FE";CASTELLANOS;82;21;839166
"Soja total";2019/20;"SANTA FE";CASTELLANOS;82;21;1030429
"Soja total";2020/21;"SANTA FE";CASTELLANOS;82;21;1154455
"Soja total";2021/22;"SANTA FE";CASTELLANOS;82;21;976872
"Soja total";2022/23;"SANTA FE";CASTELLANOS;82;21;595297
"Soja total";2023/24;"SANTA FE";CASTELLANOS;82;21;1285560
"Soja total";2024/25;"SANTA FE";CASTELLANOS;82;21;1381068
"Soja total";2015/16;"SANTA FE";CONSTITUCION;82;28;773558
"Soja total";2016/17;"SANTA FE";CONSTITUCION;82;28;772080
"Soja total";2017/18;"SANTA FE";CONSTITUCION;82;28;525620
"Soja total";2018/19;"SANTA FE";CONSTITUCION;82;28;881542
"Soja total";2019/20;"SANTA FE";CONSTITUCION;82;28;561055
"Soja total";2020/21;"SANTA FE";CONSTITUCION;82;28;510680
"Soja total";2021/22;"SANTA FE";CONSTITUCION;82;28;371330
"Soja total";2022/23;"SANTA FE";CONSTITUCION;82;28;158260
"Soja total";2023/24;"SANTA FE";CONSTITUCION;82;28;707250
"Soja total";2024/25;"SANTA FE";CONSTITUCION;82;28;763900
"Soja total";2015/16;"SANTA FE";GARAY;82;35;3800
"Soja total";2016/17;"SANTA FE";GARAY;82;35;10416
"Soja total";2017/18;"SANTA FE";GARAY;82;35;4890
"Soja total";2018/19;"SANTA FE";GARAY;82;35;8997
"Soja total";2019/20;"SANTA FE";GARAY;82;35;9000
"Soja total";2020/21;"SANTA FE";GARAY;82;35;12436
"Soja total";2021/22;"SANTA FE";GARAY;82;35;9360
"Soja total";2022/23;"SANTA FE";GARAY;82;35;5110
"Soja total";2023/24;"SANTA FE";GARAY;82;35;11620
"Soja total";2024/25;"SANTA FE";GARAY;82;35;9060
"Soja total";2015/16;"SANTA FE";"GENERAL LOPEZ";82;42;1841028
"Soja total";2016/17;"SANTA FE";"GENERAL LOPEZ";82;42;1449380
"Soja total";2017/18;"SANTA FE";"GENERAL LOPEZ";82;42;1580813
"Soja total";2018/19;"SANTA FE";"GENERAL LOPEZ";82;42;2167600
"Soja total";2019/20;"SANTA FE";"GENERAL LOPEZ";82;42;2024850
"Soja total";2020/21;"SANTA FE";"GENERAL LOPEZ";82;42;1762600
"Soja total";2021/22;"SANTA FE";"GENERAL LOPEZ";82;42;1813500
"Soja total";2022/23;"SANTA FE";"GENERAL LOPEZ";82;42;672000
"Soja total";2023/24;"SANTA FE";"GENERAL LOPEZ";82;42;1799628
"Soja total";2024/25;"SANTA FE";"GENERAL LOPEZ";82;42;1870873
"Soja total";2015/16;"SANTA FE";"GENERAL OBLIGADO";82;49;109440
"Soja total";2016/17;"SANTA FE";"GENERAL OBLIGADO";82;49;210720
"Soja total";2017/18;"SANTA FE";"GENERAL OBLIGADO";82;49;36680
"Soja total";2018/19;"SANTA FE";"GENERAL OBLIGADO";82;49;132390
"Soja total";2019/20;"SANTA FE";"GENERAL OBLIGADO";82;49;86490
"Soja total";2020/21;"SANTA FE";"GENERAL OBLIGADO";82;49;102900
"Soja total";2021/22;"SANTA FE";"GENERAL OBLIGADO";82;49;89060
"Soja total";2022/23;"SANTA FE";"GENERAL OBLIGADO";82;49;61408
"Soja total";2023/24;"SANTA FE";"GENERAL OBLIGADO";82;49;115020
"Soja total";2024/25;"SANTA FE";"GENERAL OBLIGADO";82;49;68690
"Soja total";2015/16;"SANTA FE";IRIONDO;82;56;485876
"Soja total";2016/17;"SANTA FE";IRIONDO;82;56;811380
"Soja total";2017/18;"SANTA FE";IRIONDO;82;56;556980
"Soja total";2018/19;"SANTA FE";IRIONDO;82;56;895878
"Soja total";2019/20;"SANTA FE";IRIONDO;82;56;677818
"Soja total";2020/21;"SANTA FE";IRIONDO;82;56;677563
"Soja total";2021/22;"SANTA FE";IRIONDO;82;56;600598
"Soja total";2022/23;"SANTA FE";IRIONDO;82;56;282999
"Soja total";2023/24;"SANTA FE";IRIONDO;82;56;759230
"Soja total";2024/25;"SANTA FE";IRIONDO;82;56;811239
"Soja total";2015/16;"SANTA FE";"LA CAPITAL";82;63;107200
"Soja total";2016/17;"SANTA FE";"LA CAPITAL";82;63;141164
"Soja total";2017/18;"SANTA FE";"LA CAPITAL";82;63;64050
"Soja total";2018/19;"SANTA FE";"LA CAPITAL";82;63;87072
"Soja total";2019/20;"SANTA FE";"LA CAPITAL";82;63;81200
"Soja total";2020/21;"SANTA FE";"LA CAPITAL";82;63;89183
"Soja total";2021/22;"SANTA FE";"LA CAPITAL";82;63;83650
"Soja total";2022/23;"SANTA FE";"LA CAPITAL";82;63;41900
"Soja total";2023/24;"SANTA FE";"LA CAPITAL";82;63;143000
"Soja total";2024/25;"SANTA FE";"LA CAPITAL";82;63;174510
"Soja total";2015/16;"SANTA FE";"LAS COLONIAS";82;70;498200
"Soja total";2016/17;"SANTA FE";"LAS COLONIAS";82;70;516029
"Soja total";2017/18;"SANTA FE";"LAS COLONIAS";82;70;273894
"Soja total";2018/19;"SANTA FE";"LAS COLONIAS";82;70;516050
"Soja total";2019/20;"SANTA FE";"LAS COLONIAS";82;70;667804
"Soja total";2020/21;"SANTA FE";"LAS COLONIAS";82;70;689127
"Soja total";2021/22;"SANTA FE";"LAS COLONIAS";82;70;635877
"Soja total";2022/23;"SANTA FE";"LAS COLONIAS";82;70;372304
"Soja total";2023/24;"SANTA FE";"LAS COLONIAS";82;70;846400
"Soja total";2024/25;"SANTA FE";"LAS COLONIAS";82;70;852460
"Soja total";2015/16;"SANTA FE";ROSARIO;82;84;303328
"Soja total";2016/17;"SANTA FE";ROSARIO;82;84;381840
"Soja total";2017/18;"SANTA FE";ROSARIO;82;84;212460
"Soja total";2018/19;"SANTA FE";ROSARIO;82;84;394339
"Soja total";2019/20;"SANTA FE";ROSARIO;82;84;196280
"Soja total";2020/21;"SANTA FE";ROSARIO;82;84;167130
"Soja total";2021/22;"SANTA FE";ROSARIO;82;84;122560
"Soja total";2022/23;"SANTA FE";ROSARIO;82;84;48576
"Soja total";2023/24;"SANTA FE";ROSARIO;82;84;319400
"Soja total";2024/25;"SANTA FE";ROSARIO;82;84;370320
"Soja total";2015/16;"SANTA FE";"SAN CRISTOBAL";82;91;260000
"Soja total";2016/17;"SANTA FE";"SAN CRISTOBAL";82;91;427476
"Soja total";2017/18;"SANTA FE";"SAN CRISTOBAL";82;91;149800
"Soja total";2018/19;"SANTA FE";"SAN CRISTOBAL";82;91;296111
"Soja total";2019/20;"SANTA FE";"SAN CRISTOBAL";82;91;414891
"Soja total";2020/21;"SANTA FE";"SAN CRISTOBAL";82;91;389287
"Soja total";2021/22;"SANTA FE";"SAN CRISTOBAL";82;91;397720
"Soja total";2022/23;"SANTA FE";"SAN CRISTOBAL";82;91;149980
"Soja total";2023/24;"SANTA FE";"SAN CRISTOBAL";82;91;568000
"Soja total";2024/25;"SANTA FE";"SAN CRISTOBAL";82;91;377298
"Soja total";2015/16;"SANTA FE";"SAN JAVIER";82;98;6370
"Soja total";2016/17;"SANTA FE";"SAN JAVIER";82;98;22690
"Soja total";2017/18;"SANTA FE";"SAN JAVIER";82;98;4720
"Soja total";2018/19;"SANTA FE";"SAN JAVIER";82;98;4680
"Soja total";2019/20;"SANTA FE";"SAN JAVIER";82;98;20160
"Soja total";2020/21;"SANTA FE";"SAN JAVIER";82;98;25700
"Soja total";2021/22;"SANTA FE";"SAN JAVIER";82;98;15930
"Soja total";2022/23;"SANTA FE";"SAN JAVIER";82;98;16920
"Soja total";2023/24;"SANTA FE";"SAN JAVIER";82;98;34080
"Soja total";2024/25;"SANTA FE";"SAN JAVIER";82;98;34460
"Soja total";2015/16;"SANTA FE";"SAN JERONIMO";82;105;336084
"Soja total";2016/17;"SANTA FE";"SAN JERONIMO";82;105;633260
"Soja total";2017/18;"SANTA FE";"SAN JERONIMO";82;105;343655
"Soja total";2018/19;"SANTA FE";"SAN JERONIMO";82;105;652036
"Soja total";2019/20;"SANTA FE";"SAN JERONIMO";82;105;449692
"Soja total";2020/21;"SANTA FE";"SAN JERONIMO";82;105;398800
"Soja total";2021/22;"SANTA FE";"SAN JERONIMO";82;105;449719
"Soja total";2022/23;"SANTA FE";"SAN JERONIMO";82;105;149894
"Soja total";2023/24;"SANTA FE";"SAN JERONIMO";82;105;598778
"Soja total";2024/25;"SANTA FE";"SAN JERONIMO";82;105;656620
"Soja total";2015/16;"SANTA FE";"SAN JUSTO";82;112;267200
"Soja total";2016/17;"SANTA FE";"SAN JUSTO";82;112;418821
"Soja total";2017/18;"SANTA FE";"SAN JUSTO";82;112;167400
"Soja total";2018/19;"SANTA FE";"SAN JUSTO";82;112;229365
"Soja total";2019/20;"SANTA FE";"SAN JUSTO";82;112;265702
"Soja total";2020/21;"SANTA FE";"SAN JUSTO";82;112;404267
"Soja total";2021/22;"SANTA FE";"SAN JUSTO";82;112;282841
"Soja total";2022/23;"SANTA FE";"SAN JUSTO";82;112;155900
"Soja total";2023/24;"SANTA FE";"SAN JUSTO";82;112;479340
"Soja total";2024/25;"SANTA FE";"SAN JUSTO";82;112;435820
"Soja total";2015/16;"SANTA FE";"SAN LORENZO";82;119;440561
"Soja total";2016/17;"SANTA FE";"SAN LORENZO";82;119;497050
"Soja total";2017/18;"SANTA FE";"SAN LORENZO";82;119;358780
"Soja total";2018/19;"SANTA FE";"SAN LORENZO";82;119;509661
"Soja total";2019/20;"SANTA FE";"SAN LORENZO";82;119;323504
"Soja total";2020/21;"SANTA FE";"SAN LORENZO";82;119;341700
"Soja total";2021/22;"SANTA FE";"SAN LORENZO";82;119;216120
"Soja total";2022/23;"SANTA FE";"SAN LORENZO";82;119;123948
"Soja total";2023/24;"SANTA FE";"SAN LORENZO";82;119;461300
"Soja total";2024/25;"SANTA FE";"SAN LORENZO";82;119;488220
"Soja total";2015/16;"SANTA FE";"SAN MARTIN";82;126;651960
"Soja total";2016/17;"SANTA FE";"SAN MARTIN";82;126;889630
"Soja total";2017/18;"SANTA FE";"SAN MARTIN";82;126;787708
"Soja total";2018/19;"SANTA FE";"SAN MARTIN";82;126;1142000
"Soja total";2019/20;"SANTA FE";"SAN MARTIN";82;126;982996
"Soja total";2020/21;"SANTA FE";"SAN MARTIN";82;126;936953
"Soja total";2021/22;"SANTA FE";"SAN MARTIN";82;126;836607
"Soja total";2022/23;"SANTA FE";"SAN MARTIN";82;126;310924
"Soja total";2023/24;"SANTA FE";"SAN MARTIN";82;126;1051095
"Soja total";2024/25;"SANTA FE";"SAN MARTIN";82;126;1264836
"Soja total";2015/16;"SANTA FE";VERA;82;133;40700
"Soja total";2016/17;"SANTA FE";VERA;82;133;89800
"Soja total";2017/18;"SANTA FE";VERA;82;133;4050
"Soja total";2018/19;"SANTA FE";VERA;82;133;36180
"Soja total";2019/20;"SANTA FE";VERA;82;133;48630
"Soja total";2020/21;"SANTA FE";VERA;82;133;79400
"Soja total";2021/22;"SANTA FE";VERA;82;133;50800
"Soja total";2022/23;"SANTA FE";VERA;82;133;26340
"Soja total";2023/24;"SANTA FE";VERA;82;133;61910
"Soja total";2024/25;"SANTA FE";VERA;82;133;58114
"Soja total";2015/16;"SANTIAGO DEL ESTERO";AGUIRRE;86;7;132000
"Soja total";2016/17;"SANTIAGO DEL ESTERO";AGUIRRE;86;7;49464
"Soja total";2017/18;"SANTIAGO DEL ESTERO";AGUIRRE;86;7;21984
"Soja total";2018/19;"SANTIAGO DEL ESTERO";AGUIRRE;86;7;44449
"Soja total";2019/20;"SANTIAGO DEL ESTERO";AGUIRRE;86;7;97437
"Soja total";2020/21;"SANTIAGO DEL ESTERO";AGUIRRE;86;7;94300
"Soja total";2021/22;"SANTIAGO DEL ESTERO";AGUIRRE;86;7;85400
"Soja total";2022/23;"SANTIAGO DEL ESTERO";AGUIRRE;86;7;73900
"Soja total";2023/24;"SANTIAGO DEL ESTERO";AGUIRRE;86;7;69717
"Soja total";2024/25;"SANTIAGO DEL ESTERO";AGUIRRE;86;7;87062
"Soja total";2015/16;"SANTIAGO DEL ESTERO";ALBERDI;86;14;336400
"Soja total";2016/17;"SANTIAGO DEL ESTERO";ALBERDI;86;14;265512
"Soja total";2017/18;"SANTIAGO DEL ESTERO";ALBERDI;86;14;227700
"Soja total";2018/19;"SANTIAGO DEL ESTERO";ALBERDI;86;14;342323
"Soja total";2019/20;"SANTIAGO DEL ESTERO";ALBERDI;86;14;421911
"Soja total";2020/21;"SANTIAGO DEL ESTERO";ALBERDI;86;14;387660
"Soja total";2021/22;"SANTIAGO DEL ESTERO";ALBERDI;86;14;397956
"Soja total";2022/23;"SANTIAGO DEL ESTERO";ALBERDI;86;14;334028
"Soja total";2023/24;"SANTIAGO DEL ESTERO";ALBERDI;86;14;199254
"Soja total";2024/25;"SANTIAGO DEL ESTERO";ALBERDI;86;14;72538
"Soja total";2022/23;"SANTIAGO DEL ESTERO";ATAMISQUI;86;21;750
"Soja total";2023/24;"SANTIAGO DEL ESTERO";ATAMISQUI;86;21;1520
"Soja total";2024/25;"SANTIAGO DEL ESTERO";ATAMISQUI;86;21;1188
"Soja total";2015/16;"SANTIAGO DEL ESTERO";AVELLANEDA;86;28;7350
"Soja total";2016/17;"SANTIAGO DEL ESTERO";AVELLANEDA;86;28;11492
"Soja total";2017/18;"SANTIAGO DEL ESTERO";AVELLANEDA;86;28;140
"Soja total";2018/19;"SANTIAGO DEL ESTERO";AVELLANEDA;86;28;10478
"Soja total";2019/20;"SANTIAGO DEL ESTERO";AVELLANEDA;86;28;10800
"Soja total";2020/21;"SANTIAGO DEL ESTERO";AVELLANEDA;86;28;11520
"Soja total";2021/22;"SANTIAGO DEL ESTERO";AVELLANEDA;86;28;10440
"Soja total";2022/23;"SANTIAGO DEL ESTERO";AVELLANEDA;86;28;14392
"Soja total";2023/24;"SANTIAGO DEL ESTERO";AVELLANEDA;86;28;11326
"Soja total";2024/25;"SANTIAGO DEL ESTERO";AVELLANEDA;86;28;10152
"Soja total";2015/16;"SANTIAGO DEL ESTERO";BANDA;86;35;8800
"Soja total";2016/17;"SANTIAGO DEL ESTERO";BANDA;86;35;12000
"Soja total";2017/18;"SANTIAGO DEL ESTERO";BANDA;86;35;10000
"Soja total";2018/19;"SANTIAGO DEL ESTERO";BANDA;86;35;13800
"Soja total";2019/20;"SANTIAGO DEL ESTERO";BANDA;86;35;12000
"Soja total";2020/21;"SANTIAGO DEL ESTERO";BANDA;86;35;12000
"Soja total";2021/22;"SANTIAGO DEL ESTERO";BANDA;86;35;11250
"Soja total";2022/23;"SANTIAGO DEL ESTERO";BANDA;86;35;7500
"Soja total";2023/24;"SANTIAGO DEL ESTERO";BANDA;86;35;15048
"Soja total";2024/25;"SANTIAGO DEL ESTERO";BANDA;86;35;15187
"Soja total";2015/16;"SANTIAGO DEL ESTERO";BELGRANO;86;42;275400
"Soja total";2016/17;"SANTIAGO DEL ESTERO";BELGRANO;86;42;374329
"Soja total";2017/18;"SANTIAGO DEL ESTERO";BELGRANO;86;42;249600
"Soja total";2018/19;"SANTIAGO DEL ESTERO";BELGRANO;86;42;313085
"Soja total";2019/20;"SANTIAGO DEL ESTERO";BELGRANO;86;42;378297
"Soja total";2020/21;"SANTIAGO DEL ESTERO";BELGRANO;86;42;410300
"Soja total";2021/22;"SANTIAGO DEL ESTERO";BELGRANO;86;42;365040
"Soja total";2022/23;"SANTIAGO DEL ESTERO";BELGRANO;86;42;343530
"Soja total";2023/24;"SANTIAGO DEL ESTERO";BELGRANO;86;42;388420
"Soja total";2024/25;"SANTIAGO DEL ESTERO";BELGRANO;86;42;493145
"Soja total";2015/16;"SANTIAGO DEL ESTERO";CAPITAL;86;49;8100
"Soja total";2016/17;"SANTIAGO DEL ESTERO";CAPITAL;86;49;12250
"Soja total";2017/18;"SANTIAGO DEL ESTERO";CAPITAL;86;49;11200
"Soja total";2018/19;"SANTIAGO DEL ESTERO";CAPITAL;86;49;14000
"Soja total";2019/20;"SANTIAGO DEL ESTERO";CAPITAL;86;49;12000
"Soja total";2020/21;"SANTIAGO DEL ESTERO";CAPITAL;86;49;12000
"Soja total";2021/22;"SANTIAGO DEL ESTERO";CAPITAL;86;49;11250
"Soja total";2022/23;"SANTIAGO DEL ESTERO";CAPITAL;86;49;7500
"Soja total";2023/24;"SANTIAGO DEL ESTERO";CAPITAL;86;49;15162
"Soja total";2024/25;"SANTIAGO DEL ESTERO";CAPITAL;86;49;13244
"Soja total";2015/16;"SANTIAGO DEL ESTERO";CHOYA;86;63;10500
"Soja total";2016/17;"SANTIAGO DEL ESTERO";CHOYA;86;63;16800
"Soja total";2017/18;"SANTIAGO DEL ESTERO";CHOYA;86;63;15000
"Soja total";2018/19;"SANTIAGO DEL ESTERO";CHOYA;86;63;17500
"Soja total";2019/20;"SANTIAGO DEL ESTERO";CHOYA;86;63;15000
"Soja total";2020/21;"SANTIAGO DEL ESTERO";CHOYA;86;63;16500
"Soja total";2021/22;"SANTIAGO DEL ESTERO";CHOYA;86;63;16250
"Soja total";2022/23;"SANTIAGO DEL ESTERO";CHOYA;86;63;10500
"Soja total";2023/24;"SANTIAGO DEL ESTERO";CHOYA;86;63;21429
"Soja total";2024/25;"SANTIAGO DEL ESTERO";CHOYA;86;63;18561
"Soja total";2015/16;"SANTIAGO DEL ESTERO";COPO;86;56;18700
"Soja total";2016/17;"SANTIAGO DEL ESTERO";COPO;86;56;25947
"Soja total";2017/18;"SANTIAGO DEL ESTERO";COPO;86;56;22599
"Soja total";2018/19;"SANTIAGO DEL ESTERO";COPO;86;56;24075
"Soja total";2019/20;"SANTIAGO DEL ESTERO";COPO;86;56;24764
"Soja total";2020/21;"SANTIAGO DEL ESTERO";COPO;86;56;30600
"Soja total";2021/22;"SANTIAGO DEL ESTERO";COPO;86;56;30530
"Soja total";2022/23;"SANTIAGO DEL ESTERO";COPO;86;56;51795
"Soja total";2023/24;"SANTIAGO DEL ESTERO";COPO;86;56;50798
"Soja total";2024/25;"SANTIAGO DEL ESTERO";COPO;86;56;22052
"Soja total";2015/16;"SANTIAGO DEL ESTERO";FIGUEROA;86;70;850
"Soja total";2016/17;"SANTIAGO DEL ESTERO";FIGUEROA;86;70;2800
"Soja total";2017/18;"SANTIAGO DEL ESTERO";FIGUEROA;86;70;2000
"Soja total";2018/19;"SANTIAGO DEL ESTERO";FIGUEROA;86;70;4350
"Soja total";2019/20;"SANTIAGO DEL ESTERO";FIGUEROA;86;70;4500
"Soja total";2020/21;"SANTIAGO DEL ESTERO";FIGUEROA;86;70;4500
"Soja total";2021/22;"SANTIAGO DEL ESTERO";FIGUEROA;86;70;8750
"Soja total";2022/23;"SANTIAGO DEL ESTERO";FIGUEROA;86;70;6750
"Soja total";2023/24;"SANTIAGO DEL ESTERO";FIGUEROA;86;70;13608
"Soja total";2024/25;"SANTIAGO DEL ESTERO";FIGUEROA;86;70;11040
"Soja total";2015/16;"SANTIAGO DEL ESTERO";"GENERAL TABOADA";86;77;340200
"Soja total";2016/17;"SANTIAGO DEL ESTERO";"GENERAL TABOADA";86;77;741156
"Soja total";2017/18;"SANTIAGO DEL ESTERO";"GENERAL TABOADA";86;77;526500
"Soja total";2018/19;"SANTIAGO DEL ESTERO";"GENERAL TABOADA";86;77;560169
"Soja total";2019/20;"SANTIAGO DEL ESTERO";"GENERAL TABOADA";86;77;636252
"Soja total";2020/21;"SANTIAGO DEL ESTERO";"GENERAL TABOADA";86;77;712400
"Soja total";2021/22;"SANTIAGO DEL ESTERO";"GENERAL TABOADA";86;77;631360
"Soja total";2022/23;"SANTIAGO DEL ESTERO";"GENERAL TABOADA";86;77;522368
"Soja total";2023/24;"SANTIAGO DEL ESTERO";"GENERAL TABOADA";86;77;613265
"Soja total";2024/25;"SANTIAGO DEL ESTERO";"GENERAL TABOADA";86;77;822003
"Soja total";2015/16;"SANTIAGO DEL ESTERO";GUASAYAN;86;84;9600
"Soja total";2016/17;"SANTIAGO DEL ESTERO";GUASAYAN;86;84;15000
"Soja total";2017/18;"SANTIAGO DEL ESTERO";GUASAYAN;86;84;12500
"Soja total";2018/19;"SANTIAGO DEL ESTERO";GUASAYAN;86;84;17500
"Soja total";2019/20;"SANTIAGO DEL ESTERO";GUASAYAN;86;84;15000
"Soja total";2020/21;"SANTIAGO DEL ESTERO";GUASAYAN;86;84;15000
"Soja total";2021/22;"SANTIAGO DEL ESTERO";GUASAYAN;86;84;18750
"Soja total";2022/23;"SANTIAGO DEL ESTERO";GUASAYAN;86;84;12000
"Soja total";2023/24;"SANTIAGO DEL ESTERO";GUASAYAN;86;84;32832
"Soja total";2024/25;"SANTIAGO DEL ESTERO";GUASAYAN;86;84;23313
"Soja total";2015/16;"SANTIAGO DEL ESTERO";JIMENEZ;86;91;156354
"Soja total";2016/17;"SANTIAGO DEL ESTERO";JIMENEZ;86;91;210000
"Soja total";2017/18;"SANTIAGO DEL ESTERO";JIMENEZ;86;91;195000
"Soja total";2018/19;"SANTIAGO DEL ESTERO";JIMENEZ;86;91;277050
"Soja total";2019/20;"SANTIAGO DEL ESTERO";JIMENEZ;86;91;245100
"Soja total";2020/21;"SANTIAGO DEL ESTERO";JIMENEZ;86;91;285600
"Soja total";2021/22;"SANTIAGO DEL ESTERO";JIMENEZ;86;91;217500
"Soja total";2022/23;"SANTIAGO DEL ESTERO";JIMENEZ;86;91;147500
"Soja total";2023/24;"SANTIAGO DEL ESTERO";JIMENEZ;86;91;296069
"Soja total";2024/25;"SANTIAGO DEL ESTERO";JIMENEZ;86;91;261510
"Soja total";2015/16;"SANTIAGO DEL ESTERO";"JUAN F. IBARRA";86;98;127400
"Soja total";2016/17;"SANTIAGO DEL ESTERO";"JUAN F. IBARRA";86;98;270690
"Soja total";2017/18;"SANTIAGO DEL ESTERO";"JUAN F. IBARRA";86;98;165585
"Soja total";2018/19;"SANTIAGO DEL ESTERO";"JUAN F. IBARRA";86;98;223939
"Soja total";2019/20;"SANTIAGO DEL ESTERO";"JUAN F. IBARRA";86;98;231475
"Soja total";2020/21;"SANTIAGO DEL ESTERO";"JUAN F. IBARRA";86;98;259450
"Soja total";2021/22;"SANTIAGO DEL ESTERO";"JUAN F. IBARRA";86;98;240990
"Soja total";2022/23;"SANTIAGO DEL ESTERO";"JUAN F. IBARRA";86;98;215313
"Soja total";2023/24;"SANTIAGO DEL ESTERO";"JUAN F. IBARRA";86;98;213076
"Soja total";2024/25;"SANTIAGO DEL ESTERO";"JUAN F. IBARRA";86;98;206100
"Soja total";2015/16;"SANTIAGO DEL ESTERO";LORETO;86;105;3600
"Soja total";2016/17;"SANTIAGO DEL ESTERO";LORETO;86;105;6000
"Soja total";2017/18;"SANTIAGO DEL ESTERO";LORETO;86;105;6250
"Soja total";2018/19;"SANTIAGO DEL ESTERO";LORETO;86;105;8750
"Soja total";2019/20;"SANTIAGO DEL ESTERO";LORETO;86;105;7500
"Soja total";2020/21;"SANTIAGO DEL ESTERO";LORETO;86;105;7500
"Soja total";2021/22;"SANTIAGO DEL ESTERO";LORETO;86;105;6250
"Soja total";2022/23;"SANTIAGO DEL ESTERO";LORETO;86;105;4500
"Soja total";2023/24;"SANTIAGO DEL ESTERO";LORETO;86;105;10348
"Soja total";2024/25;"SANTIAGO DEL ESTERO";LORETO;86;105;8867
"Soja total";2015/16;"SANTIAGO DEL ESTERO";MITRE;86;112;40500
"Soja total";2016/17;"SANTIAGO DEL ESTERO";MITRE;86;112;52500
"Soja total";2017/18;"SANTIAGO DEL ESTERO";MITRE;86;112;22500
"Soja total";2018/19;"SANTIAGO DEL ESTERO";MITRE;86;112;52527
"Soja total";2019/20;"SANTIAGO DEL ESTERO";MITRE;86;112;36000
"Soja total";2020/21;"SANTIAGO DEL ESTERO";MITRE;86;112;36000
"Soja total";2021/22;"SANTIAGO DEL ESTERO";MITRE;86;112;30000
"Soja total";2022/23;"SANTIAGO DEL ESTERO";MITRE;86;112;19500
"Soja total";2023/24;"SANTIAGO DEL ESTERO";MITRE;86;112;48848
"Soja total";2024/25;"SANTIAGO DEL ESTERO";MITRE;86;112;35150
"Soja total";2015/16;"SANTIAGO DEL ESTERO";MORENO;86;119;741000
"Soja total";2016/17;"SANTIAGO DEL ESTERO";MORENO;86;119;832212
"Soja total";2017/18;"SANTIAGO DEL ESTERO";MORENO;86;119;660380
"Soja total";2018/19;"SANTIAGO DEL ESTERO";MORENO;86;119;833846
"Soja total";2019/20;"SANTIAGO DEL ESTERO";MORENO;86;119;926060
"Soja total";2020/21;"SANTIAGO DEL ESTERO";MORENO;86;119;977900
"Soja total";2021/22;"SANTIAGO DEL ESTERO";MORENO;86;119;976160
"Soja total";2022/23;"SANTIAGO DEL ESTERO";MORENO;86;119;830100
"Soja total";2023/24;"SANTIAGO DEL ESTERO";MORENO;86;119;616620
"Soja total";2024/25;"SANTIAGO DEL ESTERO";MORENO;86;119;310223
"Soja total";2020/21;"SANTIAGO DEL ESTERO";"OJO DE AGUA";86;126;8750
"Soja total";2022/23;"SANTIAGO DEL ESTERO";"OJO DE AGUA";86;126;9750
"Soja total";2023/24;"SANTIAGO DEL ESTERO";"OJO DE AGUA";86;126;22733
"Soja total";2024/25;"SANTIAGO DEL ESTERO";"OJO DE AGUA";86;126;17625
"Soja total";2015/16;"SANTIAGO DEL ESTERO";PELLEGRINI;86;133;120080
"Soja total";2016/17;"SANTIAGO DEL ESTERO";PELLEGRINI;86;133;122500
"Soja total";2017/18;"SANTIAGO DEL ESTERO";PELLEGRINI;86;133;105000
"Soja total";2018/19;"SANTIAGO DEL ESTERO";PELLEGRINI;86;133;173250
"Soja total";2019/20;"SANTIAGO DEL ESTERO";PELLEGRINI;86;133;174300
"Soja total";2020/21;"SANTIAGO DEL ESTERO";PELLEGRINI;86;133;174300
"Soja total";2021/22;"SANTIAGO DEL ESTERO";PELLEGRINI;86;133;153750
"Soja total";2022/23;"SANTIAGO DEL ESTERO";PELLEGRINI;86;133;100200
"Soja total";2023/24;"SANTIAGO DEL ESTERO";PELLEGRINI;86;133;239639
"Soja total";2024/25;"SANTIAGO DEL ESTERO";PELLEGRINI;86;133;188308
"Soja total";2020/21;"SANTIAGO DEL ESTERO";QUEBRACHOS;86;140;8960
"Soja total";2022/23;"SANTIAGO DEL ESTERO";QUEBRACHOS;86;140;3750
"Soja total";2023/24;"SANTIAGO DEL ESTERO";QUEBRACHOS;86;140;8740
"Soja total";2024/25;"SANTIAGO DEL ESTERO";QUEBRACHOS;86;140;6745
"Soja total";2015/16;"SANTIAGO DEL ESTERO";"RIO HONDO";86;147;37800
"Soja total";2016/17;"SANTIAGO DEL ESTERO";"RIO HONDO";86;147;35000
"Soja total";2017/18;"SANTIAGO DEL ESTERO";"RIO HONDO";86;147;36000
"Soja total";2018/19;"SANTIAGO DEL ESTERO";"RIO HONDO";86;147;51450
"Soja total";2019/20;"SANTIAGO DEL ESTERO";"RIO HONDO";86;147;45000
"Soja total";2020/21;"SANTIAGO DEL ESTERO";"RIO HONDO";86;147;45000
"Soja total";2021/22;"SANTIAGO DEL ESTERO";"RIO HONDO";86;147;38750
"Soja total";2022/23;"SANTIAGO DEL ESTERO";"RIO HONDO";86;147;23250
"Soja total";2023/24;"SANTIAGO DEL ESTERO";"RIO HONDO";86;147;53710
"Soja total";2024/25;"SANTIAGO DEL ESTERO";"RIO HONDO";86;147;161035
"Soja total";2015/16;"SANTIAGO DEL ESTERO";RIVADAVIA;86;154;105800
"Soja total";2016/17;"SANTIAGO DEL ESTERO";RIVADAVIA;86;154;74460
"Soja total";2017/18;"SANTIAGO DEL ESTERO";RIVADAVIA;86;154;35808
"Soja total";2018/19;"SANTIAGO DEL ESTERO";RIVADAVIA;86;154;126262
"Soja total";2019/20;"SANTIAGO DEL ESTERO";RIVADAVIA;86;154;52587
"Soja total";2020/21;"SANTIAGO DEL ESTERO";RIVADAVIA;86;154;59090
"Soja total";2021/22;"SANTIAGO DEL ESTERO";RIVADAVIA;86;154;52119
"Soja total";2022/23;"SANTIAGO DEL ESTERO";RIVADAVIA;86;154;56896
"Soja total";2023/24;"SANTIAGO DEL ESTERO";RIVADAVIA;86;154;27593
"Soja total";2024/25;"SANTIAGO DEL ESTERO";RIVADAVIA;86;154;63088
"Soja total";2015/16;"SANTIAGO DEL ESTERO";ROBLES;86;161;5400
"Soja total";2016/17;"SANTIAGO DEL ESTERO";ROBLES;86;161;10500
"Soja total";2017/18;"SANTIAGO DEL ESTERO";ROBLES;86;161;10500
"Soja total";2018/19;"SANTIAGO DEL ESTERO";ROBLES;86;161;12180
"Soja total";2019/20;"SANTIAGO DEL ESTERO";ROBLES;86;161;12000
"Soja total";2020/21;"SANTIAGO DEL ESTERO";ROBLES;86;161;12000
"Soja total";2021/22;"SANTIAGO DEL ESTERO";ROBLES;86;161;11250
"Soja total";2022/23;"SANTIAGO DEL ESTERO";ROBLES;86;161;7500
"Soja total";2023/24;"SANTIAGO DEL ESTERO";ROBLES;86;161;17436
"Soja total";2024/25;"SANTIAGO DEL ESTERO";ROBLES;86;161;15154
"Soja total";2015/16;"SANTIAGO DEL ESTERO";"SAN MARTIN";86;175;3600
"Soja total";2016/17;"SANTIAGO DEL ESTERO";"SAN MARTIN";86;175;7000
"Soja total";2017/18;"SANTIAGO DEL ESTERO";"SAN MARTIN";86;175;5000
"Soja total";2018/19;"SANTIAGO DEL ESTERO";"SAN MARTIN";86;175;5800
"Soja total";2019/20;"SANTIAGO DEL ESTERO";"SAN MARTIN";86;175;6000
"Soja total";2020/21;"SANTIAGO DEL ESTERO";"SAN MARTIN";86;175;7500
"Soja total";2021/22;"SANTIAGO DEL ESTERO";"SAN MARTIN";86;175;15000
"Soja total";2022/23;"SANTIAGO DEL ESTERO";"SAN MARTIN";86;175;12000
"Soja total";2023/24;"SANTIAGO DEL ESTERO";"SAN MARTIN";86;175;27729
"Soja total";2024/25;"SANTIAGO DEL ESTERO";"SAN MARTIN";86;175;22145
"Soja total";2015/16;"SANTIAGO DEL ESTERO";SARMIENTO;86;182;8700
"Soja total";2017/18;"SANTIAGO DEL ESTERO";SARMIENTO;86;182;550
"Soja total";2018/19;"SANTIAGO DEL ESTERO";SARMIENTO;86;182;1760
"Soja total";2019/20;"SANTIAGO DEL ESTERO";SARMIENTO;86;182;1984
"Soja total";2020/21;"SANTIAGO DEL ESTERO";SARMIENTO;86;182;2400
"Soja total";2021/22;"SANTIAGO DEL ESTERO";SARMIENTO;86;182;2240
"Soja total";2022/23;"SANTIAGO DEL ESTERO";SARMIENTO;86;182;2160
"Soja total";2023/24;"SANTIAGO DEL ESTERO";SARMIENTO;86;182;2075
"Soja total";2024/25;"SANTIAGO DEL ESTERO";SARMIENTO;86;182;544
"Soja total";2016/17;"SANTIAGO DEL ESTERO";SILIPICA;86;189;12250
"Soja total";2017/18;"SANTIAGO DEL ESTERO";SILIPICA;86;189;12000
"Soja total";2018/19;"SANTIAGO DEL ESTERO";SILIPICA;86;189;14000
"Soja total";2019/20;"SANTIAGO DEL ESTERO";SILIPICA;86;189;12000
"Soja total";2020/21;"SANTIAGO DEL ESTERO";SILIPICA;86;189;12000
"Soja total";2021/22;"SANTIAGO DEL ESTERO";SILIPICA;86;189;10000
"Soja total";2022/23;"SANTIAGO DEL ESTERO";SILIPICA;86;189;6000
"Soja total";2023/24;"SANTIAGO DEL ESTERO";SILIPICA;86;189;13979
"Soja total";2024/25;"SANTIAGO DEL ESTERO";SILIPICA;86;189;9256
"Soja total";2015/16;TUCUMAN;BURRUYACU;90;7;254400
"Soja total";2016/17;TUCUMAN;BURRUYACU;90;7;192480
"Soja total";2017/18;TUCUMAN;BURRUYACU;90;7;181170
"Soja total";2018/19;TUCUMAN;BURRUYACU;90;7;232076
"Soja total";2019/20;TUCUMAN;BURRUYACU;90;7;139055
"Soja total";2020/21;TUCUMAN;BURRUYACU;90;7;170046
"Soja total";2021/22;TUCUMAN;BURRUYACU;90;7;106110
"Soja total";2022/23;TUCUMAN;BURRUYACU;90;7;80704
"Soja total";2023/24;TUCUMAN;BURRUYACU;90;7;194700
"Soja total";2024/25;TUCUMAN;BURRUYACU;90;7;176698
"Soja total";2020/21;TUCUMAN;CAPITAL;90;84;24
"Soja total";2021/22;TUCUMAN;CAPITAL;90;84;110
"Soja total";2022/23;TUCUMAN;CAPITAL;90;84;75
"Soja total";2023/24;TUCUMAN;CAPITAL;90;84;224
"Soja total";2024/25;TUCUMAN;CAPITAL;90;84;193
"Soja total";2015/16;TUCUMAN;CHICLIGASTA;90;21;3960
"Soja total";2016/17;TUCUMAN;CHICLIGASTA;90;21;2850
"Soja total";2017/18;TUCUMAN;CHICLIGASTA;90;21;1305
"Soja total";2018/19;TUCUMAN;CHICLIGASTA;90;21;1675
"Soja total";2019/20;TUCUMAN;CHICLIGASTA;90;21;1350
"Soja total";2020/21;TUCUMAN;CHICLIGASTA;90;21;1350
"Soja total";2021/22;TUCUMAN;CHICLIGASTA;90;21;1035
"Soja total";2022/23;TUCUMAN;CHICLIGASTA;90;21;1615
"Soja total";2023/24;TUCUMAN;CHICLIGASTA;90;21;2480
"Soja total";2024/25;TUCUMAN;CHICLIGASTA;90;21;2295
"Soja total";2015/16;TUCUMAN;"CRUZ ALTA";90;14;112000
"Soja total";2016/17;TUCUMAN;"CRUZ ALTA";90;14;89310
"Soja total";2017/18;TUCUMAN;"CRUZ ALTA";90;14;90076
"Soja total";2018/19;TUCUMAN;"CRUZ ALTA";90;14;80556
"Soja total";2019/20;TUCUMAN;"CRUZ ALTA";90;14;63825
"Soja total";2020/21;TUCUMAN;"CRUZ ALTA";90;14;71766
"Soja total";2021/22;TUCUMAN;"CRUZ ALTA";90;14;44099
"Soja total";2022/23;TUCUMAN;"CRUZ ALTA";90;14;38625
"Soja total";2023/24;TUCUMAN;"CRUZ ALTA";90;14;85808
"Soja total";2024/25;TUCUMAN;"CRUZ ALTA";90;14;68922
"Soja total";2015/16;TUCUMAN;FAMAILLA;90;28;3218
"Soja total";2016/17;TUCUMAN;FAMAILLA;90;28;2320
"Soja total";2017/18;TUCUMAN;FAMAILLA;90;28;2250
"Soja total";2018/19;TUCUMAN;FAMAILLA;90;28;1770
"Soja total";2019/20;TUCUMAN;FAMAILLA;90;28;1170
"Soja total";2020/21;TUCUMAN;FAMAILLA;90;28;1080
"Soja total";2021/22;TUCUMAN;FAMAILLA;90;28;920
"Soja total";2022/23;TUCUMAN;FAMAILLA;90;28;1440
"Soja total";2023/24;TUCUMAN;FAMAILLA;90;28;2240
"Soja total";2024/25;TUCUMAN;FAMAILLA;90;28;1960
"Soja total";2015/16;TUCUMAN;GRANEROS;90;35;80811
"Soja total";2016/17;TUCUMAN;GRANEROS;90;35;45600
"Soja total";2017/18;TUCUMAN;GRANEROS;90;35;57480
"Soja total";2018/19;TUCUMAN;GRANEROS;90;35;95325
"Soja total";2019/20;TUCUMAN;GRANEROS;90;35;39873
"Soja total";2020/21;TUCUMAN;GRANEROS;90;35;51165
"Soja total";2021/22;TUCUMAN;GRANEROS;90;35;26724
"Soja total";2022/23;TUCUMAN;GRANEROS;90;35;24556
"Soja total";2023/24;TUCUMAN;GRANEROS;90;35;56304
"Soja total";2024/25;TUCUMAN;GRANEROS;90;35;72884
"Soja total";2015/16;TUCUMAN;"JUAN B. ALBERDI";90;42;6460
"Soja total";2016/17;TUCUMAN;"JUAN B. ALBERDI";90;42;5174
"Soja total";2017/18;TUCUMAN;"JUAN B. ALBERDI";90;42;5800
"Soja total";2018/19;TUCUMAN;"JUAN B. ALBERDI";90;42;6383
"Soja total";2019/20;TUCUMAN;"JUAN B. ALBERDI";90;42;5589
"Soja total";2020/21;TUCUMAN;"JUAN B. ALBERDI";90;42;4860
"Soja total";2021/22;TUCUMAN;"JUAN B. ALBERDI";90;42;22337
"Soja total";2022/23;TUCUMAN;"JUAN B. ALBERDI";90;42;3780
"Soja total";2023/24;TUCUMAN;"JUAN B. ALBERDI";90;42;6400
"Soja total";2024/25;TUCUMAN;"JUAN B. ALBERDI";90;42;5790
"Soja total";2015/16;TUCUMAN;"LA COCHA";90;49;74283
"Soja total";2016/17;TUCUMAN;"LA COCHA";90;49;55770
"Soja total";2017/18;TUCUMAN;"LA COCHA";90;49;61475
"Soja total";2018/19;TUCUMAN;"LA COCHA";90;49;75212
"Soja total";2019/20;TUCUMAN;"LA COCHA";90;49;50734
"Soja total";2020/21;TUCUMAN;"LA COCHA";90;49;59481
"Soja total";2021/22;TUCUMAN;"LA COCHA";90;49;34446
"Soja total";2022/23;TUCUMAN;"LA COCHA";90;49;30360
"Soja total";2023/24;TUCUMAN;"LA COCHA";90;49;65520
"Soja total";2024/25;TUCUMAN;"LA COCHA";90;49;55470
"Soja total";2015/16;TUCUMAN;LEALES;90;56;104580
"Soja total";2016/17;TUCUMAN;LEALES;90;56;76475
"Soja total";2017/18;TUCUMAN;LEALES;90;56;78026
"Soja total";2018/19;TUCUMAN;LEALES;90;56;98751
"Soja total";2019/20;TUCUMAN;LEALES;90;56;61070
"Soja total";2020/21;TUCUMAN;LEALES;90;56;73197
"Soja total";2021/22;TUCUMAN;LEALES;90;56;27738
"Soja total";2022/23;TUCUMAN;LEALES;90;56;35373
"Soja total";2023/24;TUCUMAN;LEALES;90;56;85985
"Soja total";2024/25;TUCUMAN;LEALES;90;56;74964
"Soja total";2015/16;TUCUMAN;LULES;90;63;3300
"Soja total";2016/17;TUCUMAN;LULES;90;63;3565
"Soja total";2017/18;TUCUMAN;LULES;90;63;2900
"Soja total";2018/19;TUCUMAN;LULES;90;63;2638
"Soja total";2019/20;TUCUMAN;LULES;90;63;2133
"Soja total";2020/21;TUCUMAN;LULES;90;63;1620
"Soja total";2021/22;TUCUMAN;LULES;90;63;1440
"Soja total";2022/23;TUCUMAN;LULES;90;63;2400
"Soja total";2023/24;TUCUMAN;LULES;90;63;3520
"Soja total";2024/25;TUCUMAN;LULES;90;63;3360
"Soja total";2015/16;TUCUMAN;MONTEROS;90;70;990
"Soja total";2016/17;TUCUMAN;MONTEROS;90;70;2030
"Soja total";2017/18;TUCUMAN;MONTEROS;90;70;1160
"Soja total";2018/19;TUCUMAN;MONTEROS;90;70;1640
"Soja total";2019/20;TUCUMAN;MONTEROS;90;70;1310
"Soja total";2020/21;TUCUMAN;MONTEROS;90;70;1080
"Soja total";2021/22;TUCUMAN;MONTEROS;90;70;920
"Soja total";2022/23;TUCUMAN;MONTEROS;90;70;950
"Soja total";2023/24;TUCUMAN;MONTEROS;90;70;1650
"Soja total";2024/25;TUCUMAN;MONTEROS;90;70;1430
"Soja total";2015/16;TUCUMAN;"RIO CHICO";90;77;2310
"Soja total";2016/17;TUCUMAN;"RIO CHICO";90;77;2700
"Soja total";2017/18;TUCUMAN;"RIO CHICO";90;77;1160
"Soja total";2018/19;TUCUMAN;"RIO CHICO";90;77;1240
"Soja total";2019/20;TUCUMAN;"RIO CHICO";90;77;1067
"Soja total";2020/21;TUCUMAN;"RIO CHICO";90;77;810
"Soja total";2021/22;TUCUMAN;"RIO CHICO";90;77;660
"Soja total";2022/23;TUCUMAN;"RIO CHICO";90;77;760
"Soja total";2023/24;TUCUMAN;"RIO CHICO";90;77;1320
"Soja total";2024/25;TUCUMAN;"RIO CHICO";90;77;1350
"Soja total";2015/16;TUCUMAN;SIMOCA;90;91;10075
"Soja total";2016/17;TUCUMAN;SIMOCA;90;91;11700
"Soja total";2017/18;TUCUMAN;SIMOCA;90;91;8580
"Soja total";2018/19;TUCUMAN;SIMOCA;90;91;9920
"Soja total";2019/20;TUCUMAN;SIMOCA;90;91;7800
"Soja total";2020/21;TUCUMAN;SIMOCA;90;91;7830
"Soja total";2021/22;TUCUMAN;SIMOCA;90;91;4960
"Soja total";2022/23;TUCUMAN;SIMOCA;90;91;4200
"Soja total";2023/24;TUCUMAN;SIMOCA;90;91;8400
"Soja total";2024/25;TUCUMAN;SIMOCA;90;91;7315
"Soja total";2017/18;TUCUMAN;"TAFI DEL VALLE";90;98;580
"Soja total";2015/16;TUCUMAN;"TAFI VIEJO";90;105;1240
"Soja total";2016/17;TUCUMAN;"TAFI VIEJO";90;105;1400
"Soja total";2018/19;TUCUMAN;"TAFI VIEJO";90;105;640
"Soja total";2019/20;TUCUMAN;"TAFI VIEJO";90;105;500
"Soja total";2020/21;TUCUMAN;"TAFI VIEJO";90;105;540
"Soja total";2021/22;TUCUMAN;"TAFI VIEJO";90;105;360
"Soja total";2022/23;TUCUMAN;"TAFI VIEJO";90;105;270
"Soja total";2023/24;TUCUMAN;"TAFI VIEJO";90;105;310
"Soja total";2024/25;TUCUMAN;"TAFI VIEJO";90;105;280
"Soja total";2019/20;TUCUMAN;"YERBA BUENA";90;119;420
"Soja total";2020/21;TUCUMAN;"YERBA BUENA";90;119;405
"Soja total";2021/22;TUCUMAN;"YERBA BUENA";90;119;110
"Soja total";2023/24;TUCUMAN;"YERBA BUENA";90;119;160
"Soja total";2024/25;TUCUMAN;"YERBA BUENA";90;119;145
Sorgo;2015/16;"BUENOS AIRES";"25 DE MAYO";6;854;4070
Sorgo;2016/17;"BUENOS AIRES";"25 DE MAYO";6;854;5550
Sorgo;2017/18;"BUENOS AIRES";"25 DE MAYO";6;854;1779
Sorgo;2018/19;"BUENOS AIRES";"25 DE MAYO";6;854;2525
Sorgo;2019/20;"BUENOS AIRES";"25 DE MAYO";6;854;2486
Sorgo;2020/21;"BUENOS AIRES";"25 DE MAYO";6;854;2707
Sorgo;2021/22;"BUENOS AIRES";"25 DE MAYO";6;854;3024
Sorgo;2022/23;"BUENOS AIRES";"25 DE MAYO";6;854;3059
Sorgo;2023/24;"BUENOS AIRES";"25 DE MAYO";6;854;3129
Sorgo;2024/25;"BUENOS AIRES";"25 DE MAYO";6;854;4152
Sorgo;2015/16;"BUENOS AIRES";"9 DE JULIO";6;588;1575
Sorgo;2016/17;"BUENOS AIRES";"9 DE JULIO";6;588;2400
Sorgo;2017/18;"BUENOS AIRES";"9 DE JULIO";6;588;16800
Sorgo;2018/19;"BUENOS AIRES";"9 DE JULIO";6;588;12000
Sorgo;2019/20;"BUENOS AIRES";"9 DE JULIO";6;588;1278
Sorgo;2020/21;"BUENOS AIRES";"9 DE JULIO";6;588;12150
Sorgo;2021/22;"BUENOS AIRES";"9 DE JULIO";6;588;17325
Sorgo;2022/23;"BUENOS AIRES";"9 DE JULIO";6;588;0
Sorgo;2023/24;"BUENOS AIRES";"9 DE JULIO";6;588;1125
Sorgo;2024/25;"BUENOS AIRES";"9 DE JULIO";6;588;780
Sorgo;2015/16;"BUENOS AIRES";"ADOLFO ALSINA";6;7;63550
Sorgo;2016/17;"BUENOS AIRES";"ADOLFO ALSINA";6;7;86000
Sorgo;2017/18;"BUENOS AIRES";"ADOLFO ALSINA";6;7;44100
Sorgo;2018/19;"BUENOS AIRES";"ADOLFO ALSINA";6;7;45000
Sorgo;2019/20;"BUENOS AIRES";"ADOLFO ALSINA";6;7;23400
Sorgo;2020/21;"BUENOS AIRES";"ADOLFO ALSINA";6;7;15750
Sorgo;2021/22;"BUENOS AIRES";"ADOLFO ALSINA";6;7;8000
Sorgo;2022/23;"BUENOS AIRES";"ADOLFO ALSINA";6;7;7500
Sorgo;2023/24;"BUENOS AIRES";"ADOLFO ALSINA";6;7;6000
Sorgo;2024/25;"BUENOS AIRES";"ADOLFO ALSINA";6;7;3000
Sorgo;2019/20;"BUENOS AIRES";"ADOLFO GONZALES CHAVES";6;14;2000
Sorgo;2020/21;"BUENOS AIRES";"ADOLFO GONZALES CHAVES";6;14;0
Sorgo;2021/22;"BUENOS AIRES";"ADOLFO GONZALES CHAVES";6;14;540
Sorgo;2022/23;"BUENOS AIRES";"ADOLFO GONZALES CHAVES";6;14;2436
Sorgo;2024/25;"BUENOS AIRES";"ADOLFO GONZALES CHAVES";6;14;0
Sorgo;2015/16;"BUENOS AIRES";ALBERTI;6;21;3200
Sorgo;2016/17;"BUENOS AIRES";ALBERTI;6;21;2000
Sorgo;2017/18;"BUENOS AIRES";ALBERTI;6;21;2800
Sorgo;2018/19;"BUENOS AIRES";ALBERTI;6;21;3000
Sorgo;2019/20;"BUENOS AIRES";ALBERTI;6;21;3543
Sorgo;2020/21;"BUENOS AIRES";ALBERTI;6;21;4050
Sorgo;2021/22;"BUENOS AIRES";ALBERTI;6;21;4830
Sorgo;2022/23;"BUENOS AIRES";ALBERTI;6;21;0
Sorgo;2023/24;"BUENOS AIRES";ALBERTI;6;21;675
Sorgo;2024/25;"BUENOS AIRES";ALBERTI;6;21;200
Sorgo;2015/16;"BUENOS AIRES";ARRECIFES;6;77;4800
Sorgo;2016/17;"BUENOS AIRES";ARRECIFES;6;77;10780
Sorgo;2017/18;"BUENOS AIRES";ARRECIFES;6;77;1254
Sorgo;2018/19;"BUENOS AIRES";ARRECIFES;6;77;4080
Sorgo;2019/20;"BUENOS AIRES";ARRECIFES;6;77;4020
Sorgo;2020/21;"BUENOS AIRES";ARRECIFES;6;77;11880
Sorgo;2021/22;"BUENOS AIRES";ARRECIFES;6;77;10044
Sorgo;2022/23;"BUENOS AIRES";ARRECIFES;6;77;2356
Sorgo;2023/24;"BUENOS AIRES";ARRECIFES;6;77;5112
Sorgo;2024/25;"BUENOS AIRES";ARRECIFES;6;77;2900
Sorgo;2019/20;"BUENOS AIRES";AYACUCHO;6;42;4950
Sorgo;2020/21;"BUENOS AIRES";AYACUCHO;6;42;2000
Sorgo;2021/22;"BUENOS AIRES";AYACUCHO;6;42;10000
Sorgo;2022/23;"BUENOS AIRES";AYACUCHO;6;42;0
Sorgo;2023/24;"BUENOS AIRES";AYACUCHO;6;42;0
Sorgo;2024/25;"BUENOS AIRES";AYACUCHO;6;42;0
Sorgo;2015/16;"BUENOS AIRES";AZUL;6;49;10640
Sorgo;2016/17;"BUENOS AIRES";AZUL;6;49;1200
Sorgo;2017/18;"BUENOS AIRES";AZUL;6;49;SD
Sorgo;2018/19;"BUENOS AIRES";AZUL;6;49;0
Sorgo;2019/20;"BUENOS AIRES";AZUL;6;49;0
Sorgo;2020/21;"BUENOS AIRES";AZUL;6;49;549
Sorgo;2021/22;"BUENOS AIRES";AZUL;6;49;810
Sorgo;2015/16;"BUENOS AIRES";"BAHIA BLANCA";6;56;0
Sorgo;2016/17;"BUENOS AIRES";"BAHIA BLANCA";6;56;0
Sorgo;2017/18;"BUENOS AIRES";"BAHIA BLANCA";6;56;SD
Sorgo;2018/19;"BUENOS AIRES";"BAHIA BLANCA";6;56;0
Sorgo;2019/20;"BUENOS AIRES";"BAHIA BLANCA";6;56;0
Sorgo;2020/21;"BUENOS AIRES";"BAHIA BLANCA";6;56;0
Sorgo;2021/22;"BUENOS AIRES";"BAHIA BLANCA";6;56;0
Sorgo;2022/23;"BUENOS AIRES";"BAHIA BLANCA";6;56;0
Sorgo;2023/24;"BUENOS AIRES";"BAHIA BLANCA";6;56;0
Sorgo;2024/25;"BUENOS AIRES";"BAHIA BLANCA";6;56;0
Sorgo;2015/16;"BUENOS AIRES";BALCARCE;6;63;5200
Sorgo;2016/17;"BUENOS AIRES";BALCARCE;6;63;880
Sorgo;2020/21;"BUENOS AIRES";BALCARCE;6;63;655
Sorgo;2021/22;"BUENOS AIRES";BALCARCE;6;63;1096
Sorgo;2015/16;"BUENOS AIRES";BARADERO;6;70;4030
Sorgo;2016/17;"BUENOS AIRES";BARADERO;6;70;5200
Sorgo;2017/18;"BUENOS AIRES";BARADERO;6;70;1650
Sorgo;2018/19;"BUENOS AIRES";BARADERO;6;70;5950
Sorgo;2019/20;"BUENOS AIRES";BARADERO;6;70;4690
Sorgo;2020/21;"BUENOS AIRES";BARADERO;6;70;4693
Sorgo;2021/22;"BUENOS AIRES";BARADERO;6;70;4337
Sorgo;2022/23;"BUENOS AIRES";BARADERO;6;70;1944
Sorgo;2023/24;"BUENOS AIRES";BARADERO;6;70;3151
Sorgo;2024/25;"BUENOS AIRES";BARADERO;6;70;3135
Sorgo;2016/17;"BUENOS AIRES";"BENITO JUAREZ";6;84;400
Sorgo;2017/18;"BUENOS AIRES";"BENITO JUAREZ";6;84;SD
Sorgo;2018/19;"BUENOS AIRES";"BENITO JUAREZ";6;84;0
Sorgo;2019/20;"BUENOS AIRES";"BENITO JUAREZ";6;84;0
Sorgo;2020/21;"BUENOS AIRES";"BENITO JUAREZ";6;84;1050
Sorgo;2021/22;"BUENOS AIRES";"BENITO JUAREZ";6;84;2325
Sorgo;2015/16;"BUENOS AIRES";BOLIVAR;6;105;6500
Sorgo;2019/20;"BUENOS AIRES";BOLIVAR;6;105;2700
Sorgo;2020/21;"BUENOS AIRES";BOLIVAR;6;105;3250
Sorgo;2021/22;"BUENOS AIRES";BOLIVAR;6;105;3250
Sorgo;2022/23;"BUENOS AIRES";BOLIVAR;6;105;3300
Sorgo;2023/24;"BUENOS AIRES";BOLIVAR;6;105;2600
Sorgo;2024/25;"BUENOS AIRES";BOLIVAR;6;105;4813
Sorgo;2015/16;"BUENOS AIRES";BRAGADO;6;112;2400
Sorgo;2016/17;"BUENOS AIRES";BRAGADO;6;112;3750
Sorgo;2017/18;"BUENOS AIRES";BRAGADO;6;112;5600
Sorgo;2018/19;"BUENOS AIRES";BRAGADO;6;112;6000
Sorgo;2019/20;"BUENOS AIRES";BRAGADO;6;112;2521
Sorgo;2020/21;"BUENOS AIRES";BRAGADO;6;112;3240
Sorgo;2021/22;"BUENOS AIRES";BRAGADO;6;112;4130
Sorgo;2022/23;"BUENOS AIRES";BRAGADO;6;112;0
Sorgo;2023/24;"BUENOS AIRES";BRAGADO;6;112;630
Sorgo;2024/25;"BUENOS AIRES";BRAGADO;6;112;800
Sorgo;2015/16;"BUENOS AIRES";BRANDSEN;6;119;1977
Sorgo;2016/17;"BUENOS AIRES";BRANDSEN;6;119;2380
Sorgo;2017/18;"BUENOS AIRES";BRANDSEN;6;119;3000
Sorgo;2018/19;"BUENOS AIRES";BRANDSEN;6;119;3400
Sorgo;2019/20;"BUENOS AIRES";BRANDSEN;6;119;3400
Sorgo;2020/21;"BUENOS AIRES";BRANDSEN;6;119;6800
Sorgo;2021/22;"BUENOS AIRES";BRANDSEN;6;119;0
Sorgo;2022/23;"BUENOS AIRES";BRANDSEN;6;119;3000
Sorgo;2023/24;"BUENOS AIRES";BRANDSEN;6;119;5200
Sorgo;2024/25;"BUENOS AIRES";BRANDSEN;6;119;4400
Sorgo;2015/16;"BUENOS AIRES";CAMPANA;6;126;2100
Sorgo;2016/17;"BUENOS AIRES";CAMPANA;6;126;2400
Sorgo;2017/18;"BUENOS AIRES";CAMPANA;6;126;1800
Sorgo;2018/19;"BUENOS AIRES";CAMPANA;6;126;2100
Sorgo;2019/20;"BUENOS AIRES";CAMPANA;6;126;2070
Sorgo;2020/21;"BUENOS AIRES";CAMPANA;6;126;1020
Sorgo;2021/22;"BUENOS AIRES";CAMPANA;6;126;274
Sorgo;2022/23;"BUENOS AIRES";CAMPANA;6;126;200
Sorgo;2023/24;"BUENOS AIRES";CAMPANA;6;126;900
Sorgo;2024/25;"BUENOS AIRES";CAMPANA;6;126;1160
Sorgo;2015/16;"BUENOS AIRES";CANUELAS;6;134;1485
Sorgo;2016/17;"BUENOS AIRES";CANUELAS;6;134;1540
Sorgo;2017/18;"BUENOS AIRES";CANUELAS;6;134;2400
Sorgo;2018/19;"BUENOS AIRES";CANUELAS;6;134;2720
Sorgo;2019/20;"BUENOS AIRES";CANUELAS;6;134;2720
Sorgo;2020/21;"BUENOS AIRES";CANUELAS;6;134;7820
Sorgo;2021/22;"BUENOS AIRES";CANUELAS;6;134;2600
Sorgo;2022/23;"BUENOS AIRES";CANUELAS;6;134;4000
Sorgo;2023/24;"BUENOS AIRES";CANUELAS;6;134;5940
Sorgo;2024/25;"BUENOS AIRES";CANUELAS;6;134;4950
Sorgo;2015/16;"BUENOS AIRES";"CAPITAN SARMIENTO";6;140;3250
Sorgo;2016/17;"BUENOS AIRES";"CAPITAN SARMIENTO";6;140;3400
Sorgo;2017/18;"BUENOS AIRES";"CAPITAN SARMIENTO";6;140;550
Sorgo;2018/19;"BUENOS AIRES";"CAPITAN SARMIENTO";6;140;915
Sorgo;2019/20;"BUENOS AIRES";"CAPITAN SARMIENTO";6;140;3300
Sorgo;2020/21;"BUENOS AIRES";"CAPITAN SARMIENTO";6;140;5311
Sorgo;2021/22;"BUENOS AIRES";"CAPITAN SARMIENTO";6;140;1981
Sorgo;2022/23;"BUENOS AIRES";"CAPITAN SARMIENTO";6;140;880
Sorgo;2023/24;"BUENOS AIRES";"CAPITAN SARMIENTO";6;140;3624
Sorgo;2024/25;"BUENOS AIRES";"CAPITAN SARMIENTO";6;140;2900
Sorgo;2015/16;"BUENOS AIRES";"CARLOS CASARES";6;147;1650
Sorgo;2016/17;"BUENOS AIRES";"CARLOS CASARES";6;147;650
Sorgo;2017/18;"BUENOS AIRES";"CARLOS CASARES";6;147;780
Sorgo;2018/19;"BUENOS AIRES";"CARLOS CASARES";6;147;1500
Sorgo;2019/20;"BUENOS AIRES";"CARLOS CASARES";6;147;1140
Sorgo;2020/21;"BUENOS AIRES";"CARLOS CASARES";6;147;6500
Sorgo;2021/22;"BUENOS AIRES";"CARLOS CASARES";6;147;2737
Sorgo;2022/23;"BUENOS AIRES";"CARLOS CASARES";6;147;2250
Sorgo;2023/24;"BUENOS AIRES";"CARLOS CASARES";6;147;737
Sorgo;2024/25;"BUENOS AIRES";"CARLOS CASARES";6;147;696
Sorgo;2015/16;"BUENOS AIRES";"CARLOS TEJEDOR";6;154;1100
Sorgo;2016/17;"BUENOS AIRES";"CARLOS TEJEDOR";6;154;4980
Sorgo;2017/18;"BUENOS AIRES";"CARLOS TEJEDOR";6;154;1850
Sorgo;2018/19;"BUENOS AIRES";"CARLOS TEJEDOR";6;154;3750
Sorgo;2019/20;"BUENOS AIRES";"CARLOS TEJEDOR";6;154;2600
Sorgo;2020/21;"BUENOS AIRES";"CARLOS TEJEDOR";6;154;16500
Sorgo;2021/22;"BUENOS AIRES";"CARLOS TEJEDOR";6;154;10478
Sorgo;2022/23;"BUENOS AIRES";"CARLOS TEJEDOR";6;154;11250
Sorgo;2023/24;"BUENOS AIRES";"CARLOS TEJEDOR";6;154;4388
Sorgo;2024/25;"BUENOS AIRES";"CARLOS TEJEDOR";6;154;3840
Sorgo;2015/16;"BUENOS AIRES";"CARMEN DE ARECO";6;161;6600
Sorgo;2016/17;"BUENOS AIRES";"CARMEN DE ARECO";6;161;4988
Sorgo;2017/18;"BUENOS AIRES";"CARMEN DE ARECO";6;161;2400
Sorgo;2018/19;"BUENOS AIRES";"CARMEN DE ARECO";6;161;3720
Sorgo;2019/20;"BUENOS AIRES";"CARMEN DE ARECO";6;161;3328
Sorgo;2020/21;"BUENOS AIRES";"CARMEN DE ARECO";6;161;3600
Sorgo;2021/22;"BUENOS AIRES";"CARMEN DE ARECO";6;161;4940
Sorgo;2022/23;"BUENOS AIRES";"CARMEN DE ARECO";6;161;4000
Sorgo;2023/24;"BUENOS AIRES";"CARMEN DE ARECO";6;161;5900
Sorgo;2024/25;"BUENOS AIRES";"CARMEN DE ARECO";6;161;3500
Sorgo;2016/17;"BUENOS AIRES";CASTELLI;6;168;0
Sorgo;2019/20;"BUENOS AIRES";CASTELLI;6;168;1980
Sorgo;2020/21;"BUENOS AIRES";CASTELLI;6;168;0
Sorgo;2021/22;"BUENOS AIRES";CASTELLI;6;168;1000
Sorgo;2015/16;"BUENOS AIRES";CHACABUCO;6;210;6600
Sorgo;2016/17;"BUENOS AIRES";CHACABUCO;6;210;2925
Sorgo;2017/18;"BUENOS AIRES";CHACABUCO;6;210;5750
Sorgo;2018/19;"BUENOS AIRES";CHACABUCO;6;210;3500
Sorgo;2019/20;"BUENOS AIRES";CHACABUCO;6;210;9240
Sorgo;2020/21;"BUENOS AIRES";CHACABUCO;6;210;4800
Sorgo;2021/22;"BUENOS AIRES";CHACABUCO;6;210;6820
Sorgo;2022/23;"BUENOS AIRES";CHACABUCO;6;210;5600
Sorgo;2023/24;"BUENOS AIRES";CHACABUCO;6;210;8400
Sorgo;2024/25;"BUENOS AIRES";CHACABUCO;6;210;5320
Sorgo;2015/16;"BUENOS AIRES";CHASCOMUS;6;217;3953
Sorgo;2016/17;"BUENOS AIRES";CHASCOMUS;6;217;4225
Sorgo;2017/18;"BUENOS AIRES";CHASCOMUS;6;217;4760
Sorgo;2018/19;"BUENOS AIRES";CHASCOMUS;6;217;4760
Sorgo;2019/20;"BUENOS AIRES";CHASCOMUS;6;217;4760
Sorgo;2020/21;"BUENOS AIRES";CHASCOMUS;6;217;7480
Sorgo;2021/22;"BUENOS AIRES";CHASCOMUS;6;217;4550
Sorgo;2022/23;"BUENOS AIRES";CHASCOMUS;6;217;3000
Sorgo;2023/24;"BUENOS AIRES";CHASCOMUS;6;217;5200
Sorgo;2024/25;"BUENOS AIRES";CHASCOMUS;6;217;4400
Sorgo;2015/16;"BUENOS AIRES";CHIVILCOY;6;224;1344
Sorgo;2016/17;"BUENOS AIRES";CHIVILCOY;6;224;2000
Sorgo;2017/18;"BUENOS AIRES";CHIVILCOY;6;224;2800
Sorgo;2018/19;"BUENOS AIRES";CHIVILCOY;6;224;3000
Sorgo;2019/20;"BUENOS AIRES";CHIVILCOY;6;224;1527
Sorgo;2020/21;"BUENOS AIRES";CHIVILCOY;6;224;2022
Sorgo;2021/22;"BUENOS AIRES";CHIVILCOY;6;224;2730
Sorgo;2022/23;"BUENOS AIRES";CHIVILCOY;6;224;0
Sorgo;2023/24;"BUENOS AIRES";CHIVILCOY;6;224;900
Sorgo;2024/25;"BUENOS AIRES";CHIVILCOY;6;224;800
Sorgo;2015/16;"BUENOS AIRES";COLON;6;175;2310
Sorgo;2016/17;"BUENOS AIRES";COLON;6;175;1305
Sorgo;2017/18;"BUENOS AIRES";COLON;6;175;1200
Sorgo;2018/19;"BUENOS AIRES";COLON;6;175;2160
Sorgo;2019/20;"BUENOS AIRES";COLON;6;175;4200
Sorgo;2020/21;"BUENOS AIRES";COLON;6;175;6046
Sorgo;2021/22;"BUENOS AIRES";COLON;6;175;6421
Sorgo;2022/23;"BUENOS AIRES";COLON;6;175;1364
Sorgo;2023/24;"BUENOS AIRES";COLON;6;175;3410
Sorgo;2024/25;"BUENOS AIRES";COLON;6;175;2700
Sorgo;2015/16;"BUENOS AIRES";"CORONEL DE MARINA L ROSALES";6;182;0
Sorgo;2016/17;"BUENOS AIRES";"CORONEL DE MARINA L ROSALES";6;182;0
Sorgo;2017/18;"BUENOS AIRES";"CORONEL DE MARINA L ROSALES";6;182;SD
Sorgo;2018/19;"BUENOS AIRES";"CORONEL DE MARINA L ROSALES";6;182;0
Sorgo;2019/20;"BUENOS AIRES";"CORONEL DE MARINA L ROSALES";6;182;0
Sorgo;2020/21;"BUENOS AIRES";"CORONEL DE MARINA L ROSALES";6;182;0
Sorgo;2021/22;"BUENOS AIRES";"CORONEL DE MARINA L ROSALES";6;182;0
Sorgo;2022/23;"BUENOS AIRES";"CORONEL DE MARINA L ROSALES";6;182;0
Sorgo;2023/24;"BUENOS AIRES";"CORONEL DE MARINA L ROSALES";6;182;0
Sorgo;2024/25;"BUENOS AIRES";"CORONEL DE MARINA L ROSALES";6;182;0
Sorgo;2019/20;"BUENOS AIRES";"CORONEL DORREGO";6;189;6400
Sorgo;2020/21;"BUENOS AIRES";"CORONEL DORREGO";6;189;4500
Sorgo;2021/22;"BUENOS AIRES";"CORONEL DORREGO";6;189;195
Sorgo;2022/23;"BUENOS AIRES";"CORONEL DORREGO";6;189;1664
Sorgo;2023/24;"BUENOS AIRES";"CORONEL DORREGO";6;189;0
Sorgo;2024/25;"BUENOS AIRES";"CORONEL DORREGO";6;189;0
Sorgo;2019/20;"BUENOS AIRES";"CORONEL PRINGLES";6;196;4800
Sorgo;2020/21;"BUENOS AIRES";"CORONEL PRINGLES";6;196;6750
Sorgo;2021/22;"BUENOS AIRES";"CORONEL PRINGLES";6;196;408
Sorgo;2022/23;"BUENOS AIRES";"CORONEL PRINGLES";6;196;4337
Sorgo;2023/24;"BUENOS AIRES";"CORONEL PRINGLES";6;196;0
Sorgo;2024/25;"BUENOS AIRES";"CORONEL PRINGLES";6;196;0
Sorgo;2015/16;"BUENOS AIRES";"CORONEL SUAREZ";6;203;1140
Sorgo;2016/17;"BUENOS AIRES";"CORONEL SUAREZ";6;203;9600
Sorgo;2017/18;"BUENOS AIRES";"CORONEL SUAREZ";6;203;7000
Sorgo;2018/19;"BUENOS AIRES";"CORONEL SUAREZ";6;203;1760
Sorgo;2019/20;"BUENOS AIRES";"CORONEL SUAREZ";6;203;5700
Sorgo;2020/21;"BUENOS AIRES";"CORONEL SUAREZ";6;203;8000
Sorgo;2021/22;"BUENOS AIRES";"CORONEL SUAREZ";6;203;4000
Sorgo;2022/23;"BUENOS AIRES";"CORONEL SUAREZ";6;203;8000
Sorgo;2023/24;"BUENOS AIRES";"CORONEL SUAREZ";6;203;10000
Sorgo;2024/25;"BUENOS AIRES";"CORONEL SUAREZ";6;203;10000
Sorgo;2015/16;"BUENOS AIRES";DAIREAUX;6;231;6000
Sorgo;2019/20;"BUENOS AIRES";DAIREAUX;6;231;2700
Sorgo;2020/21;"BUENOS AIRES";DAIREAUX;6;231;2275
Sorgo;2021/22;"BUENOS AIRES";DAIREAUX;6;231;3900
Sorgo;2022/23;"BUENOS AIRES";DAIREAUX;6;231;5400
Sorgo;2023/24;"BUENOS AIRES";DAIREAUX;6;231;3102
Sorgo;2024/25;"BUENOS AIRES";DAIREAUX;6;231;3150
Sorgo;2023/24;"BUENOS AIRES";DOLORES;6;238;0
Sorgo;2015/16;"BUENOS AIRES";"EXALTACION DE LA CRUZ";6;266;2360
Sorgo;2016/17;"BUENOS AIRES";"EXALTACION DE LA CRUZ";6;266;2460
Sorgo;2017/18;"BUENOS AIRES";"EXALTACION DE LA CRUZ";6;266;1040
Sorgo;2018/19;"BUENOS AIRES";"EXALTACION DE LA CRUZ";6;266;1500
Sorgo;2019/20;"BUENOS AIRES";"EXALTACION DE LA CRUZ";6;266;1340
Sorgo;2020/21;"BUENOS AIRES";"EXALTACION DE LA CRUZ";6;266;3900
Sorgo;2021/22;"BUENOS AIRES";"EXALTACION DE LA CRUZ";6;266;1060
Sorgo;2022/23;"BUENOS AIRES";"EXALTACION DE LA CRUZ";6;266;200
Sorgo;2023/24;"BUENOS AIRES";"EXALTACION DE LA CRUZ";6;266;300
Sorgo;2024/25;"BUENOS AIRES";"EXALTACION DE LA CRUZ";6;266;570
Sorgo;2015/16;"BUENOS AIRES";"FLORENTINO AMEGHINO";6;277;2280
Sorgo;2016/17;"BUENOS AIRES";"FLORENTINO AMEGHINO";6;277;2940
Sorgo;2017/18;"BUENOS AIRES";"FLORENTINO AMEGHINO";6;277;8424
Sorgo;2018/19;"BUENOS AIRES";"FLORENTINO AMEGHINO";6;277;6945
Sorgo;2019/20;"BUENOS AIRES";"FLORENTINO AMEGHINO";6;277;6305
Sorgo;2020/21;"BUENOS AIRES";"FLORENTINO AMEGHINO";6;277;3055
Sorgo;2021/22;"BUENOS AIRES";"FLORENTINO AMEGHINO";6;277;3960
Sorgo;2022/23;"BUENOS AIRES";"FLORENTINO AMEGHINO";6;277;7020
Sorgo;2023/24;"BUENOS AIRES";"FLORENTINO AMEGHINO";6;277;7990
Sorgo;2024/25;"BUENOS AIRES";"FLORENTINO AMEGHINO";6;277;12150
Sorgo;2015/16;"BUENOS AIRES";"GENERAL ALVARADO";6;280;1950
Sorgo;2016/17;"BUENOS AIRES";"GENERAL ALVARADO";6;280;420
Sorgo;2021/22;"BUENOS AIRES";"GENERAL ALVARADO";6;280;70
Sorgo;2015/16;"BUENOS AIRES";"GENERAL ALVEAR";6;287;9000
Sorgo;2019/20;"BUENOS AIRES";"GENERAL ALVEAR";6;287;2100
Sorgo;2020/21;"BUENOS AIRES";"GENERAL ALVEAR";6;287;975
Sorgo;2021/22;"BUENOS AIRES";"GENERAL ALVEAR";6;287;975
Sorgo;2022/23;"BUENOS AIRES";"GENERAL ALVEAR";6;287;1650
Sorgo;2023/24;"BUENOS AIRES";"GENERAL ALVEAR";6;287;910
Sorgo;2024/25;"BUENOS AIRES";"GENERAL ALVEAR";6;287;1050
Sorgo;2015/16;"BUENOS AIRES";"GENERAL ARENALES";6;294;4480
Sorgo;2016/17;"BUENOS AIRES";"GENERAL ARENALES";6;294;1550
Sorgo;2017/18;"BUENOS AIRES";"GENERAL ARENALES";6;294;4000
Sorgo;2018/19;"BUENOS AIRES";"GENERAL ARENALES";6;294;2040
Sorgo;2019/20;"BUENOS AIRES";"GENERAL ARENALES";6;294;6720
Sorgo;2020/21;"BUENOS AIRES";"GENERAL ARENALES";6;294;1560
Sorgo;2021/22;"BUENOS AIRES";"GENERAL ARENALES";6;294;4288
Sorgo;2022/23;"BUENOS AIRES";"GENERAL ARENALES";6;294;2250
Sorgo;2023/24;"BUENOS AIRES";"GENERAL ARENALES";6;294;3000
Sorgo;2024/25;"BUENOS AIRES";"GENERAL ARENALES";6;294;2000
Sorgo;2017/18;"BUENOS AIRES";"GENERAL BELGRANO";6;301;881
Sorgo;2018/19;"BUENOS AIRES";"GENERAL BELGRANO";6;301;1124
Sorgo;2019/20;"BUENOS AIRES";"GENERAL BELGRANO";6;301;1104
Sorgo;2020/21;"BUENOS AIRES";"GENERAL BELGRANO";6;301;635
Sorgo;2021/22;"BUENOS AIRES";"GENERAL BELGRANO";6;301;706
Sorgo;2022/23;"BUENOS AIRES";"GENERAL BELGRANO";6;301;993
Sorgo;2023/24;"BUENOS AIRES";"GENERAL BELGRANO";6;301;901
Sorgo;2024/25;"BUENOS AIRES";"GENERAL BELGRANO";6;301;1200
Sorgo;2019/20;"BUENOS AIRES";"GENERAL GUIDO";6;308;264
Sorgo;2023/24;"BUENOS AIRES";"GENERAL GUIDO";6;308;0
Sorgo;2024/25;"BUENOS AIRES";"GENERAL GUIDO";6;308;0
Sorgo;2016/17;"BUENOS AIRES";"GENERAL JUAN MADARIAGA";6;315;0
Sorgo;2021/22;"BUENOS AIRES";"GENERAL JUAN MADARIAGA";6;315;1040
Sorgo;2023/24;"BUENOS AIRES";"GENERAL JUAN MADARIAGA";6;315;0
Sorgo;2024/25;"BUENOS AIRES";"GENERAL JUAN MADARIAGA";6;315;0
Sorgo;2015/16;"BUENOS AIRES";"GENERAL LA MADRID";6;322;0
Sorgo;2016/17;"BUENOS AIRES";"GENERAL LA MADRID";6;322;8400
Sorgo;2017/18;"BUENOS AIRES";"GENERAL LA MADRID";6;322;5500
Sorgo;2018/19;"BUENOS AIRES";"GENERAL LA MADRID";6;322;3300
Sorgo;2019/20;"BUENOS AIRES";"GENERAL LA MADRID";6;322;5700
Sorgo;2020/21;"BUENOS AIRES";"GENERAL LA MADRID";6;322;5950
Sorgo;2021/22;"BUENOS AIRES";"GENERAL LA MADRID";6;322;3740
Sorgo;2022/23;"BUENOS AIRES";"GENERAL LA MADRID";6;322;6000
Sorgo;2023/24;"BUENOS AIRES";"GENERAL LA MADRID";6;322;8000
Sorgo;2024/25;"BUENOS AIRES";"GENERAL LA MADRID";6;322;8000
Sorgo;2015/16;"BUENOS AIRES";"GENERAL LAS HERAS";6;329;485
Sorgo;2016/17;"BUENOS AIRES";"GENERAL LAS HERAS";6;329;536
Sorgo;2017/18;"BUENOS AIRES";"GENERAL LAS HERAS";6;329;1800
Sorgo;2018/19;"BUENOS AIRES";"GENERAL LAS HERAS";6;329;2040
Sorgo;2019/20;"BUENOS AIRES";"GENERAL LAS HERAS";6;329;2040
Sorgo;2020/21;"BUENOS AIRES";"GENERAL LAS HERAS";6;329;3400
Sorgo;2021/22;"BUENOS AIRES";"GENERAL LAS HERAS";6;329;1950
Sorgo;2022/23;"BUENOS AIRES";"GENERAL LAS HERAS";6;329;1500
Sorgo;2023/24;"BUENOS AIRES";"GENERAL LAS HERAS";6;329;3200
Sorgo;2024/25;"BUENOS AIRES";"GENERAL LAS HERAS";6;329;2750
Sorgo;2015/16;"BUENOS AIRES";"GENERAL PAZ";6;343;1463
Sorgo;2016/17;"BUENOS AIRES";"GENERAL PAZ";6;343;1452
Sorgo;2017/18;"BUENOS AIRES";"GENERAL PAZ";6;343;1340
Sorgo;2018/19;"BUENOS AIRES";"GENERAL PAZ";6;343;1360
Sorgo;2019/20;"BUENOS AIRES";"GENERAL PAZ";6;343;1360
Sorgo;2020/21;"BUENOS AIRES";"GENERAL PAZ";6;343;3400
Sorgo;2021/22;"BUENOS AIRES";"GENERAL PAZ";6;343;1300
Sorgo;2022/23;"BUENOS AIRES";"GENERAL PAZ";6;343;2500
Sorgo;2023/24;"BUENOS AIRES";"GENERAL PAZ";6;343;2680
Sorgo;2024/25;"BUENOS AIRES";"GENERAL PAZ";6;343;2200
Sorgo;2015/16;"BUENOS AIRES";"GENERAL PINTO";6;351;2320
Sorgo;2016/17;"BUENOS AIRES";"GENERAL PINTO";6;351;3870
Sorgo;2017/18;"BUENOS AIRES";"GENERAL PINTO";6;351;10175
Sorgo;2018/19;"BUENOS AIRES";"GENERAL PINTO";6;351;10005
Sorgo;2019/20;"BUENOS AIRES";"GENERAL PINTO";6;351;2522
Sorgo;2020/21;"BUENOS AIRES";"GENERAL PINTO";6;351;240
Sorgo;2021/22;"BUENOS AIRES";"GENERAL PINTO";6;351;2700
Sorgo;2022/23;"BUENOS AIRES";"GENERAL PINTO";6;351;3320
Sorgo;2023/24;"BUENOS AIRES";"GENERAL PINTO";6;351;4650
Sorgo;2024/25;"BUENOS AIRES";"GENERAL PINTO";6;351;10235
Sorgo;2015/16;"BUENOS AIRES";"GENERAL VIAMONTE";6;385;4860
Sorgo;2016/17;"BUENOS AIRES";"GENERAL VIAMONTE";6;385;7728
Sorgo;2017/18;"BUENOS AIRES";"GENERAL VIAMONTE";6;385;1600
Sorgo;2018/19;"BUENOS AIRES";"GENERAL VIAMONTE";6;385;1275
Sorgo;2019/20;"BUENOS AIRES";"GENERAL VIAMONTE";6;385;2852
Sorgo;2020/21;"BUENOS AIRES";"GENERAL VIAMONTE";6;385;1750
Sorgo;2021/22;"BUENOS AIRES";"GENERAL VIAMONTE";6;385;2350
Sorgo;2022/23;"BUENOS AIRES";"GENERAL VIAMONTE";6;385;2025
Sorgo;2023/24;"BUENOS AIRES";"GENERAL VIAMONTE";6;385;5160
Sorgo;2024/25;"BUENOS AIRES";"GENERAL VIAMONTE";6;385;12690
Sorgo;2015/16;"BUENOS AIRES";"GENERAL VILLEGAS";6;392;7280
Sorgo;2016/17;"BUENOS AIRES";"GENERAL VILLEGAS";6;392;2926
Sorgo;2017/18;"BUENOS AIRES";"GENERAL VILLEGAS";6;392;23511
Sorgo;2018/19;"BUENOS AIRES";"GENERAL VILLEGAS";6;392;20337
Sorgo;2019/20;"BUENOS AIRES";"GENERAL VILLEGAS";6;392;4113
Sorgo;2020/21;"BUENOS AIRES";"GENERAL VILLEGAS";6;392;10350
Sorgo;2021/22;"BUENOS AIRES";"GENERAL VILLEGAS";6;392;4300
Sorgo;2022/23;"BUENOS AIRES";"GENERAL VILLEGAS";6;392;22550
Sorgo;2023/24;"BUENOS AIRES";"GENERAL VILLEGAS";6;392;31500
Sorgo;2024/25;"BUENOS AIRES";"GENERAL VILLEGAS";6;392;26400
Sorgo;2015/16;"BUENOS AIRES";GUAMINI;6;399;50600
Sorgo;2016/17;"BUENOS AIRES";GUAMINI;6;399;69000
Sorgo;2017/18;"BUENOS AIRES";GUAMINI;6;399;22050
Sorgo;2018/19;"BUENOS AIRES";GUAMINI;6;399;21600
Sorgo;2019/20;"BUENOS AIRES";GUAMINI;6;399;23400
Sorgo;2020/21;"BUENOS AIRES";GUAMINI;6;399;11900
Sorgo;2021/22;"BUENOS AIRES";GUAMINI;6;399;4500
Sorgo;2022/23;"BUENOS AIRES";GUAMINI;6;399;4350
Sorgo;2023/24;"BUENOS AIRES";GUAMINI;6;399;4500
Sorgo;2024/25;"BUENOS AIRES";GUAMINI;6;399;2030
Sorgo;2015/16;"BUENOS AIRES";"HIPOLITO YRIGOYEN";6;406;2000
Sorgo;2019/20;"BUENOS AIRES";"HIPOLITO YRIGOYEN";6;406;900
Sorgo;2021/22;"BUENOS AIRES";"HIPOLITO YRIGOYEN";6;406;975
Sorgo;2022/23;"BUENOS AIRES";"HIPOLITO YRIGOYEN";6;406;1000
Sorgo;2023/24;"BUENOS AIRES";"HIPOLITO YRIGOYEN";6;406;1105
Sorgo;2024/25;"BUENOS AIRES";"HIPOLITO YRIGOYEN";6;406;700
Sorgo;2015/16;"BUENOS AIRES";JUNIN;6;413;14000
Sorgo;2016/17;"BUENOS AIRES";JUNIN;6;413;4960
Sorgo;2017/18;"BUENOS AIRES";JUNIN;6;413;7500
Sorgo;2018/19;"BUENOS AIRES";JUNIN;6;413;3400
Sorgo;2019/20;"BUENOS AIRES";JUNIN;6;413;10240
Sorgo;2020/21;"BUENOS AIRES";JUNIN;6;413;6050
Sorgo;2021/22;"BUENOS AIRES";JUNIN;6;413;8370
Sorgo;2022/23;"BUENOS AIRES";JUNIN;6;413;8400
Sorgo;2023/24;"BUENOS AIRES";JUNIN;6;413;13200
Sorgo;2024/25;"BUENOS AIRES";JUNIN;6;413;6800
Sorgo;2015/16;"BUENOS AIRES";"LA PLATA";6;441;305
Sorgo;2016/17;"BUENOS AIRES";"LA PLATA";6;441;268
Sorgo;2017/18;"BUENOS AIRES";"LA PLATA";6;441;335
Sorgo;2018/19;"BUENOS AIRES";"LA PLATA";6;441;340
Sorgo;2019/20;"BUENOS AIRES";"LA PLATA";6;441;340
Sorgo;2020/21;"BUENOS AIRES";"LA PLATA";6;441;340
Sorgo;2021/22;"BUENOS AIRES";"LA PLATA";6;441;325
Sorgo;2022/23;"BUENOS AIRES";"LA PLATA";6;441;250
Sorgo;2023/24;"BUENOS AIRES";"LA PLATA";6;441;340
Sorgo;2024/25;"BUENOS AIRES";"LA PLATA";6;441;275
Sorgo;2019/20;"BUENOS AIRES";LAPRIDA;6;448;5070
Sorgo;2020/21;"BUENOS AIRES";LAPRIDA;6;448;2250
Sorgo;2021/22;"BUENOS AIRES";LAPRIDA;6;448;342
Sorgo;2022/23;"BUENOS AIRES";LAPRIDA;6;448;6090
Sorgo;2023/24;"BUENOS AIRES";LAPRIDA;6;448;0
Sorgo;2024/25;"BUENOS AIRES";LAPRIDA;6;448;0
Sorgo;2015/16;"BUENOS AIRES";"LAS FLORES";6;455;2850
Sorgo;2016/17;"BUENOS AIRES";"LAS FLORES";6;455;3800
Sorgo;2017/18;"BUENOS AIRES";"LAS FLORES";6;455;1421
Sorgo;2018/19;"BUENOS AIRES";"LAS FLORES";6;455;2016
Sorgo;2019/20;"BUENOS AIRES";"LAS FLORES";6;455;1984
Sorgo;2020/21;"BUENOS AIRES";"LAS FLORES";6;455;642
Sorgo;2021/22;"BUENOS AIRES";"LAS FLORES";6;455;1871
Sorgo;2022/23;"BUENOS AIRES";"LAS FLORES";6;455;1894
Sorgo;2023/24;"BUENOS AIRES";"LAS FLORES";6;455;1831
Sorgo;2024/25;"BUENOS AIRES";"LAS FLORES";6;455;2432
Sorgo;2015/16;"BUENOS AIRES";"LEANDRO N. ALEM";6;462;4400
Sorgo;2016/17;"BUENOS AIRES";"LEANDRO N. ALEM";6;462;5750
Sorgo;2017/18;"BUENOS AIRES";"LEANDRO N. ALEM";6;462;1458
Sorgo;2018/19;"BUENOS AIRES";"LEANDRO N. ALEM";6;462;2112
Sorgo;2019/20;"BUENOS AIRES";"LEANDRO N. ALEM";6;462;2095
Sorgo;2020/21;"BUENOS AIRES";"LEANDRO N. ALEM";6;462;490
Sorgo;2021/22;"BUENOS AIRES";"LEANDRO N. ALEM";6;462;2300
Sorgo;2022/23;"BUENOS AIRES";"LEANDRO N. ALEM";6;462;1140
Sorgo;2023/24;"BUENOS AIRES";"LEANDRO N. ALEM";6;462;890
Sorgo;2024/25;"BUENOS AIRES";"LEANDRO N. ALEM";6;462;7820
Sorgo;2023/24;"BUENOS AIRES";LEZAMA;6;466;1300
Sorgo;2024/25;"BUENOS AIRES";LEZAMA;6;466;1100
Sorgo;2015/16;"BUENOS AIRES";LINCOLN;6;469;6050
Sorgo;2016/17;"BUENOS AIRES";LINCOLN;6;469;7360
Sorgo;2017/18;"BUENOS AIRES";LINCOLN;6;469;20800
Sorgo;2018/19;"BUENOS AIRES";LINCOLN;6;469;17971
Sorgo;2019/20;"BUENOS AIRES";LINCOLN;6;469;9399
Sorgo;2020/21;"BUENOS AIRES";LINCOLN;6;469;7275
Sorgo;2021/22;"BUENOS AIRES";LINCOLN;6;469;6750
Sorgo;2022/23;"BUENOS AIRES";LINCOLN;6;469;14000
Sorgo;2023/24;"BUENOS AIRES";LINCOLN;6;469;18400
Sorgo;2024/25;"BUENOS AIRES";LINCOLN;6;469;16275
Sorgo;2015/16;"BUENOS AIRES";LOBERIA;6;476;8800
Sorgo;2016/17;"BUENOS AIRES";LOBERIA;6;476;1505
Sorgo;2017/18;"BUENOS AIRES";LOBERIA;6;476;SD
Sorgo;2018/19;"BUENOS AIRES";LOBERIA;6;476;0
Sorgo;2019/20;"BUENOS AIRES";LOBERIA;6;476;0
Sorgo;2020/21;"BUENOS AIRES";LOBERIA;6;476;2279
Sorgo;2021/22;"BUENOS AIRES";LOBERIA;6;476;825
Sorgo;2015/16;"BUENOS AIRES";LOBOS;6;483;2040
Sorgo;2016/17;"BUENOS AIRES";LOBOS;6;483;3150
Sorgo;2017/18;"BUENOS AIRES";LOBOS;6;483;890
Sorgo;2018/19;"BUENOS AIRES";LOBOS;6;483;1265
Sorgo;2019/20;"BUENOS AIRES";LOBOS;6;483;1245
Sorgo;2020/21;"BUENOS AIRES";LOBOS;6;483;1913
Sorgo;2021/22;"BUENOS AIRES";LOBOS;6;483;2143
Sorgo;2022/23;"BUENOS AIRES";LOBOS;6;483;2173
Sorgo;2023/24;"BUENOS AIRES";LOBOS;6;483;2221
Sorgo;2024/25;"BUENOS AIRES";LOBOS;6;483;2944
Sorgo;2015/16;"BUENOS AIRES";LUJAN;6;497;1473
Sorgo;2016/17;"BUENOS AIRES";LUJAN;6;497;1428
Sorgo;2017/18;"BUENOS AIRES";LUJAN;6;497;2600
Sorgo;2018/19;"BUENOS AIRES";LUJAN;6;497;2720
Sorgo;2019/20;"BUENOS AIRES";LUJAN;6;497;2720
Sorgo;2020/21;"BUENOS AIRES";LUJAN;6;497;5440
Sorgo;2021/22;"BUENOS AIRES";LUJAN;6;497;2600
Sorgo;2022/23;"BUENOS AIRES";LUJAN;6;497;3500
Sorgo;2023/24;"BUENOS AIRES";LUJAN;6;497;5280
Sorgo;2024/25;"BUENOS AIRES";LUJAN;6;497;4400
Sorgo;2015/16;"BUENOS AIRES";MAGDALENA;6;505;2499
Sorgo;2016/17;"BUENOS AIRES";MAGDALENA;6;505;2535
Sorgo;2017/18;"BUENOS AIRES";MAGDALENA;6;505;2380
Sorgo;2018/19;"BUENOS AIRES";MAGDALENA;6;505;2380
Sorgo;2019/20;"BUENOS AIRES";MAGDALENA;6;505;2380
Sorgo;2020/21;"BUENOS AIRES";MAGDALENA;6;505;3060
Sorgo;2021/22;"BUENOS AIRES";MAGDALENA;6;505;2240
Sorgo;2022/23;"BUENOS AIRES";MAGDALENA;6;505;1000
Sorgo;2023/24;"BUENOS AIRES";MAGDALENA;6;505;2880
Sorgo;2024/25;"BUENOS AIRES";MAGDALENA;6;505;2475
Sorgo;2016/17;"BUENOS AIRES";MAIPU;6;511;0
Sorgo;2019/20;"BUENOS AIRES";MAIPU;6;511;396
Sorgo;2020/21;"BUENOS AIRES";MAIPU;6;511;0
Sorgo;2021/22;"BUENOS AIRES";MAIPU;6;511;500
Sorgo;2023/24;"BUENOS AIRES";MAIPU;6;511;0
Sorgo;2024/25;"BUENOS AIRES";MAIPU;6;511;0
Sorgo;2016/17;"BUENOS AIRES";"MAR CHIQUITA";6;518;0
Sorgo;2019/20;"BUENOS AIRES";"MAR CHIQUITA";6;518;660
Sorgo;2020/21;"BUENOS AIRES";"MAR CHIQUITA";6;518;550
Sorgo;2021/22;"BUENOS AIRES";"MAR CHIQUITA";6;518;2496
Sorgo;2022/23;"BUENOS AIRES";"MAR CHIQUITA";6;518;0
Sorgo;2023/24;"BUENOS AIRES";"MAR CHIQUITA";6;518;0
Sorgo;2024/25;"BUENOS AIRES";"MAR CHIQUITA";6;518;0
Sorgo;2015/16;"BUENOS AIRES";"MARCOS PAZ";6;525;1822
Sorgo;2016/17;"BUENOS AIRES";"MARCOS PAZ";6;525;1794
Sorgo;2017/18;"BUENOS AIRES";"MARCOS PAZ";6;525;1240
Sorgo;2018/19;"BUENOS AIRES";"MARCOS PAZ";6;525;1360
Sorgo;2019/20;"BUENOS AIRES";"MARCOS PAZ";6;525;1360
Sorgo;2020/21;"BUENOS AIRES";"MARCOS PAZ";6;525;3060
Sorgo;2021/22;"BUENOS AIRES";"MARCOS PAZ";6;525;1300
Sorgo;2022/23;"BUENOS AIRES";"MARCOS PAZ";6;525;1000
Sorgo;2023/24;"BUENOS AIRES";"MARCOS PAZ";6;525;3015
Sorgo;2024/25;"BUENOS AIRES";"MARCOS PAZ";6;525;2475
Sorgo;2015/16;"BUENOS AIRES";MERCEDES;6;532;6000
Sorgo;2016/17;"BUENOS AIRES";MERCEDES;6;532;8640
Sorgo;2017/18;"BUENOS AIRES";MERCEDES;6;532;10080
Sorgo;2018/19;"BUENOS AIRES";MERCEDES;6;532;3000
Sorgo;2019/20;"BUENOS AIRES";MERCEDES;6;532;547
Sorgo;2020/21;"BUENOS AIRES";MERCEDES;6;532;1620
Sorgo;2021/22;"BUENOS AIRES";MERCEDES;6;532;3080
Sorgo;2022/23;"BUENOS AIRES";MERCEDES;6;532;0
Sorgo;2023/24;"BUENOS AIRES";MERCEDES;6;532;945
Sorgo;2024/25;"BUENOS AIRES";MERCEDES;6;532;450
Sorgo;2015/16;"BUENOS AIRES";MONTE;6;547;1750
Sorgo;2016/17;"BUENOS AIRES";MONTE;6;547;2800
Sorgo;2017/18;"BUENOS AIRES";MONTE;6;547;355
Sorgo;2018/19;"BUENOS AIRES";MONTE;6;547;504
Sorgo;2019/20;"BUENOS AIRES";MONTE;6;547;497
Sorgo;2020/21;"BUENOS AIRES";MONTE;6;547;872
Sorgo;2021/22;"BUENOS AIRES";MONTE;6;547;963
Sorgo;2022/23;"BUENOS AIRES";MONTE;6;547;976
Sorgo;2023/24;"BUENOS AIRES";MONTE;6;547;997
Sorgo;2024/25;"BUENOS AIRES";MONTE;6;547;1326
Sorgo;2015/16;"BUENOS AIRES";NAVARRO;6;574;2520
Sorgo;2016/17;"BUENOS AIRES";NAVARRO;6;574;3600
Sorgo;2017/18;"BUENOS AIRES";NAVARRO;6;574;1421
Sorgo;2018/19;"BUENOS AIRES";NAVARRO;6;574;2016
Sorgo;2019/20;"BUENOS AIRES";NAVARRO;6;574;1989
Sorgo;2020/21;"BUENOS AIRES";NAVARRO;6;574;764
Sorgo;2021/22;"BUENOS AIRES";NAVARRO;6;574;855
Sorgo;2022/23;"BUENOS AIRES";NAVARRO;6;574;865
Sorgo;2023/24;"BUENOS AIRES";NAVARRO;6;574;838
Sorgo;2024/25;"BUENOS AIRES";NAVARRO;6;574;1118
Sorgo;2019/20;"BUENOS AIRES";NECOCHEA;6;581;2460
Sorgo;2020/21;"BUENOS AIRES";NECOCHEA;6;581;0
Sorgo;2021/22;"BUENOS AIRES";NECOCHEA;6;581;238
Sorgo;2022/23;"BUENOS AIRES";NECOCHEA;6;581;2505
Sorgo;2023/24;"BUENOS AIRES";NECOCHEA;6;581;0
Sorgo;2024/25;"BUENOS AIRES";NECOCHEA;6;581;0
Sorgo;2015/16;"BUENOS AIRES";OLAVARRIA;6;595;14500
Sorgo;2017/18;"BUENOS AIRES";OLAVARRIA;6;595;12000
Sorgo;2019/20;"BUENOS AIRES";OLAVARRIA;6;595;3000
Sorgo;2020/21;"BUENOS AIRES";OLAVARRIA;6;595;650
Sorgo;2021/22;"BUENOS AIRES";OLAVARRIA;6;595;1950
Sorgo;2022/23;"BUENOS AIRES";OLAVARRIA;6;595;3000
Sorgo;2023/24;"BUENOS AIRES";OLAVARRIA;6;595;3055
Sorgo;2024/25;"BUENOS AIRES";OLAVARRIA;6;595;1680
Sorgo;2015/16;"BUENOS AIRES";PATAGONES;6;602;0
Sorgo;2016/17;"BUENOS AIRES";PATAGONES;6;602;0
Sorgo;2017/18;"BUENOS AIRES";PATAGONES;6;602;SD
Sorgo;2018/19;"BUENOS AIRES";PATAGONES;6;602;0
Sorgo;2019/20;"BUENOS AIRES";PATAGONES;6;602;0
Sorgo;2020/21;"BUENOS AIRES";PATAGONES;6;602;0
Sorgo;2021/22;"BUENOS AIRES";PATAGONES;6;602;0
Sorgo;2022/23;"BUENOS AIRES";PATAGONES;6;602;0
Sorgo;2023/24;"BUENOS AIRES";PATAGONES;6;602;0
Sorgo;2024/25;"BUENOS AIRES";PATAGONES;6;602;0
Sorgo;2015/16;"BUENOS AIRES";PEHUAJO;6;609;14400
Sorgo;2016/17;"BUENOS AIRES";PEHUAJO;6;609;4225
Sorgo;2017/18;"BUENOS AIRES";PEHUAJO;6;609;1330
Sorgo;2018/19;"BUENOS AIRES";PEHUAJO;6;609;2275
Sorgo;2019/20;"BUENOS AIRES";PEHUAJO;6;609;1995
Sorgo;2020/21;"BUENOS AIRES";PEHUAJO;6;609;7500
Sorgo;2021/22;"BUENOS AIRES";PEHUAJO;6;609;7298
Sorgo;2022/23;"BUENOS AIRES";PEHUAJO;6;609;4950
Sorgo;2023/24;"BUENOS AIRES";PEHUAJO;6;609;2976
Sorgo;2024/25;"BUENOS AIRES";PEHUAJO;6;609;4224
Sorgo;2015/16;"BUENOS AIRES";PELLEGRINI;6;616;19950
Sorgo;2016/17;"BUENOS AIRES";PELLEGRINI;6;616;25800
Sorgo;2017/18;"BUENOS AIRES";PELLEGRINI;6;616;12600
Sorgo;2018/19;"BUENOS AIRES";PELLEGRINI;6;616;14440
Sorgo;2019/20;"BUENOS AIRES";PELLEGRINI;6;616;11408
Sorgo;2020/21;"BUENOS AIRES";PELLEGRINI;6;616;9000
Sorgo;2021/22;"BUENOS AIRES";PELLEGRINI;6;616;6400
Sorgo;2022/23;"BUENOS AIRES";PELLEGRINI;6;616;1500
Sorgo;2023/24;"BUENOS AIRES";PELLEGRINI;6;616;1600
Sorgo;2024/25;"BUENOS AIRES";PELLEGRINI;6;616;1600
Sorgo;2015/16;"BUENOS AIRES";PERGAMINO;6;623;12920
Sorgo;2016/17;"BUENOS AIRES";PERGAMINO;6;623;40480
Sorgo;2017/18;"BUENOS AIRES";PERGAMINO;6;623;12000
Sorgo;2018/19;"BUENOS AIRES";PERGAMINO;6;623;21816
Sorgo;2019/20;"BUENOS AIRES";PERGAMINO;6;623;14413
Sorgo;2020/21;"BUENOS AIRES";PERGAMINO;6;623;34442
Sorgo;2021/22;"BUENOS AIRES";PERGAMINO;6;623;44282
Sorgo;2022/23;"BUENOS AIRES";PERGAMINO;6;623;23044
Sorgo;2023/24;"BUENOS AIRES";PERGAMINO;6;623;33749
Sorgo;2024/25;"BUENOS AIRES";PERGAMINO;6;623;23200
Sorgo;2020/21;"BUENOS AIRES";PILA;6;630;2000
Sorgo;2021/22;"BUENOS AIRES";PILA;6;630;2500
Sorgo;2023/24;"BUENOS AIRES";PILA;6;630;0
Sorgo;2024/25;"BUENOS AIRES";PILA;6;630;0
Sorgo;2015/16;"BUENOS AIRES";PILAR;6;638;459
Sorgo;2016/17;"BUENOS AIRES";PILAR;6;638;455
Sorgo;2017/18;"BUENOS AIRES";PILAR;6;638;1950
Sorgo;2018/19;"BUENOS AIRES";PILAR;6;638;2040
Sorgo;2019/20;"BUENOS AIRES";PILAR;6;638;2040
Sorgo;2020/21;"BUENOS AIRES";PILAR;6;638;3400
Sorgo;2021/22;"BUENOS AIRES";PILAR;6;638;1950
Sorgo;2022/23;"BUENOS AIRES";PILAR;6;638;1500
Sorgo;2023/24;"BUENOS AIRES";PILAR;6;638;3400
Sorgo;2024/25;"BUENOS AIRES";PILAR;6;638;2750
Sorgo;2015/16;"BUENOS AIRES";PUAN;6;651;1750
Sorgo;2016/17;"BUENOS AIRES";PUAN;6;651;9000
Sorgo;2017/18;"BUENOS AIRES";PUAN;6;651;6750
Sorgo;2018/19;"BUENOS AIRES";PUAN;6;651;1600
Sorgo;2019/20;"BUENOS AIRES";PUAN;6;651;3120
Sorgo;2020/21;"BUENOS AIRES";PUAN;6;651;3900
Sorgo;2021/22;"BUENOS AIRES";PUAN;6;651;5200
Sorgo;2022/23;"BUENOS AIRES";PUAN;6;651;6000
Sorgo;2023/24;"BUENOS AIRES";PUAN;6;651;6000
Sorgo;2024/25;"BUENOS AIRES";PUAN;6;651;6000
Sorgo;2015/16;"BUENOS AIRES";"PUNTA INDIO";6;655;2424
Sorgo;2016/17;"BUENOS AIRES";"PUNTA INDIO";6;655;2600
Sorgo;2017/18;"BUENOS AIRES";"PUNTA INDIO";6;655;2640
Sorgo;2018/19;"BUENOS AIRES";"PUNTA INDIO";6;655;2720
Sorgo;2019/20;"BUENOS AIRES";"PUNTA INDIO";6;655;2720
Sorgo;2020/21;"BUENOS AIRES";"PUNTA INDIO";6;655;4080
Sorgo;2021/22;"BUENOS AIRES";"PUNTA INDIO";6;655;2560
Sorgo;2022/23;"BUENOS AIRES";"PUNTA INDIO";6;655;2000
Sorgo;2023/24;"BUENOS AIRES";"PUNTA INDIO";6;655;3840
Sorgo;2024/25;"BUENOS AIRES";"PUNTA INDIO";6;655;3300
Sorgo;2015/16;"BUENOS AIRES";RAMALLO;6;665;900
Sorgo;2016/17;"BUENOS AIRES";RAMALLO;6;665;8400
Sorgo;2017/18;"BUENOS AIRES";RAMALLO;6;665;1040
Sorgo;2018/19;"BUENOS AIRES";RAMALLO;6;665;5170
Sorgo;2019/20;"BUENOS AIRES";RAMALLO;6;665;5025
Sorgo;2020/21;"BUENOS AIRES";RAMALLO;6;665;16250
Sorgo;2021/22;"BUENOS AIRES";RAMALLO;6;665;24840
Sorgo;2022/23;"BUENOS AIRES";RAMALLO;6;665;1199
Sorgo;2023/24;"BUENOS AIRES";RAMALLO;6;665;5928
Sorgo;2024/25;"BUENOS AIRES";RAMALLO;6;665;5415
Sorgo;2019/20;"BUENOS AIRES";RAUCH;6;672;1650
Sorgo;2020/21;"BUENOS AIRES";RAUCH;6;672;1350
Sorgo;2021/22;"BUENOS AIRES";RAUCH;6;672;2500
Sorgo;2022/23;"BUENOS AIRES";RAUCH;6;672;0
Sorgo;2023/24;"BUENOS AIRES";RAUCH;6;672;0
Sorgo;2024/25;"BUENOS AIRES";RAUCH;6;672;0
Sorgo;2015/16;"BUENOS AIRES";RIVADAVIA;6;679;975
Sorgo;2016/17;"BUENOS AIRES";RIVADAVIA;6;679;350
Sorgo;2017/18;"BUENOS AIRES";RIVADAVIA;6;679;500
Sorgo;2018/19;"BUENOS AIRES";RIVADAVIA;6;679;750
Sorgo;2019/20;"BUENOS AIRES";RIVADAVIA;6;679;620
Sorgo;2020/21;"BUENOS AIRES";RIVADAVIA;6;679;4400
Sorgo;2021/22;"BUENOS AIRES";RIVADAVIA;6;679;4866
Sorgo;2022/23;"BUENOS AIRES";RIVADAVIA;6;679;5000
Sorgo;2023/24;"BUENOS AIRES";RIVADAVIA;6;679;3011
Sorgo;2024/25;"BUENOS AIRES";RIVADAVIA;6;679;2822
Sorgo;2015/16;"BUENOS AIRES";ROJAS;6;686;5800
Sorgo;2016/17;"BUENOS AIRES";ROJAS;6;686;9796
Sorgo;2017/18;"BUENOS AIRES";ROJAS;6;686;10800
Sorgo;2018/19;"BUENOS AIRES";ROJAS;6;686;4500
Sorgo;2019/20;"BUENOS AIRES";ROJAS;6;686;8960
Sorgo;2020/21;"BUENOS AIRES";ROJAS;6;686;12650
Sorgo;2021/22;"BUENOS AIRES";ROJAS;6;686;15500
Sorgo;2022/23;"BUENOS AIRES";ROJAS;6;686;6840
Sorgo;2023/24;"BUENOS AIRES";ROJAS;6;686;14000
Sorgo;2024/25;"BUENOS AIRES";ROJAS;6;686;8400
Sorgo;2015/16;"BUENOS AIRES";"ROQUE PEREZ";6;693;1750
Sorgo;2016/17;"BUENOS AIRES";"ROQUE PEREZ";6;693;2800
Sorgo;2017/18;"BUENOS AIRES";"ROQUE PEREZ";6;693;1066
Sorgo;2018/19;"BUENOS AIRES";"ROQUE PEREZ";6;693;1517
Sorgo;2019/20;"BUENOS AIRES";"ROQUE PEREZ";6;693;1492
Sorgo;2020/21;"BUENOS AIRES";"ROQUE PEREZ";6;693;1386
Sorgo;2021/22;"BUENOS AIRES";"ROQUE PEREZ";6;693;1529
Sorgo;2022/23;"BUENOS AIRES";"ROQUE PEREZ";6;693;1546
Sorgo;2023/24;"BUENOS AIRES";"ROQUE PEREZ";6;693;1494
Sorgo;2024/25;"BUENOS AIRES";"ROQUE PEREZ";6;693;1987
Sorgo;2015/16;"BUENOS AIRES";SAAVEDRA;6;700;1750
Sorgo;2016/17;"BUENOS AIRES";SAAVEDRA;6;700;12000
Sorgo;2017/18;"BUENOS AIRES";SAAVEDRA;6;700;9000
Sorgo;2018/19;"BUENOS AIRES";SAAVEDRA;6;700;3600
Sorgo;2019/20;"BUENOS AIRES";SAAVEDRA;6;700;4800
Sorgo;2020/21;"BUENOS AIRES";SAAVEDRA;6;700;10800
Sorgo;2021/22;"BUENOS AIRES";SAAVEDRA;6;700;18000
Sorgo;2022/23;"BUENOS AIRES";SAAVEDRA;6;700;6000
Sorgo;2023/24;"BUENOS AIRES";SAAVEDRA;6;700;8000
Sorgo;2024/25;"BUENOS AIRES";SAAVEDRA;6;700;6000
Sorgo;2015/16;"BUENOS AIRES";SALADILLO;6;707;2340
Sorgo;2016/17;"BUENOS AIRES";SALADILLO;6;707;3500
Sorgo;2017/18;"BUENOS AIRES";SALADILLO;6;707;1763
Sorgo;2018/19;"BUENOS AIRES";SALADILLO;6;707;2525
Sorgo;2019/20;"BUENOS AIRES";SALADILLO;6;707;2486
Sorgo;2020/21;"BUENOS AIRES";SALADILLO;6;707;3080
Sorgo;2021/22;"BUENOS AIRES";SALADILLO;6;707;3396
Sorgo;2022/23;"BUENOS AIRES";SALADILLO;6;707;3436
Sorgo;2023/24;"BUENOS AIRES";SALADILLO;6;707;3518
Sorgo;2024/25;"BUENOS AIRES";SALADILLO;6;707;4670
Sorgo;2015/16;"BUENOS AIRES";SALLIQUELO;6;721;11760
Sorgo;2016/17;"BUENOS AIRES";SALLIQUELO;6;721;18000
Sorgo;2017/18;"BUENOS AIRES";SALLIQUELO;6;721;6300
Sorgo;2018/19;"BUENOS AIRES";SALLIQUELO;6;721;7220
Sorgo;2019/20;"BUENOS AIRES";SALLIQUELO;6;721;6013
Sorgo;2020/21;"BUENOS AIRES";SALLIQUELO;6;721;5400
Sorgo;2021/22;"BUENOS AIRES";SALLIQUELO;6;721;3200
Sorgo;2022/23;"BUENOS AIRES";SALLIQUELO;6;721;1500
Sorgo;2023/24;"BUENOS AIRES";SALLIQUELO;6;721;1600
Sorgo;2024/25;"BUENOS AIRES";SALLIQUELO;6;721;1500
Sorgo;2015/16;"BUENOS AIRES";SALTO;6;714;1950
Sorgo;2016/17;"BUENOS AIRES";SALTO;6;714;2550
Sorgo;2017/18;"BUENOS AIRES";SALTO;6;714;1650
Sorgo;2018/19;"BUENOS AIRES";SALTO;6;714;2730
Sorgo;2019/20;"BUENOS AIRES";SALTO;6;714;3500
Sorgo;2020/21;"BUENOS AIRES";SALTO;6;714;20400
Sorgo;2021/22;"BUENOS AIRES";SALTO;6;714;8520
Sorgo;2022/23;"BUENOS AIRES";SALTO;6;714;8500
Sorgo;2023/24;"BUENOS AIRES";SALTO;6;714;9747
Sorgo;2024/25;"BUENOS AIRES";SALTO;6;714;1800
Sorgo;2015/16;"BUENOS AIRES";"SAN ANDRES DE GILES";6;728;9180
Sorgo;2016/17;"BUENOS AIRES";"SAN ANDRES DE GILES";6;728;5742
Sorgo;2017/18;"BUENOS AIRES";"SAN ANDRES DE GILES";6;728;3200
Sorgo;2018/19;"BUENOS AIRES";"SAN ANDRES DE GILES";6;728;1860
Sorgo;2019/20;"BUENOS AIRES";"SAN ANDRES DE GILES";6;728;3720
Sorgo;2020/21;"BUENOS AIRES";"SAN ANDRES DE GILES";6;728;4000
Sorgo;2021/22;"BUENOS AIRES";"SAN ANDRES DE GILES";6;728;4845
Sorgo;2022/23;"BUENOS AIRES";"SAN ANDRES DE GILES";6;728;3360
Sorgo;2023/24;"BUENOS AIRES";"SAN ANDRES DE GILES";6;728;5600
Sorgo;2024/25;"BUENOS AIRES";"SAN ANDRES DE GILES";6;728;2800
Sorgo;2015/16;"BUENOS AIRES";"SAN ANTONIO DE ARECO";6;735;1240
Sorgo;2016/17;"BUENOS AIRES";"SAN ANTONIO DE ARECO";6;735;1640
Sorgo;2017/18;"BUENOS AIRES";"SAN ANTONIO DE ARECO";6;735;1100
Sorgo;2018/19;"BUENOS AIRES";"SAN ANTONIO DE ARECO";6;735;1500
Sorgo;2019/20;"BUENOS AIRES";"SAN ANTONIO DE ARECO";6;735;2040
Sorgo;2020/21;"BUENOS AIRES";"SAN ANTONIO DE ARECO";6;735;5330
Sorgo;2021/22;"BUENOS AIRES";"SAN ANTONIO DE ARECO";6;735;2466
Sorgo;2022/23;"BUENOS AIRES";"SAN ANTONIO DE ARECO";6;735;103
Sorgo;2023/24;"BUENOS AIRES";"SAN ANTONIO DE ARECO";6;735;1074
Sorgo;2024/25;"BUENOS AIRES";"SAN ANTONIO DE ARECO";6;735;1160
Sorgo;2020/21;"BUENOS AIRES";"SAN CAYETANO";6;742;0
Sorgo;2021/22;"BUENOS AIRES";"SAN CAYETANO";6;742;283
Sorgo;2022/23;"BUENOS AIRES";"SAN CAYETANO";6;742;1612
Sorgo;2023/24;"BUENOS AIRES";"SAN CAYETANO";6;742;0
Sorgo;2024/25;"BUENOS AIRES";"SAN CAYETANO";6;742;0
Sorgo;2015/16;"BUENOS AIRES";"SAN NICOLAS";6;763;5040
Sorgo;2016/17;"BUENOS AIRES";"SAN NICOLAS";6;763;14450
Sorgo;2017/18;"BUENOS AIRES";"SAN NICOLAS";6;763;7018
Sorgo;2018/19;"BUENOS AIRES";"SAN NICOLAS";6;763;3293
Sorgo;2019/20;"BUENOS AIRES";"SAN NICOLAS";6;763;3740
Sorgo;2020/21;"BUENOS AIRES";"SAN NICOLAS";6;763;46920
Sorgo;2021/22;"BUENOS AIRES";"SAN NICOLAS";6;763;20768
Sorgo;2022/23;"BUENOS AIRES";"SAN NICOLAS";6;763;15671
Sorgo;2023/24;"BUENOS AIRES";"SAN NICOLAS";6;763;29383
Sorgo;2024/25;"BUENOS AIRES";"SAN NICOLAS";6;763;12390
Sorgo;2015/16;"BUENOS AIRES";"SAN PEDRO";6;770;1220
Sorgo;2016/17;"BUENOS AIRES";"SAN PEDRO";6;770;2100
Sorgo;2017/18;"BUENOS AIRES";"SAN PEDRO";6;770;550
Sorgo;2018/19;"BUENOS AIRES";"SAN PEDRO";6;770;5588
Sorgo;2019/20;"BUENOS AIRES";"SAN PEDRO";6;770;4760
Sorgo;2020/21;"BUENOS AIRES";"SAN PEDRO";6;770;22750
Sorgo;2021/22;"BUENOS AIRES";"SAN PEDRO";6;770;12373
Sorgo;2022/23;"BUENOS AIRES";"SAN PEDRO";6;770;4592
Sorgo;2023/24;"BUENOS AIRES";"SAN PEDRO";6;770;3108
Sorgo;2024/25;"BUENOS AIRES";"SAN PEDRO";6;770;2520
Sorgo;2015/16;"BUENOS AIRES";"SAN VICENTE";6;778;1052
Sorgo;2016/17;"BUENOS AIRES";"SAN VICENTE";6;778;1088
Sorgo;2017/18;"BUENOS AIRES";"SAN VICENTE";6;778;1240
Sorgo;2018/19;"BUENOS AIRES";"SAN VICENTE";6;778;1360
Sorgo;2019/20;"BUENOS AIRES";"SAN VICENTE";6;778;1360
Sorgo;2020/21;"BUENOS AIRES";"SAN VICENTE";6;778;4420
Sorgo;2021/22;"BUENOS AIRES";"SAN VICENTE";6;778;1300
Sorgo;2022/23;"BUENOS AIRES";"SAN VICENTE";6;778;1800
Sorgo;2023/24;"BUENOS AIRES";"SAN VICENTE";6;778;4355
Sorgo;2024/25;"BUENOS AIRES";"SAN VICENTE";6;778;3025
Sorgo;2015/16;"BUENOS AIRES";SUIPACHA;6;784;800
Sorgo;2016/17;"BUENOS AIRES";SUIPACHA;6;784;3000
Sorgo;2017/18;"BUENOS AIRES";SUIPACHA;6;784;5600
Sorgo;2018/19;"BUENOS AIRES";SUIPACHA;6;784;3000
Sorgo;2019/20;"BUENOS AIRES";SUIPACHA;6;784;1910
Sorgo;2020/21;"BUENOS AIRES";SUIPACHA;6;784;1620
Sorgo;2021/22;"BUENOS AIRES";SUIPACHA;6;784;3430
Sorgo;2022/23;"BUENOS AIRES";SUIPACHA;6;784;0
Sorgo;2023/24;"BUENOS AIRES";SUIPACHA;6;784;225
Sorgo;2024/25;"BUENOS AIRES";SUIPACHA;6;784;0
Sorgo;2015/16;"BUENOS AIRES";TANDIL;6;791;5880
Sorgo;2016/17;"BUENOS AIRES";TANDIL;6;791;7040
Sorgo;2017/18;"BUENOS AIRES";TANDIL;6;791;SD
Sorgo;2018/19;"BUENOS AIRES";TANDIL;6;791;0
Sorgo;2019/20;"BUENOS AIRES";TANDIL;6;791;0
Sorgo;2020/21;"BUENOS AIRES";TANDIL;6;791;683
Sorgo;2021/22;"BUENOS AIRES";TANDIL;6;791;1340
Sorgo;2015/16;"BUENOS AIRES";TAPALQUE;6;798;2000
Sorgo;2019/20;"BUENOS AIRES";TAPALQUE;6;798;600
Sorgo;2020/21;"BUENOS AIRES";TAPALQUE;6;798;3575
Sorgo;2021/22;"BUENOS AIRES";TAPALQUE;6;798;3900
Sorgo;2022/23;"BUENOS AIRES";TAPALQUE;6;798;3300
Sorgo;2023/24;"BUENOS AIRES";TAPALQUE;6;798;2405
Sorgo;2024/25;"BUENOS AIRES";TAPALQUE;6;798;1050
Sorgo;2023/24;"BUENOS AIRES";TORDILLO;6;812;0
Sorgo;2015/16;"BUENOS AIRES";TORNQUIST;6;819;4160
Sorgo;2016/17;"BUENOS AIRES";TORNQUIST;6;819;16500
Sorgo;2017/18;"BUENOS AIRES";TORNQUIST;6;819;12375
Sorgo;2018/19;"BUENOS AIRES";TORNQUIST;6;819;1440
Sorgo;2019/20;"BUENOS AIRES";TORNQUIST;6;819;1050
Sorgo;2020/21;"BUENOS AIRES";TORNQUIST;6;819;7500
Sorgo;2021/22;"BUENOS AIRES";TORNQUIST;6;819;10000
Sorgo;2022/23;"BUENOS AIRES";TORNQUIST;6;819;6000
Sorgo;2023/24;"BUENOS AIRES";TORNQUIST;6;819;6000
Sorgo;2024/25;"BUENOS AIRES";TORNQUIST;6;819;3000
Sorgo;2015/16;"BUENOS AIRES";"TRENQUE LAUQUEN";6;826;1200
Sorgo;2016/17;"BUENOS AIRES";"TRENQUE LAUQUEN";6;826;12354
Sorgo;2017/18;"BUENOS AIRES";"TRENQUE LAUQUEN";6;826;5550
Sorgo;2018/19;"BUENOS AIRES";"TRENQUE LAUQUEN";6;826;9750
Sorgo;2019/20;"BUENOS AIRES";"TRENQUE LAUQUEN";6;826;7500
Sorgo;2020/21;"BUENOS AIRES";"TRENQUE LAUQUEN";6;826;9900
Sorgo;2021/22;"BUENOS AIRES";"TRENQUE LAUQUEN";6;826;4576
Sorgo;2022/23;"BUENOS AIRES";"TRENQUE LAUQUEN";6;826;5500
Sorgo;2023/24;"BUENOS AIRES";"TRENQUE LAUQUEN";6;826;2610
Sorgo;2024/25;"BUENOS AIRES";"TRENQUE LAUQUEN";6;826;2010
Sorgo;2019/20;"BUENOS AIRES";"TRES ARROYOS";6;833;3280
Sorgo;2020/21;"BUENOS AIRES";"TRES ARROYOS";6;833;0
Sorgo;2021/22;"BUENOS AIRES";"TRES ARROYOS";6;833;188
Sorgo;2022/23;"BUENOS AIRES";"TRES ARROYOS";6;833;805
Sorgo;2023/24;"BUENOS AIRES";"TRES ARROYOS";6;833;0
Sorgo;2024/25;"BUENOS AIRES";"TRES ARROYOS";6;833;0
Sorgo;2015/16;"BUENOS AIRES";"TRES LOMAS";6;847;15960
Sorgo;2016/17;"BUENOS AIRES";"TRES LOMAS";6;847;23000
Sorgo;2017/18;"BUENOS AIRES";"TRES LOMAS";6;847;9450
Sorgo;2018/19;"BUENOS AIRES";"TRES LOMAS";6;847;10640
Sorgo;2019/20;"BUENOS AIRES";"TRES LOMAS";6;847;7215
Sorgo;2020/21;"BUENOS AIRES";"TRES LOMAS";6;847;1750
Sorgo;2021/22;"BUENOS AIRES";"TRES LOMAS";6;847;3400
Sorgo;2022/23;"BUENOS AIRES";"TRES LOMAS";6;847;0
Sorgo;2023/24;"BUENOS AIRES";"TRES LOMAS";6;847;1500
Sorgo;2024/25;"BUENOS AIRES";"TRES LOMAS";6;847;2250
Sorgo;2015/16;"BUENOS AIRES";VILLARINO;6;875;0
Sorgo;2016/17;"BUENOS AIRES";VILLARINO;6;875;0
Sorgo;2017/18;"BUENOS AIRES";VILLARINO;6;875;SD
Sorgo;2018/19;"BUENOS AIRES";VILLARINO;6;875;0
Sorgo;2019/20;"BUENOS AIRES";VILLARINO;6;875;0
Sorgo;2020/21;"BUENOS AIRES";VILLARINO;6;875;0
Sorgo;2021/22;"BUENOS AIRES";VILLARINO;6;875;0
Sorgo;2022/23;"BUENOS AIRES";VILLARINO;6;875;0
Sorgo;2023/24;"BUENOS AIRES";VILLARINO;6;875;0
Sorgo;2024/25;"BUENOS AIRES";VILLARINO;6;875;0
Sorgo;2015/16;"BUENOS AIRES";ZARATE;6;882;2400
Sorgo;2016/17;"BUENOS AIRES";ZARATE;6;882;2430
Sorgo;2017/18;"BUENOS AIRES";ZARATE;6;882;1500
Sorgo;2018/19;"BUENOS AIRES";ZARATE;6;882;1825
Sorgo;2019/20;"BUENOS AIRES";ZARATE;6;882;1400
Sorgo;2020/21;"BUENOS AIRES";ZARATE;6;882;650
Sorgo;2021/22;"BUENOS AIRES";ZARATE;6;882;273
Sorgo;2022/23;"BUENOS AIRES";ZARATE;6;882;400
Sorgo;2023/24;"BUENOS AIRES";ZARATE;6;882;580
Sorgo;2024/25;"BUENOS AIRES";ZARATE;6;882;580
Sorgo;2020/21;CATAMARCA;"EL ALTO";10;56;649
Sorgo;2021/22;CATAMARCA;"EL ALTO";10;56;638
Sorgo;2022/23;CATAMARCA;"EL ALTO";10;56;288
Sorgo;2023/24;CATAMARCA;"EL ALTO";10;56;936
Sorgo;2024/25;CATAMARCA;"EL ALTO";10;56;920
Sorgo;2015/16;CATAMARCA;"SANTA ROSA";10;98;940
Sorgo;2016/17;CATAMARCA;"SANTA ROSA";10;98;840
Sorgo;2017/18;CATAMARCA;"SANTA ROSA";10;98;230
Sorgo;2018/19;CATAMARCA;"SANTA ROSA";10;98;450
Sorgo;2019/20;CATAMARCA;"SANTA ROSA";10;98;6080
Sorgo;2020/21;CATAMARCA;"SANTA ROSA";10;98;2720
Sorgo;2021/22;CATAMARCA;"SANTA ROSA";10;98;2880
Sorgo;2022/23;CATAMARCA;"SANTA ROSA";10;98;2760
Sorgo;2023/24;CATAMARCA;"SANTA ROSA";10;98;4548
Sorgo;2024/25;CATAMARCA;"SANTA ROSA";10;98;3975
Sorgo;2015/16;CHACO;"12 DE OCTUBRE";22;36;18700
Sorgo;2016/17;CHACO;"12 DE OCTUBRE";22;36;12650
Sorgo;2017/18;CHACO;"12 DE OCTUBRE";22;36;12236
Sorgo;2018/19;CHACO;"12 DE OCTUBRE";22;36;11270
Sorgo;2019/20;CHACO;"12 DE OCTUBRE";22;36;11332
Sorgo;2020/21;CHACO;"12 DE OCTUBRE";22;36;34200
Sorgo;2021/22;CHACO;"12 DE OCTUBRE";22;36;23560
Sorgo;2022/23;CHACO;"12 DE OCTUBRE";22;36;15640
Sorgo;2023/24;CHACO;"12 DE OCTUBRE";22;36;6659
Sorgo;2024/25;CHACO;"12 DE OCTUBRE";22;36;4900
Sorgo;2015/16;CHACO;"2 DE ABRIL";22;39;21250
Sorgo;2016/17;CHACO;"2 DE ABRIL";22;39;12320
Sorgo;2017/18;CHACO;"2 DE ABRIL";22;39;13509
Sorgo;2018/19;CHACO;"2 DE ABRIL";22;39;13046
Sorgo;2019/20;CHACO;"2 DE ABRIL";22;39;10920
Sorgo;2020/21;CHACO;"2 DE ABRIL";22;39;27795
Sorgo;2021/22;CHACO;"2 DE ABRIL";22;39;13424
Sorgo;2022/23;CHACO;"2 DE ABRIL";22;39;9416
Sorgo;2023/24;CHACO;"2 DE ABRIL";22;39;5706
Sorgo;2024/25;CHACO;"2 DE ABRIL";22;39;7140
Sorgo;2015/16;CHACO;"25 DE MAYO";22;168;680
Sorgo;2016/17;CHACO;"25 DE MAYO";22;168;1820
Sorgo;2017/18;CHACO;"25 DE MAYO";22;168;1148
Sorgo;2018/19;CHACO;"25 DE MAYO";22;168;262
Sorgo;2019/20;CHACO;"25 DE MAYO";22;168;440
Sorgo;2020/21;CHACO;"25 DE MAYO";22;168;660
Sorgo;2021/22;CHACO;"25 DE MAYO";22;168;480
Sorgo;2022/23;CHACO;"25 DE MAYO";22;168;900
Sorgo;2023/24;CHACO;"25 DE MAYO";22;168;2132
Sorgo;2024/25;CHACO;"25 DE MAYO";22;168;540
Sorgo;2015/16;CHACO;"9 DE JULIO";22;105;16000
Sorgo;2016/17;CHACO;"9 DE JULIO";22;105;11712
Sorgo;2017/18;CHACO;"9 DE JULIO";22;105;11396
Sorgo;2018/19;CHACO;"9 DE JULIO";22;105;11529
Sorgo;2019/20;CHACO;"9 DE JULIO";22;105;9736
Sorgo;2020/21;CHACO;"9 DE JULIO";22;105;20720
Sorgo;2021/22;CHACO;"9 DE JULIO";22;105;14883
Sorgo;2022/23;CHACO;"9 DE JULIO";22;105;8360
Sorgo;2023/24;CHACO;"9 DE JULIO";22;105;17232
Sorgo;2024/25;CHACO;"9 DE JULIO";22;105;9660
Sorgo;2015/16;CHACO;"ALMIRANTE BROWN";22;7;25200
Sorgo;2016/17;CHACO;"ALMIRANTE BROWN";22;7;9750
Sorgo;2017/18;CHACO;"ALMIRANTE BROWN";22;7;19840
Sorgo;2018/19;CHACO;"ALMIRANTE BROWN";22;7;15178
Sorgo;2019/20;CHACO;"ALMIRANTE BROWN";22;7;16800
Sorgo;2020/21;CHACO;"ALMIRANTE BROWN";22;7;50220
Sorgo;2021/22;CHACO;"ALMIRANTE BROWN";22;7;38060
Sorgo;2022/23;CHACO;"ALMIRANTE BROWN";22;7;8400
Sorgo;2023/24;CHACO;"ALMIRANTE BROWN";22;7;31520
Sorgo;2024/25;CHACO;"ALMIRANTE BROWN";22;7;27900
Sorgo;2015/16;CHACO;BERMEJO;22;14;1440
Sorgo;2015/16;CHACO;CHACABUCO;22;28;17500
Sorgo;2016/17;CHACO;CHACABUCO;22;28;9760
Sorgo;2017/18;CHACO;CHACABUCO;22;28;9392
Sorgo;2018/19;CHACO;CHACABUCO;22;28;10861
Sorgo;2019/20;CHACO;CHACABUCO;22;28;11603
Sorgo;2020/21;CHACO;CHACABUCO;22;28;13255
Sorgo;2021/22;CHACO;CHACABUCO;22;28;6188
Sorgo;2022/23;CHACO;CHACABUCO;22;28;4510
Sorgo;2023/24;CHACO;CHACABUCO;22;28;7700
Sorgo;2024/25;CHACO;CHACABUCO;22;28;4760
Sorgo;2015/16;CHACO;"COMANDANTE FERNANDEZ";22;21;14000
Sorgo;2016/17;CHACO;"COMANDANTE FERNANDEZ";22;21;22160
Sorgo;2017/18;CHACO;"COMANDANTE FERNANDEZ";22;21;13076
Sorgo;2018/19;CHACO;"COMANDANTE FERNANDEZ";22;21;4135
Sorgo;2019/20;CHACO;"COMANDANTE FERNANDEZ";22;21;4750
Sorgo;2020/21;CHACO;"COMANDANTE FERNANDEZ";22;21;7290
Sorgo;2021/22;CHACO;"COMANDANTE FERNANDEZ";22;21;4500
Sorgo;2022/23;CHACO;"COMANDANTE FERNANDEZ";22;21;2800
Sorgo;2023/24;CHACO;"COMANDANTE FERNANDEZ";22;21;6600
Sorgo;2024/25;CHACO;"COMANDANTE FERNANDEZ";22;21;3600
Sorgo;2015/16;CHACO;"FRAY JUSTO SANTA MARIA DE ORO";22;43;16640
Sorgo;2016/17;CHACO;"FRAY JUSTO SANTA MARIA DE ORO";22;43;10200
Sorgo;2017/18;CHACO;"FRAY JUSTO SANTA MARIA DE ORO";22;43;11438
Sorgo;2018/19;CHACO;"FRAY JUSTO SANTA MARIA DE ORO";22;43;10095
Sorgo;2019/20;CHACO;"FRAY JUSTO SANTA MARIA DE ORO";22;43;9493
Sorgo;2020/21;CHACO;"FRAY JUSTO SANTA MARIA DE ORO";22;43;11408
Sorgo;2021/22;CHACO;"FRAY JUSTO SANTA MARIA DE ORO";22;43;6021
Sorgo;2022/23;CHACO;"FRAY JUSTO SANTA MARIA DE ORO";22;43;4380
Sorgo;2023/24;CHACO;"FRAY JUSTO SANTA MARIA DE ORO";22;43;7942
Sorgo;2024/25;CHACO;"FRAY JUSTO SANTA MARIA DE ORO";22;43;3360
Sorgo;2015/16;CHACO;"GENERAL BELGRANO";22;49;11900
Sorgo;2016/17;CHACO;"GENERAL BELGRANO";22;49;8640
Sorgo;2017/18;CHACO;"GENERAL BELGRANO";22;49;6535
Sorgo;2018/19;CHACO;"GENERAL BELGRANO";22;49;8381
Sorgo;2019/20;CHACO;"GENERAL BELGRANO";22;49;7495
Sorgo;2020/21;CHACO;"GENERAL BELGRANO";22;49;12330
Sorgo;2021/22;CHACO;"GENERAL BELGRANO";22;49;5828
Sorgo;2022/23;CHACO;"GENERAL BELGRANO";22;49;3080
Sorgo;2023/24;CHACO;"GENERAL BELGRANO";22;49;6061
Sorgo;2024/25;CHACO;"GENERAL BELGRANO";22;49;5440
Sorgo;2015/16;CHACO;"GENERAL GUEMES";22;63;7600
Sorgo;2016/17;CHACO;"GENERAL GUEMES";22;63;7920
Sorgo;2017/18;CHACO;"GENERAL GUEMES";22;63;3770
Sorgo;2018/19;CHACO;"GENERAL GUEMES";22;63;1912
Sorgo;2019/20;CHACO;"GENERAL GUEMES";22;63;3128
Sorgo;2020/21;CHACO;"GENERAL GUEMES";22;63;4480
Sorgo;2021/22;CHACO;"GENERAL GUEMES";22;63;5980
Sorgo;2022/23;CHACO;"GENERAL GUEMES";22;63;7840
Sorgo;2023/24;CHACO;"GENERAL GUEMES";22;63;6020
Sorgo;2024/25;CHACO;"GENERAL GUEMES";22;63;4320
Sorgo;2015/16;CHACO;INDEPENDENCIA;22;70;23400
Sorgo;2016/17;CHACO;INDEPENDENCIA;22;70;15880
Sorgo;2017/18;CHACO;INDEPENDENCIA;22;70;2430
Sorgo;2018/19;CHACO;INDEPENDENCIA;22;70;3389
Sorgo;2019/20;CHACO;INDEPENDENCIA;22;70;4788
Sorgo;2020/21;CHACO;INDEPENDENCIA;22;70;16008
Sorgo;2021/22;CHACO;INDEPENDENCIA;22;70;20150
Sorgo;2022/23;CHACO;INDEPENDENCIA;22;70;12906
Sorgo;2023/24;CHACO;INDEPENDENCIA;22;70;12000
Sorgo;2024/25;CHACO;INDEPENDENCIA;22;70;5600
Sorgo;2015/16;CHACO;"LIBERTADOR GENERAL SAN MARTIN";22;84;1550
Sorgo;2016/17;CHACO;"LIBERTADOR GENERAL SAN MARTIN";22;84;1044
Sorgo;2017/18;CHACO;"LIBERTADOR GENERAL SAN MARTIN";22;84;1980
Sorgo;2018/19;CHACO;"LIBERTADOR GENERAL SAN MARTIN";22;84;803
Sorgo;2019/20;CHACO;"LIBERTADOR GENERAL SAN MARTIN";22;84;663
Sorgo;2020/21;CHACO;"LIBERTADOR GENERAL SAN MARTIN";22;84;800
Sorgo;2021/22;CHACO;"LIBERTADOR GENERAL SAN MARTIN";22;84;880
Sorgo;2022/23;CHACO;"LIBERTADOR GENERAL SAN MARTIN";22;84;414
Sorgo;2023/24;CHACO;"LIBERTADOR GENERAL SAN MARTIN";22;84;1980
Sorgo;2024/25;CHACO;"LIBERTADOR GENERAL SAN MARTIN";22;84;4930
Sorgo;2015/16;CHACO;MAIPU;22;91;12300
Sorgo;2016/17;CHACO;MAIPU;22;91;8715
Sorgo;2017/18;CHACO;MAIPU;22;91;1240
Sorgo;2018/19;CHACO;MAIPU;22;91;2719
Sorgo;2019/20;CHACO;MAIPU;22;91;3424
Sorgo;2020/21;CHACO;MAIPU;22;91;6994
Sorgo;2021/22;CHACO;MAIPU;22;91;8875
Sorgo;2022/23;CHACO;MAIPU;22;91;5500
Sorgo;2023/24;CHACO;MAIPU;22;91;1530
Sorgo;2024/25;CHACO;MAIPU;22;91;4350
Sorgo;2015/16;CHACO;"MAYOR LUIS J. FONTANA";22;98;22608
Sorgo;2016/17;CHACO;"MAYOR LUIS J. FONTANA";22;98;17280
Sorgo;2017/18;CHACO;"MAYOR LUIS J. FONTANA";22;98;13802
Sorgo;2018/19;CHACO;"MAYOR LUIS J. FONTANA";22;98;13943
Sorgo;2019/20;CHACO;"MAYOR LUIS J. FONTANA";22;98;13419
Sorgo;2020/21;CHACO;"MAYOR LUIS J. FONTANA";22;98;3825
Sorgo;2021/22;CHACO;"MAYOR LUIS J. FONTANA";22;98;6994
Sorgo;2022/23;CHACO;"MAYOR LUIS J. FONTANA";22;98;6195
Sorgo;2023/24;CHACO;"MAYOR LUIS J. FONTANA";22;98;6226
Sorgo;2024/25;CHACO;"MAYOR LUIS J. FONTANA";22;98;1960
Sorgo;2015/16;CHACO;O'HIGGINS;22;112;8750
Sorgo;2016/17;CHACO;O'HIGGINS;22;112;4699
Sorgo;2017/18;CHACO;O'HIGGINS;22;112;5635
Sorgo;2018/19;CHACO;O'HIGGINS;22;112;5243
Sorgo;2019/20;CHACO;O'HIGGINS;22;112;5211
Sorgo;2020/21;CHACO;O'HIGGINS;22;112;5744
Sorgo;2021/22;CHACO;O'HIGGINS;22;112;2016
Sorgo;2022/23;CHACO;O'HIGGINS;22;112;1254
Sorgo;2023/24;CHACO;O'HIGGINS;22;112;4310
Sorgo;2024/25;CHACO;O'HIGGINS;22;112;3600
Sorgo;2015/16;CHACO;"PRESIDENCIA DE LA PLAZA";22;119;150
Sorgo;2016/17;CHACO;"PRESIDENCIA DE LA PLAZA";22;119;126
Sorgo;2017/18;CHACO;"PRESIDENCIA DE LA PLAZA";22;119;91
Sorgo;2018/19;CHACO;"PRESIDENCIA DE LA PLAZA";22;119;147
Sorgo;2019/20;CHACO;"PRESIDENCIA DE LA PLAZA";22;119;239
Sorgo;2020/21;CHACO;"PRESIDENCIA DE LA PLAZA";22;119;285
Sorgo;2021/22;CHACO;"PRESIDENCIA DE LA PLAZA";22;119;230
Sorgo;2022/23;CHACO;"PRESIDENCIA DE LA PLAZA";22;119;90
Sorgo;2023/24;CHACO;"PRESIDENCIA DE LA PLAZA";22;119;494
Sorgo;2024/25;CHACO;"PRESIDENCIA DE LA PLAZA";22;119;0
Sorgo;2015/16;CHACO;QUITILIPI;22;133;1900
Sorgo;2016/17;CHACO;QUITILIPI;22;133;574
Sorgo;2017/18;CHACO;QUITILIPI;22;133;2910
Sorgo;2018/19;CHACO;QUITILIPI;22;133;1428
Sorgo;2019/20;CHACO;QUITILIPI;22;133;1500
Sorgo;2020/21;CHACO;QUITILIPI;22;133;1628
Sorgo;2021/22;CHACO;QUITILIPI;22;133;1210
Sorgo;2022/23;CHACO;QUITILIPI;22;133;140
Sorgo;2023/24;CHACO;QUITILIPI;22;133;660
Sorgo;2024/25;CHACO;QUITILIPI;22;133;450
Sorgo;2015/16;CHACO;"SAN FERNANDO";22;140;2130
Sorgo;2016/17;CHACO;"SAN FERNANDO";22;140;1295
Sorgo;2017/18;CHACO;"SAN FERNANDO";22;140;1416
Sorgo;2018/19;CHACO;"SAN FERNANDO";22;140;1398
Sorgo;2019/20;CHACO;"SAN FERNANDO";22;140;1360
Sorgo;2020/21;CHACO;"SAN FERNANDO";22;140;260
Sorgo;2021/22;CHACO;"SAN FERNANDO";22;140;613
Sorgo;2022/23;CHACO;"SAN FERNANDO";22;140;714
Sorgo;2023/24;CHACO;"SAN FERNANDO";22;140;486
Sorgo;2015/16;CHACO;"SAN LORENZO";22;147;3136
Sorgo;2016/17;CHACO;"SAN LORENZO";22;147;2322
Sorgo;2017/18;CHACO;"SAN LORENZO";22;147;1755
Sorgo;2018/19;CHACO;"SAN LORENZO";22;147;1783
Sorgo;2019/20;CHACO;"SAN LORENZO";22;147;1784
Sorgo;2020/21;CHACO;"SAN LORENZO";22;147;1932
Sorgo;2023/24;CHACO;"SAN LORENZO";22;147;264
Sorgo;2024/25;CHACO;"SAN LORENZO";22;147;480
Sorgo;2015/16;CHACO;"SARGENTO CABRAL";22;154;900
Sorgo;2016/17;CHACO;"SARGENTO CABRAL";22;154;5220
Sorgo;2017/18;CHACO;"SARGENTO CABRAL";22;154;480
Sorgo;2018/19;CHACO;"SARGENTO CABRAL";22;154;122
Sorgo;2019/20;CHACO;"SARGENTO CABRAL";22;154;380
Sorgo;2020/21;CHACO;"SARGENTO CABRAL";22;154;1540
Sorgo;2021/22;CHACO;"SARGENTO CABRAL";22;154;1300
Sorgo;2022/23;CHACO;"SARGENTO CABRAL";22;154;90
Sorgo;2023/24;CHACO;"SARGENTO CABRAL";22;154;850
Sorgo;2024/25;CHACO;"SARGENTO CABRAL";22;154;1472
Sorgo;2015/16;CORDOBA;CALAMUCHITA;14;7;20075
Sorgo;2016/17;CORDOBA;CALAMUCHITA;14;7;4250
Sorgo;2017/18;CORDOBA;CALAMUCHITA;14;7;1600
Sorgo;2018/19;CORDOBA;CALAMUCHITA;14;7;4250
Sorgo;2019/20;CORDOBA;CALAMUCHITA;14;7;8250
Sorgo;2020/21;CORDOBA;CALAMUCHITA;14;7;6500
Sorgo;2021/22;CORDOBA;CALAMUCHITA;14;7;6630
Sorgo;2022/23;CORDOBA;CALAMUCHITA;14;7;5950
Sorgo;2023/24;CORDOBA;CALAMUCHITA;14;7;8500
Sorgo;2024/25;CORDOBA;CALAMUCHITA;14;7;2700
Sorgo;2015/16;CORDOBA;CAPITAL;14;14;1400
Sorgo;2016/17;CORDOBA;CAPITAL;14;14;1800
Sorgo;2017/18;CORDOBA;CAPITAL;14;14;1500
Sorgo;2018/19;CORDOBA;CAPITAL;14;14;1800
Sorgo;2019/20;CORDOBA;CAPITAL;14;14;1800
Sorgo;2020/21;CORDOBA;CAPITAL;14;14;3500
Sorgo;2021/22;CORDOBA;CAPITAL;14;14;2250
Sorgo;2022/23;CORDOBA;CAPITAL;14;14;2000
Sorgo;2023/24;CORDOBA;CAPITAL;14;14;2500
Sorgo;2024/25;CORDOBA;CAPITAL;14;14;3000
Sorgo;2016/17;CORDOBA;COLON;14;21;31350
Sorgo;2018/19;CORDOBA;COLON;14;21;0
Sorgo;2019/20;CORDOBA;COLON;14;21;0
Sorgo;2020/21;CORDOBA;COLON;14;21;10450
Sorgo;2021/22;CORDOBA;COLON;14;21;5096
Sorgo;2022/23;CORDOBA;COLON;14;21;4550
Sorgo;2023/24;CORDOBA;COLON;14;21;5200
Sorgo;2024/25;CORDOBA;COLON;14;21;5670
Sorgo;2020/21;CORDOBA;"CRUZ DEL EJE";14;28;750
Sorgo;2021/22;CORDOBA;"CRUZ DEL EJE";14;28;1350
Sorgo;2022/23;CORDOBA;"CRUZ DEL EJE";14;28;1200
Sorgo;2023/24;CORDOBA;"CRUZ DEL EJE";14;28;480
Sorgo;2024/25;CORDOBA;"CRUZ DEL EJE";14;28;550
Sorgo;2015/16;CORDOBA;"GENERAL ROCA";14;35;78000
Sorgo;2016/17;CORDOBA;"GENERAL ROCA";14;35;22750
Sorgo;2017/18;CORDOBA;"GENERAL ROCA";14;35;8500
Sorgo;2018/19;CORDOBA;"GENERAL ROCA";14;35;5400
Sorgo;2019/20;CORDOBA;"GENERAL ROCA";14;35;26240
Sorgo;2020/21;CORDOBA;"GENERAL ROCA";14;35;43141
Sorgo;2021/22;CORDOBA;"GENERAL ROCA";14;35;66230
Sorgo;2022/23;CORDOBA;"GENERAL ROCA";14;35;14888
Sorgo;2023/24;CORDOBA;"GENERAL ROCA";14;35;22742
Sorgo;2024/25;CORDOBA;"GENERAL ROCA";14;35;18073
Sorgo;2015/16;CORDOBA;"GENERAL SAN MARTIN";14;42;90000
Sorgo;2016/17;CORDOBA;"GENERAL SAN MARTIN";14;42;22200
Sorgo;2017/18;CORDOBA;"GENERAL SAN MARTIN";14;42;10000
Sorgo;2018/19;CORDOBA;"GENERAL SAN MARTIN";14;42;16250
Sorgo;2019/20;CORDOBA;"GENERAL SAN MARTIN";14;42;16800
Sorgo;2020/21;CORDOBA;"GENERAL SAN MARTIN";14;42;60500
Sorgo;2021/22;CORDOBA;"GENERAL SAN MARTIN";14;42;20000
Sorgo;2022/23;CORDOBA;"GENERAL SAN MARTIN";14;42;16000
Sorgo;2023/24;CORDOBA;"GENERAL SAN MARTIN";14;42;31680
Sorgo;2024/25;CORDOBA;"GENERAL SAN MARTIN";14;42;65000
Sorgo;2015/16;CORDOBA;ISCHILIN;14;49;35750
Sorgo;2020/21;CORDOBA;ISCHILIN;14;49;3800
Sorgo;2021/22;CORDOBA;ISCHILIN;14;49;774
Sorgo;2022/23;CORDOBA;ISCHILIN;14;49;450
Sorgo;2023/24;CORDOBA;ISCHILIN;14;49;1200
Sorgo;2024/25;CORDOBA;ISCHILIN;14;49;3580
Sorgo;2015/16;CORDOBA;"JUAREZ CELMAN";14;56;77640
Sorgo;2016/17;CORDOBA;"JUAREZ CELMAN";14;56;19250
Sorgo;2017/18;CORDOBA;"JUAREZ CELMAN";14;56;18960
Sorgo;2018/19;CORDOBA;"JUAREZ CELMAN";14;56;8250
Sorgo;2019/20;CORDOBA;"JUAREZ CELMAN";14;56;13750
Sorgo;2020/21;CORDOBA;"JUAREZ CELMAN";14;56;15000
Sorgo;2021/22;CORDOBA;"JUAREZ CELMAN";14;56;10920
Sorgo;2022/23;CORDOBA;"JUAREZ CELMAN";14;56;9800
Sorgo;2023/24;CORDOBA;"JUAREZ CELMAN";14;56;12600
Sorgo;2024/25;CORDOBA;"JUAREZ CELMAN";14;56;27000
Sorgo;2015/16;CORDOBA;"MARCOS JUAREZ";14;63;10000
Sorgo;2016/17;CORDOBA;"MARCOS JUAREZ";14;63;13515
Sorgo;2017/18;CORDOBA;"MARCOS JUAREZ";14;63;15000
Sorgo;2018/19;CORDOBA;"MARCOS JUAREZ";14;63;8845
Sorgo;2019/20;CORDOBA;"MARCOS JUAREZ";14;63;13863
Sorgo;2020/21;CORDOBA;"MARCOS JUAREZ";14;63;34534
Sorgo;2021/22;CORDOBA;"MARCOS JUAREZ";14;63;51240
Sorgo;2022/23;CORDOBA;"MARCOS JUAREZ";14;63;19580
Sorgo;2023/24;CORDOBA;"MARCOS JUAREZ";14;63;19800
Sorgo;2024/25;CORDOBA;"MARCOS JUAREZ";14;63;54060
Sorgo;2015/16;CORDOBA;POCHO;14;77;1750
Sorgo;2016/17;CORDOBA;POCHO;14;77;1600
Sorgo;2017/18;CORDOBA;POCHO;14;77;1600
Sorgo;2018/19;CORDOBA;POCHO;14;77;2250
Sorgo;2019/20;CORDOBA;POCHO;14;77;2250
Sorgo;2020/21;CORDOBA;POCHO;14;77;1500
Sorgo;2021/22;CORDOBA;POCHO;14;77;1755
Sorgo;2022/23;CORDOBA;POCHO;14;77;1575
Sorgo;2023/24;CORDOBA;POCHO;14;77;1800
Sorgo;2024/25;CORDOBA;POCHO;14;77;1800
Sorgo;2015/16;CORDOBA;"PRESIDENTE ROQUE SAENZ PENA";14;84;3250
Sorgo;2016/17;CORDOBA;"PRESIDENTE ROQUE SAENZ PENA";14;84;29250
Sorgo;2017/18;CORDOBA;"PRESIDENTE ROQUE SAENZ PENA";14;84;6500
Sorgo;2018/19;CORDOBA;"PRESIDENTE ROQUE SAENZ PENA";14;84;4800
Sorgo;2019/20;CORDOBA;"PRESIDENTE ROQUE SAENZ PENA";14;84;19667
Sorgo;2020/21;CORDOBA;"PRESIDENTE ROQUE SAENZ PENA";14;84;43703
Sorgo;2021/22;CORDOBA;"PRESIDENTE ROQUE SAENZ PENA";14;84;37544
Sorgo;2022/23;CORDOBA;"PRESIDENTE ROQUE SAENZ PENA";14;84;12250
Sorgo;2023/24;CORDOBA;"PRESIDENTE ROQUE SAENZ PENA";14;84;17294
Sorgo;2024/25;CORDOBA;"PRESIDENTE ROQUE SAENZ PENA";14;84;26866
Sorgo;2015/16;CORDOBA;"RIO CUARTO";14;98;185350
Sorgo;2016/17;CORDOBA;"RIO CUARTO";14;98;18900
Sorgo;2017/18;CORDOBA;"RIO CUARTO";14;98;9835
Sorgo;2018/19;CORDOBA;"RIO CUARTO";14;98;7500
Sorgo;2019/20;CORDOBA;"RIO CUARTO";14;98;22500
Sorgo;2020/21;CORDOBA;"RIO CUARTO";14;98;84425
Sorgo;2021/22;CORDOBA;"RIO CUARTO";14;98;57800
Sorgo;2022/23;CORDOBA;"RIO CUARTO";14;98;59500
Sorgo;2023/24;CORDOBA;"RIO CUARTO";14;98;76500
Sorgo;2024/25;CORDOBA;"RIO CUARTO";14;98;48600
Sorgo;2015/16;CORDOBA;"RIO PRIMERO";14;105;15000
Sorgo;2016/17;CORDOBA;"RIO PRIMERO";14;105;18600
Sorgo;2017/18;CORDOBA;"RIO PRIMERO";14;105;3825
Sorgo;2018/19;CORDOBA;"RIO PRIMERO";14;105;30233
Sorgo;2019/20;CORDOBA;"RIO PRIMERO";14;105;33077
Sorgo;2020/21;CORDOBA;"RIO PRIMERO";14;105;135414
Sorgo;2021/22;CORDOBA;"RIO PRIMERO";14;105;139490
Sorgo;2022/23;CORDOBA;"RIO PRIMERO";14;105;18620
Sorgo;2023/24;CORDOBA;"RIO PRIMERO";14;105;40700
Sorgo;2024/25;CORDOBA;"RIO PRIMERO";14;105;80605
Sorgo;2018/19;CORDOBA;"RIO SECO";14;112;1579
Sorgo;2019/20;CORDOBA;"RIO SECO";14;112;1775
Sorgo;2020/21;CORDOBA;"RIO SECO";14;112;30987
Sorgo;2021/22;CORDOBA;"RIO SECO";14;112;26680
Sorgo;2022/23;CORDOBA;"RIO SECO";14;112;2800
Sorgo;2023/24;CORDOBA;"RIO SECO";14;112;4900
Sorgo;2024/25;CORDOBA;"RIO SECO";14;112;1710
Sorgo;2015/16;CORDOBA;"RIO SEGUNDO";14;119;95000
Sorgo;2016/17;CORDOBA;"RIO SEGUNDO";14;119;24600
Sorgo;2017/18;CORDOBA;"RIO SEGUNDO";14;119;24200
Sorgo;2018/19;CORDOBA;"RIO SEGUNDO";14;119;21000
Sorgo;2019/20;CORDOBA;"RIO SEGUNDO";14;119;17400
Sorgo;2020/21;CORDOBA;"RIO SEGUNDO";14;119;22000
Sorgo;2021/22;CORDOBA;"RIO SEGUNDO";14;119;17500
Sorgo;2022/23;CORDOBA;"RIO SEGUNDO";14;119;8000
Sorgo;2023/24;CORDOBA;"RIO SEGUNDO";14;119;15750
Sorgo;2024/25;CORDOBA;"RIO SEGUNDO";14;119;55650
Sorgo;2024/25;CORDOBA;"SAN ALBERTO";14;126;400
Sorgo;2015/16;CORDOBA;"SAN JUSTO";14;140;114700
Sorgo;2016/17;CORDOBA;"SAN JUSTO";14;140;103700
Sorgo;2017/18;CORDOBA;"SAN JUSTO";14;140;21054
Sorgo;2018/19;CORDOBA;"SAN JUSTO";14;140;65166
Sorgo;2019/20;CORDOBA;"SAN JUSTO";14;140;71302
Sorgo;2020/21;CORDOBA;"SAN JUSTO";14;140;118463
Sorgo;2021/22;CORDOBA;"SAN JUSTO";14;140;129600
Sorgo;2022/23;CORDOBA;"SAN JUSTO";14;140;21600
Sorgo;2023/24;CORDOBA;"SAN JUSTO";14;140;115800
Sorgo;2024/25;CORDOBA;"SAN JUSTO";14;140;319762
Sorgo;2015/16;CORDOBA;"SANTA MARIA";14;147;44000
Sorgo;2016/17;CORDOBA;"SANTA MARIA";14;147;11400
Sorgo;2017/18;CORDOBA;"SANTA MARIA";14;147;12000
Sorgo;2018/19;CORDOBA;"SANTA MARIA";14;147;12350
Sorgo;2019/20;CORDOBA;"SANTA MARIA";14;147;7800
Sorgo;2020/21;CORDOBA;"SANTA MARIA";14;147;9350
Sorgo;2021/22;CORDOBA;"SANTA MARIA";14;147;17500
Sorgo;2022/23;CORDOBA;"SANTA MARIA";14;147;6000
Sorgo;2023/24;CORDOBA;"SANTA MARIA";14;147;9000
Sorgo;2024/25;CORDOBA;"SANTA MARIA";14;147;22000
Sorgo;2015/16;CORDOBA;"TERCERO ARRIBA";14;161;56400
Sorgo;2016/17;CORDOBA;"TERCERO ARRIBA";14;161;54000
Sorgo;2017/18;CORDOBA;"TERCERO ARRIBA";14;161;10000
Sorgo;2018/19;CORDOBA;"TERCERO ARRIBA";14;161;12000
Sorgo;2019/20;CORDOBA;"TERCERO ARRIBA";14;161;13200
Sorgo;2020/21;CORDOBA;"TERCERO ARRIBA";14;161;19800
Sorgo;2021/22;CORDOBA;"TERCERO ARRIBA";14;161;22000
Sorgo;2022/23;CORDOBA;"TERCERO ARRIBA";14;161;13300
Sorgo;2023/24;CORDOBA;"TERCERO ARRIBA";14;161;18500
Sorgo;2024/25;CORDOBA;"TERCERO ARRIBA";14;161;44000
Sorgo;2016/17;CORDOBA;TOTORAL;14;168;2394
Sorgo;2017/18;CORDOBA;TOTORAL;14;168;5202
Sorgo;2018/19;CORDOBA;TOTORAL;14;168;1146
Sorgo;2019/20;CORDOBA;TOTORAL;14;168;1221
Sorgo;2020/21;CORDOBA;TOTORAL;14;168;24404
Sorgo;2021/22;CORDOBA;TOTORAL;14;168;26775
Sorgo;2022/23;CORDOBA;TOTORAL;14;168;6380
Sorgo;2023/24;CORDOBA;TOTORAL;14;168;11790
Sorgo;2024/25;CORDOBA;TOTORAL;14;168;18540
Sorgo;2018/19;CORDOBA;TULUMBA;14;175;7022
Sorgo;2019/20;CORDOBA;TULUMBA;14;175;7498
Sorgo;2020/21;CORDOBA;TULUMBA;14;175;24222
Sorgo;2021/22;CORDOBA;TULUMBA;14;175;23750
Sorgo;2022/23;CORDOBA;TULUMBA;14;175;1500
Sorgo;2023/24;CORDOBA;TULUMBA;14;175;4750
Sorgo;2024/25;CORDOBA;TULUMBA;14;175;13356
Sorgo;2015/16;CORDOBA;UNION;14;182;34200
Sorgo;2016/17;CORDOBA;UNION;14;182;30590
Sorgo;2017/18;CORDOBA;UNION;14;182;33840
Sorgo;2018/19;CORDOBA;UNION;14;182;7337
Sorgo;2019/20;CORDOBA;UNION;14;182;10795
Sorgo;2020/21;CORDOBA;UNION;14;182;57400
Sorgo;2021/22;CORDOBA;UNION;14;182;77760
Sorgo;2022/23;CORDOBA;UNION;14;182;27160
Sorgo;2023/24;CORDOBA;UNION;14;182;70180
Sorgo;2024/25;CORDOBA;UNION;14;182;65340
Sorgo;2018/19;CORRIENTES;"BELLA VISTA";18;7;42
Sorgo;2019/20;CORRIENTES;"BELLA VISTA";18;7;84
Sorgo;2020/21;CORRIENTES;"BELLA VISTA";18;7;80
Sorgo;2023/24;CORRIENTES;CAPITAL;18;21;400
Sorgo;2024/25;CORRIENTES;CAPITAL;18;21;0
Sorgo;2024/25;CORRIENTES;CONCEPCION;18;28;0
Sorgo;2018/19;CORRIENTES;"CURUZU CUATIA";18;35;5397
Sorgo;2019/20;CORRIENTES;"CURUZU CUATIA";18;35;5040
Sorgo;2020/21;CORRIENTES;"CURUZU CUATIA";18;35;6000
Sorgo;2021/22;CORRIENTES;"CURUZU CUATIA";18;35;1500
Sorgo;2022/23;CORRIENTES;"CURUZU CUATIA";18;35;3150
Sorgo;2023/24;CORRIENTES;"CURUZU CUATIA";18;35;2200
Sorgo;2024/25;CORRIENTES;"CURUZU CUATIA";18;35;1925
Sorgo;2018/19;CORRIENTES;EMPEDRADO;18;42;113
Sorgo;2019/20;CORRIENTES;EMPEDRADO;18;42;323
Sorgo;2020/21;CORRIENTES;EMPEDRADO;18;42;308
Sorgo;2018/19;CORRIENTES;ESQUINA;18;49;840
Sorgo;2019/20;CORRIENTES;ESQUINA;18;49;840
Sorgo;2020/21;CORRIENTES;ESQUINA;18;49;1040
Sorgo;2018/19;CORRIENTES;GOYA;18;70;3402
Sorgo;2019/20;CORRIENTES;GOYA;18;70;2940
Sorgo;2020/21;CORRIENTES;GOYA;18;70;3600
Sorgo;2021/22;CORRIENTES;GOYA;18;70;600
Sorgo;2022/23;CORRIENTES;GOYA;18;70;1750
Sorgo;2023/24;CORRIENTES;GOYA;18;70;1600
Sorgo;2024/25;CORRIENTES;GOYA;18;70;1750
Sorgo;2018/19;CORRIENTES;ITUZAINGO;18;84;126
Sorgo;2019/20;CORRIENTES;ITUZAINGO;18;84;420
Sorgo;2020/21;CORRIENTES;ITUZAINGO;18;84;400
Sorgo;2021/22;CORRIENTES;ITUZAINGO;18;84;90
Sorgo;2022/23;CORRIENTES;ITUZAINGO;18;84;525
Sorgo;2023/24;CORRIENTES;ITUZAINGO;18;84;450
Sorgo;2018/19;CORRIENTES;LAVALLE;18;91;1344
Sorgo;2019/20;CORRIENTES;LAVALLE;18;91;882
Sorgo;2020/21;CORRIENTES;LAVALLE;18;91;1640
Sorgo;2021/22;CORRIENTES;LAVALLE;18;91;900
Sorgo;2022/23;CORRIENTES;LAVALLE;18;91;1400
Sorgo;2023/24;CORRIENTES;LAVALLE;18;91;2000
Sorgo;2024/25;CORRIENTES;LAVALLE;18;91;1750
Sorgo;2018/19;CORRIENTES;MERCEDES;18;105;1772
Sorgo;2019/20;CORRIENTES;MERCEDES;18;105;1310
Sorgo;2020/21;CORRIENTES;MERCEDES;18;105;2048
Sorgo;2018/19;CORRIENTES;"PASO DE LOS LIBRES";18;119;25
Sorgo;2019/20;CORRIENTES;"PASO DE LOS LIBRES";18;119;67
Sorgo;2020/21;CORRIENTES;"PASO DE LOS LIBRES";18;119;64
Sorgo;2021/22;CORRIENTES;"PASO DE LOS LIBRES";18;119;600
Sorgo;2022/23;CORRIENTES;"PASO DE LOS LIBRES";18;119;2450
Sorgo;2023/24;CORRIENTES;"PASO DE LOS LIBRES";18;119;1600
Sorgo;2024/25;CORRIENTES;"PASO DE LOS LIBRES";18;119;1400
Sorgo;2024/25;CORRIENTES;SALADAS;18;126;350
Sorgo;2018/19;CORRIENTES;"SAN LUIS DEL PALMAR";18;140;42
Sorgo;2019/20;CORRIENTES;"SAN LUIS DEL PALMAR";18;140;105
Sorgo;2020/21;CORRIENTES;"SAN LUIS DEL PALMAR";18;140;100
Sorgo;2021/22;CORRIENTES;"SAN LUIS DEL PALMAR";18;140;45
Sorgo;2022/23;CORRIENTES;"SAN LUIS DEL PALMAR";18;140;525
Sorgo;2023/24;CORRIENTES;"SAN LUIS DEL PALMAR";18;140;800
Sorgo;2024/25;CORRIENTES;"SAN LUIS DEL PALMAR";18;140;700
Sorgo;2018/19;CORRIENTES;"SAN MARTIN";18;147;42
Sorgo;2019/20;CORRIENTES;"SAN MARTIN";18;147;126
Sorgo;2020/21;CORRIENTES;"SAN MARTIN";18;147;120
Sorgo;2021/22;CORRIENTES;"SAN MARTIN";18;147;45
Sorgo;2022/23;CORRIENTES;"SAN MARTIN";18;147;300
Sorgo;2023/24;CORRIENTES;"SAN MARTIN";18;147;600
Sorgo;2024/25;CORRIENTES;"SAN MARTIN";18;147;525
Sorgo;2018/19;CORRIENTES;"SAN ROQUE";18;161;462
Sorgo;2019/20;CORRIENTES;"SAN ROQUE";18;161;840
Sorgo;2020/21;CORRIENTES;"SAN ROQUE";18;161;800
Sorgo;2021/22;CORRIENTES;"SAN ROQUE";18;161;150
Sorgo;2022/23;CORRIENTES;"SAN ROQUE";18;161;175
Sorgo;2023/24;CORRIENTES;"SAN ROQUE";18;161;400
Sorgo;2024/25;CORRIENTES;"SAN ROQUE";18;161;700
Sorgo;2018/19;CORRIENTES;SAUCE;18;175;2520
Sorgo;2019/20;CORRIENTES;SAUCE;18;175;3150
Sorgo;2020/21;CORRIENTES;SAUCE;18;175;3000
Sorgo;2021/22;CORRIENTES;SAUCE;18;175;381
Sorgo;2022/23;CORRIENTES;SAUCE;18;175;525
Sorgo;2023/24;CORRIENTES;SAUCE;18;175;800
Sorgo;2024/25;CORRIENTES;SAUCE;18;175;700
Sorgo;2015/16;CORRIENTES;"SIN DEFINIR";18;0;12000
Sorgo;2016/17;CORRIENTES;"SIN DEFINIR";18;0;7500
Sorgo;2015/16;"ENTRE RIOS";COLON;30;8;8170
Sorgo;2016/17;"ENTRE RIOS";COLON;30;8;13500
Sorgo;2017/18;"ENTRE RIOS";COLON;30;8;5400
Sorgo;2018/19;"ENTRE RIOS";COLON;30;8;6880
Sorgo;2019/20;"ENTRE RIOS";COLON;30;8;5880
Sorgo;2020/21;"ENTRE RIOS";COLON;30;8;8050
Sorgo;2021/22;"ENTRE RIOS";COLON;30;8;6000
Sorgo;2022/23;"ENTRE RIOS";COLON;30;8;2542
Sorgo;2023/24;"ENTRE RIOS";COLON;30;8;2700
Sorgo;2024/25;"ENTRE RIOS";COLON;30;8;4212
Sorgo;2015/16;"ENTRE RIOS";CONCORDIA;30;15;25500
Sorgo;2016/17;"ENTRE RIOS";CONCORDIA;30;15;22880
Sorgo;2017/18;"ENTRE RIOS";CONCORDIA;30;15;17640
Sorgo;2018/19;"ENTRE RIOS";CONCORDIA;30;15;20000
Sorgo;2019/20;"ENTRE RIOS";CONCORDIA;30;15;16200
Sorgo;2020/21;"ENTRE RIOS";CONCORDIA;30;15;21930
Sorgo;2021/22;"ENTRE RIOS";CONCORDIA;30;15;16100
Sorgo;2022/23;"ENTRE RIOS";CONCORDIA;30;15;8100
Sorgo;2023/24;"ENTRE RIOS";CONCORDIA;30;15;13120
Sorgo;2024/25;"ENTRE RIOS";CONCORDIA;30;15;17680
Sorgo;2015/16;"ENTRE RIOS";DIAMANTE;30;21;9010
Sorgo;2016/17;"ENTRE RIOS";DIAMANTE;30;21;15600
Sorgo;2017/18;"ENTRE RIOS";DIAMANTE;30;21;12300
Sorgo;2018/19;"ENTRE RIOS";DIAMANTE;30;21;16200
Sorgo;2019/20;"ENTRE RIOS";DIAMANTE;30;21;15080
Sorgo;2020/21;"ENTRE RIOS";DIAMANTE;30;21;26520
Sorgo;2021/22;"ENTRE RIOS";DIAMANTE;30;21;19600
Sorgo;2022/23;"ENTRE RIOS";DIAMANTE;30;21;11700
Sorgo;2023/24;"ENTRE RIOS";DIAMANTE;30;21;10750
Sorgo;2024/25;"ENTRE RIOS";DIAMANTE;30;21;27360
Sorgo;2015/16;"ENTRE RIOS";FEDERACION;30;28;16450
Sorgo;2016/17;"ENTRE RIOS";FEDERACION;30;28;9500
Sorgo;2017/18;"ENTRE RIOS";FEDERACION;30;28;9000
Sorgo;2018/19;"ENTRE RIOS";FEDERACION;30;28;9350
Sorgo;2019/20;"ENTRE RIOS";FEDERACION;30;28;2650
Sorgo;2020/21;"ENTRE RIOS";FEDERACION;30;28;4590
Sorgo;2021/22;"ENTRE RIOS";FEDERACION;30;28;3150
Sorgo;2022/23;"ENTRE RIOS";FEDERACION;30;28;2100
Sorgo;2023/24;"ENTRE RIOS";FEDERACION;30;28;3960
Sorgo;2024/25;"ENTRE RIOS";FEDERACION;30;28;4680
Sorgo;2015/16;"ENTRE RIOS";FEDERAL;30;35;30250
Sorgo;2016/17;"ENTRE RIOS";FEDERAL;30;35;23220
Sorgo;2017/18;"ENTRE RIOS";FEDERAL;30;35;18800
Sorgo;2018/19;"ENTRE RIOS";FEDERAL;30;35;23100
Sorgo;2019/20;"ENTRE RIOS";FEDERAL;30;35;22680
Sorgo;2020/21;"ENTRE RIOS";FEDERAL;30;35;28050
Sorgo;2021/22;"ENTRE RIOS";FEDERAL;30;35;20835
Sorgo;2022/23;"ENTRE RIOS";FEDERAL;30;35;12210
Sorgo;2023/24;"ENTRE RIOS";FEDERAL;30;35;18000
Sorgo;2024/25;"ENTRE RIOS";FEDERAL;30;35;24440
Sorgo;2015/16;"ENTRE RIOS";FELICIANO;30;42;18800
Sorgo;2016/17;"ENTRE RIOS";FELICIANO;30;42;17680
Sorgo;2017/18;"ENTRE RIOS";FELICIANO;30;42;11880
Sorgo;2018/19;"ENTRE RIOS";FELICIANO;30;42;15600
Sorgo;2019/20;"ENTRE RIOS";FELICIANO;30;42;13520
Sorgo;2020/21;"ENTRE RIOS";FELICIANO;30;42;13770
Sorgo;2021/22;"ENTRE RIOS";FELICIANO;30;42;11500
Sorgo;2022/23;"ENTRE RIOS";FELICIANO;30;42;4950
Sorgo;2023/24;"ENTRE RIOS";FELICIANO;30;42;4800
Sorgo;2024/25;"ENTRE RIOS";FELICIANO;30;42;8000
Sorgo;2015/16;"ENTRE RIOS";GUALEGUAY;30;49;18000
Sorgo;2016/17;"ENTRE RIOS";GUALEGUAY;30;49;16500
Sorgo;2017/18;"ENTRE RIOS";GUALEGUAY;30;49;11000
Sorgo;2018/19;"ENTRE RIOS";GUALEGUAY;30;49;11020
Sorgo;2019/20;"ENTRE RIOS";GUALEGUAY;30;49;13395
Sorgo;2020/21;"ENTRE RIOS";GUALEGUAY;30;49;23400
Sorgo;2021/22;"ENTRE RIOS";GUALEGUAY;30;49;25000
Sorgo;2022/23;"ENTRE RIOS";GUALEGUAY;30;49;11431
Sorgo;2023/24;"ENTRE RIOS";GUALEGUAY;30;49;13500
Sorgo;2024/25;"ENTRE RIOS";GUALEGUAY;30;49;9360
Sorgo;2015/16;"ENTRE RIOS";GUALEGUAYCHU;30;56;22360
Sorgo;2016/17;"ENTRE RIOS";GUALEGUAYCHU;30;56;28000
Sorgo;2017/18;"ENTRE RIOS";GUALEGUAYCHU;30;56;12000
Sorgo;2018/19;"ENTRE RIOS";GUALEGUAYCHU;30;56;11130
Sorgo;2019/20;"ENTRE RIOS";GUALEGUAYCHU;30;56;14000
Sorgo;2020/21;"ENTRE RIOS";GUALEGUAYCHU;30;56;25725
Sorgo;2021/22;"ENTRE RIOS";GUALEGUAYCHU;30;56;23200
Sorgo;2022/23;"ENTRE RIOS";GUALEGUAYCHU;30;56;9890
Sorgo;2023/24;"ENTRE RIOS";GUALEGUAYCHU;30;56;11250
Sorgo;2024/25;"ENTRE RIOS";GUALEGUAYCHU;30;56;12240
Sorgo;2015/16;"ENTRE RIOS";"LA PAZ";30;70;71500
Sorgo;2016/17;"ENTRE RIOS";"LA PAZ";30;70;63250
Sorgo;2017/18;"ENTRE RIOS";"LA PAZ";30;70;50800
Sorgo;2018/19;"ENTRE RIOS";"LA PAZ";30;70;50600
Sorgo;2019/20;"ENTRE RIOS";"LA PAZ";30;70;48720
Sorgo;2020/21;"ENTRE RIOS";"LA PAZ";30;70;81000
Sorgo;2021/22;"ENTRE RIOS";"LA PAZ";30;70;62720
Sorgo;2022/23;"ENTRE RIOS";"LA PAZ";30;70;31840
Sorgo;2023/24;"ENTRE RIOS";"LA PAZ";30;70;44180
Sorgo;2024/25;"ENTRE RIOS";"LA PAZ";30;70;83440
Sorgo;2015/16;"ENTRE RIOS";NOGOYA;30;77;21060
Sorgo;2016/17;"ENTRE RIOS";NOGOYA;30;77;72000
Sorgo;2017/18;"ENTRE RIOS";NOGOYA;30;77;33300
Sorgo;2018/19;"ENTRE RIOS";NOGOYA;30;77;45000
Sorgo;2019/20;"ENTRE RIOS";NOGOYA;30;77;37675
Sorgo;2020/21;"ENTRE RIOS";NOGOYA;30;77;49970
Sorgo;2021/22;"ENTRE RIOS";NOGOYA;30;77;35700
Sorgo;2022/23;"ENTRE RIOS";NOGOYA;30;77;17250
Sorgo;2023/24;"ENTRE RIOS";NOGOYA;30;77;44550
Sorgo;2024/25;"ENTRE RIOS";NOGOYA;30;77;45360
Sorgo;2015/16;"ENTRE RIOS";PARANA;30;84;88400
Sorgo;2016/17;"ENTRE RIOS";PARANA;30;84;101920
Sorgo;2017/18;"ENTRE RIOS";PARANA;30;84;80000
Sorgo;2018/19;"ENTRE RIOS";PARANA;30;84;88000
Sorgo;2019/20;"ENTRE RIOS";PARANA;30;84;67760
Sorgo;2020/21;"ENTRE RIOS";PARANA;30;84;69120
Sorgo;2021/22;"ENTRE RIOS";PARANA;30;84;51650
Sorgo;2022/23;"ENTRE RIOS";PARANA;30;84;26730
Sorgo;2023/24;"ENTRE RIOS";PARANA;30;84;27440
Sorgo;2024/25;"ENTRE RIOS";PARANA;30;84;83050
Sorgo;2015/16;"ENTRE RIOS";"SAN SALVADOR";30;88;5700
Sorgo;2016/17;"ENTRE RIOS";"SAN SALVADOR";30;88;11000
Sorgo;2017/18;"ENTRE RIOS";"SAN SALVADOR";30;88;4200
Sorgo;2018/19;"ENTRE RIOS";"SAN SALVADOR";30;88;5400
Sorgo;2019/20;"ENTRE RIOS";"SAN SALVADOR";30;88;1890
Sorgo;2020/21;"ENTRE RIOS";"SAN SALVADOR";30;88;13160
Sorgo;2021/22;"ENTRE RIOS";"SAN SALVADOR";30;88;8740
Sorgo;2022/23;"ENTRE RIOS";"SAN SALVADOR";30;88;4250
Sorgo;2023/24;"ENTRE RIOS";"SAN SALVADOR";30;88;2650
Sorgo;2024/25;"ENTRE RIOS";"SAN SALVADOR";30;88;7560
Sorgo;2015/16;"ENTRE RIOS";TALA;30;91;17760
Sorgo;2016/17;"ENTRE RIOS";TALA;30;91;31800
Sorgo;2017/18;"ENTRE RIOS";TALA;30;91;12250
Sorgo;2018/19;"ENTRE RIOS";TALA;30;91;6750
Sorgo;2019/20;"ENTRE RIOS";TALA;30;91;17680
Sorgo;2020/21;"ENTRE RIOS";TALA;30;91;26600
Sorgo;2021/22;"ENTRE RIOS";TALA;30;91;18500
Sorgo;2022/23;"ENTRE RIOS";TALA;30;91;9200
Sorgo;2023/24;"ENTRE RIOS";TALA;30;91;17500
Sorgo;2024/25;"ENTRE RIOS";TALA;30;91;17820
Sorgo;2015/16;"ENTRE RIOS";URUGUAY;30;98;22040
Sorgo;2016/17;"ENTRE RIOS";URUGUAY;30;98;55650
Sorgo;2017/18;"ENTRE RIOS";URUGUAY;30;98;18000
Sorgo;2018/19;"ENTRE RIOS";URUGUAY;30;98;27560
Sorgo;2019/20;"ENTRE RIOS";URUGUAY;30;98;12650
Sorgo;2020/21;"ENTRE RIOS";URUGUAY;30;98;36540
Sorgo;2021/22;"ENTRE RIOS";URUGUAY;30;98;19760
Sorgo;2022/23;"ENTRE RIOS";URUGUAY;30;98;11040
Sorgo;2023/24;"ENTRE RIOS";URUGUAY;30;98;11250
Sorgo;2024/25;"ENTRE RIOS";URUGUAY;30;98;10800
Sorgo;2015/16;"ENTRE RIOS";VICTORIA;30;105;6300
Sorgo;2016/17;"ENTRE RIOS";VICTORIA;30;105;18150
Sorgo;2017/18;"ENTRE RIOS";VICTORIA;30;105;5850
Sorgo;2018/19;"ENTRE RIOS";VICTORIA;30;105;5415
Sorgo;2019/20;"ENTRE RIOS";VICTORIA;30;105;5510
Sorgo;2020/21;"ENTRE RIOS";VICTORIA;30;105;35550
Sorgo;2021/22;"ENTRE RIOS";VICTORIA;30;105;19250
Sorgo;2022/23;"ENTRE RIOS";VICTORIA;30;105;8000
Sorgo;2023/24;"ENTRE RIOS";VICTORIA;30;105;15600
Sorgo;2024/25;"ENTRE RIOS";VICTORIA;30;105;17820
Sorgo;2015/16;"ENTRE RIOS";VILLAGUAY;30;113;18000
Sorgo;2016/17;"ENTRE RIOS";VILLAGUAY;30;113;57600
Sorgo;2017/18;"ENTRE RIOS";VILLAGUAY;30;113;24050
Sorgo;2018/19;"ENTRE RIOS";VILLAGUAY;30;113;67310
Sorgo;2019/20;"ENTRE RIOS";VILLAGUAY;30;113;37500
Sorgo;2020/21;"ENTRE RIOS";VILLAGUAY;30;113;60680
Sorgo;2021/22;"ENTRE RIOS";VILLAGUAY;30;113;40800
Sorgo;2022/23;"ENTRE RIOS";VILLAGUAY;30;113;20700
Sorgo;2023/24;"ENTRE RIOS";VILLAGUAY;30;113;26500
Sorgo;2024/25;"ENTRE RIOS";VILLAGUAY;30;113;63360
Sorgo;2021/22;FORMOSA;BERMEJO;34;7;0
Sorgo;2022/23;FORMOSA;BERMEJO;34;7;68
Sorgo;2021/22;FORMOSA;FORMOSA;34;14;0
Sorgo;2022/23;FORMOSA;FORMOSA;34;14;225
Sorgo;2021/22;FORMOSA;LAISHI;34;21;359
Sorgo;2019/20;FORMOSA;PATINO;34;35;390
Sorgo;2021/22;FORMOSA;PATINO;34;35;1400
Sorgo;2022/23;FORMOSA;PATINO;34;35;8000
Sorgo;2023/24;FORMOSA;PATINO;34;35;3000
Sorgo;2024/25;FORMOSA;PATINO;34;35;840
Sorgo;2019/20;FORMOSA;PILAGAS;34;42;572
Sorgo;2021/22;FORMOSA;PILAGAS;34;42;1750
Sorgo;2024/25;FORMOSA;PILAGAS;34;42;263
Sorgo;2019/20;FORMOSA;PILCOMAYO;34;49;416
Sorgo;2021/22;FORMOSA;PILCOMAYO;34;49;0
Sorgo;2019/20;FORMOSA;PIRANE;34;56;1742
Sorgo;2021/22;FORMOSA;PIRANE;34;56;856
Sorgo;2022/23;FORMOSA;PIRANE;34;56;550
Sorgo;2023/24;FORMOSA;PIRANE;34;56;6000
Sorgo;2024/25;FORMOSA;PIRANE;34;56;1575
Sorgo;2015/16;FORMOSA;"SIN DEFINIR";34;0;10500
Sorgo;2016/17;FORMOSA;"SIN DEFINIR";34;0;66000
Sorgo;2017/18;FORMOSA;"SIN DEFINIR";34;0;97320
Sorgo;2018/19;FORMOSA;"SIN DEFINIR";34;0;4750
Sorgo;2020/21;FORMOSA;"SIN DEFINIR";34;0;14750
Sorgo;2023/24;JUJUY;"DR. MANUEL BELGRANO";38;21;120
Sorgo;2024/25;JUJUY;"DR. MANUEL BELGRANO";38;21;133
Sorgo;2020/21;JUJUY;"EL CARMEN";38;14;1448
Sorgo;2021/22;JUJUY;"EL CARMEN";38;14;600
Sorgo;2022/23;JUJUY;"EL CARMEN";38;14;600
Sorgo;2023/24;JUJUY;"EL CARMEN";38;14;600
Sorgo;2024/25;JUJUY;"EL CARMEN";38;14;720
Sorgo;2020/21;JUJUY;"SAN ANTONIO";38;56;480
Sorgo;2021/22;JUJUY;"SAN ANTONIO";38;56;800
Sorgo;2022/23;JUJUY;"SAN ANTONIO";38;56;600
Sorgo;2019/20;JUJUY;"SAN PEDRO";38;63;1400
Sorgo;2020/21;JUJUY;"SAN PEDRO";38;63;2184
Sorgo;2021/22;JUJUY;"SAN PEDRO";38;63;1384
Sorgo;2022/23;JUJUY;"SAN PEDRO";38;63;1038
Sorgo;2023/24;JUJUY;"SAN PEDRO";38;63;6228
Sorgo;2024/25;JUJUY;"SAN PEDRO";38;63;5472
Sorgo;2020/21;JUJUY;"SANTA BARBARA";38;70;500
Sorgo;2021/22;JUJUY;"SANTA BARBARA";38;70;692
Sorgo;2022/23;JUJUY;"SANTA BARBARA";38;70;913
Sorgo;2023/24;JUJUY;"SANTA BARBARA";38;70;852
Sorgo;2024/25;JUJUY;"SANTA BARBARA";38;70;1368
Sorgo;2015/16;"LA PAMPA";ATREUCO;42;7;24000
Sorgo;2016/17;"LA PAMPA";ATREUCO;42;7;10000
Sorgo;2017/18;"LA PAMPA";ATREUCO;42;7;12000
Sorgo;2018/19;"LA PAMPA";ATREUCO;42;7;8750
Sorgo;2019/20;"LA PAMPA";ATREUCO;42;7;4860
Sorgo;2020/21;"LA PAMPA";ATREUCO;42;7;350
Sorgo;2021/22;"LA PAMPA";ATREUCO;42;7;2900
Sorgo;2022/23;"LA PAMPA";ATREUCO;42;7;2200
Sorgo;2023/24;"LA PAMPA";ATREUCO;42;7;6710
Sorgo;2024/25;"LA PAMPA";ATREUCO;42;7;3500
Sorgo;2015/16;"LA PAMPA";CAPITAL;42;21;10200
Sorgo;2016/17;"LA PAMPA";CAPITAL;42;21;5600
Sorgo;2017/18;"LA PAMPA";CAPITAL;42;21;9900
Sorgo;2018/19;"LA PAMPA";CAPITAL;42;21;5400
Sorgo;2019/20;"LA PAMPA";CAPITAL;42;21;4160
Sorgo;2020/21;"LA PAMPA";CAPITAL;42;21;1840
Sorgo;2021/22;"LA PAMPA";CAPITAL;42;21;4800
Sorgo;2022/23;"LA PAMPA";CAPITAL;42;21;450
Sorgo;2023/24;"LA PAMPA";CAPITAL;42;21;1713
Sorgo;2024/25;"LA PAMPA";CAPITAL;42;21;3500
Sorgo;2015/16;"LA PAMPA";CATRILO;42;28;18900
Sorgo;2016/17;"LA PAMPA";CATRILO;42;28;26550
Sorgo;2017/18;"LA PAMPA";CATRILO;42;28;23800
Sorgo;2018/19;"LA PAMPA";CATRILO;42;28;9800
Sorgo;2019/20;"LA PAMPA";CATRILO;42;28;7820
Sorgo;2020/21;"LA PAMPA";CATRILO;42;28;0
Sorgo;2021/22;"LA PAMPA";CATRILO;42;28;4400
Sorgo;2022/23;"LA PAMPA";CATRILO;42;28;0
Sorgo;2023/24;"LA PAMPA";CATRILO;42;28;1645
Sorgo;2024/25;"LA PAMPA";CATRILO;42;28;350
Sorgo;2015/16;"LA PAMPA";CHAPALEUFU;42;56;2750
Sorgo;2016/17;"LA PAMPA";CHAPALEUFU;42;56;1350
Sorgo;2017/18;"LA PAMPA";CHAPALEUFU;42;56;3200
Sorgo;2019/20;"LA PAMPA";CHAPALEUFU;42;56;1960
Sorgo;2020/21;"LA PAMPA";CHAPALEUFU;42;56;5075
Sorgo;2021/22;"LA PAMPA";CHAPALEUFU;42;56;4800
Sorgo;2022/23;"LA PAMPA";CHAPALEUFU;42;56;1800
Sorgo;2023/24;"LA PAMPA";CHAPALEUFU;42;56;6000
Sorgo;2024/25;"LA PAMPA";CHAPALEUFU;42;56;2860
Sorgo;2015/16;"LA PAMPA";CONHELO;42;35;15750
Sorgo;2016/17;"LA PAMPA";CONHELO;42;35;800
Sorgo;2018/19;"LA PAMPA";CONHELO;42;35;6720
Sorgo;2019/20;"LA PAMPA";CONHELO;42;35;12740
Sorgo;2021/22;"LA PAMPA";CONHELO;42;35;16500
Sorgo;2023/24;"LA PAMPA";CONHELO;42;35;17600
Sorgo;2024/25;"LA PAMPA";CONHELO;42;35;3120
Sorgo;2015/16;"LA PAMPA";GUATRACHE;42;70;18900
Sorgo;2016/17;"LA PAMPA";GUATRACHE;42;70;12200
Sorgo;2017/18;"LA PAMPA";GUATRACHE;42;70;16160
Sorgo;2018/19;"LA PAMPA";GUATRACHE;42;70;5000
Sorgo;2019/20;"LA PAMPA";GUATRACHE;42;70;4620
Sorgo;2020/21;"LA PAMPA";GUATRACHE;42;70;1000
Sorgo;2021/22;"LA PAMPA";GUATRACHE;42;70;5400
Sorgo;2022/23;"LA PAMPA";GUATRACHE;42;70;0
Sorgo;2023/24;"LA PAMPA";GUATRACHE;42;70;2700
Sorgo;2024/25;"LA PAMPA";GUATRACHE;42;70;1800
Sorgo;2015/16;"LA PAMPA";HUCAL;42;77;2100
Sorgo;2016/17;"LA PAMPA";HUCAL;42;77;1400
Sorgo;2017/18;"LA PAMPA";HUCAL;42;77;2520
Sorgo;2018/19;"LA PAMPA";HUCAL;42;77;2000
Sorgo;2019/20;"LA PAMPA";HUCAL;42;77;1320
Sorgo;2020/21;"LA PAMPA";HUCAL;42;77;500
Sorgo;2021/22;"LA PAMPA";HUCAL;42;77;1260
Sorgo;2022/23;"LA PAMPA";HUCAL;42;77;500
Sorgo;2023/24;"LA PAMPA";HUCAL;42;77;2253
Sorgo;2024/25;"LA PAMPA";HUCAL;42;77;3000
Sorgo;2015/16;"LA PAMPA";MARACO;42;105;7150
Sorgo;2016/17;"LA PAMPA";MARACO;42;105;800
Sorgo;2019/20;"LA PAMPA";MARACO;42;105;4900
Sorgo;2020/21;"LA PAMPA";MARACO;42;105;7000
Sorgo;2021/22;"LA PAMPA";MARACO;42;105;800
Sorgo;2022/23;"LA PAMPA";MARACO;42;105;2100
Sorgo;2023/24;"LA PAMPA";MARACO;42;105;4000
Sorgo;2024/25;"LA PAMPA";MARACO;42;105;1820
Sorgo;2015/16;"LA PAMPA";"QUEMU QUEMU";42;119;1500
Sorgo;2016/17;"LA PAMPA";"QUEMU QUEMU";42;119;800
Sorgo;2018/19;"LA PAMPA";"QUEMU QUEMU";42;119;2700
Sorgo;2019/20;"LA PAMPA";"QUEMU QUEMU";42;119;3430
Sorgo;2021/22;"LA PAMPA";"QUEMU QUEMU";42;119;5250
Sorgo;2024/25;"LA PAMPA";"QUEMU QUEMU";42;119;6668
Sorgo;2015/16;"LA PAMPA";RANCUL;42;126;10450
Sorgo;2016/17;"LA PAMPA";RANCUL;42;126;9450
Sorgo;2017/18;"LA PAMPA";RANCUL;42;126;3200
Sorgo;2018/19;"LA PAMPA";RANCUL;42;126;1800
Sorgo;2019/20;"LA PAMPA";RANCUL;42;126;6860
Sorgo;2021/22;"LA PAMPA";RANCUL;42;126;12600
Sorgo;2024/25;"LA PAMPA";RANCUL;42;126;5460
Sorgo;2015/16;"LA PAMPA";REALICO;42;133;16200
Sorgo;2016/17;"LA PAMPA";REALICO;42;133;800
Sorgo;2019/20;"LA PAMPA";REALICO;42;133;6860
Sorgo;2021/22;"LA PAMPA";REALICO;42;133;5250
Sorgo;2023/24;"LA PAMPA";REALICO;42;133;4500
Sorgo;2024/25;"LA PAMPA";REALICO;42;133;2275
Sorgo;2015/16;"LA PAMPA";TOAY;42;140;9900
Sorgo;2016/17;"LA PAMPA";TOAY;42;140;4600
Sorgo;2017/18;"LA PAMPA";TOAY;42;140;8000
Sorgo;2018/19;"LA PAMPA";TOAY;42;140;4000
Sorgo;2019/20;"LA PAMPA";TOAY;42;140;2640
Sorgo;2020/21;"LA PAMPA";TOAY;42;140;4800
Sorgo;2021/22;"LA PAMPA";TOAY;42;140;3800
Sorgo;2022/23;"LA PAMPA";TOAY;42;140;500
Sorgo;2023/24;"LA PAMPA";TOAY;42;140;4946
Sorgo;2024/25;"LA PAMPA";TOAY;42;140;3000
Sorgo;2015/16;"LA PAMPA";TRENEL;42;147;6000
Sorgo;2016/17;"LA PAMPA";TRENEL;42;147;2400
Sorgo;2018/19;"LA PAMPA";TRENEL;42;147;2400
Sorgo;2019/20;"LA PAMPA";TRENEL;42;147;3080
Sorgo;2021/22;"LA PAMPA";TRENEL;42;147;900
Sorgo;2022/23;"LA PAMPA";TRENEL;42;147;1200
Sorgo;2023/24;"LA PAMPA";TRENEL;42;147;3600
Sorgo;2024/25;"LA PAMPA";TRENEL;42;147;3825
Sorgo;2015/16;"LA PAMPA";UTRACAN;42;154;6000
Sorgo;2016/17;"LA PAMPA";UTRACAN;42;154;4400
Sorgo;2017/18;"LA PAMPA";UTRACAN;42;154;4532
Sorgo;2018/19;"LA PAMPA";UTRACAN;42;154;3120
Sorgo;2019/20;"LA PAMPA";UTRACAN;42;154;1760
Sorgo;2020/21;"LA PAMPA";UTRACAN;42;154;2520
Sorgo;2021/22;"LA PAMPA";UTRACAN;42;154;2250
Sorgo;2022/23;"LA PAMPA";UTRACAN;42;154;750
Sorgo;2023/24;"LA PAMPA";UTRACAN;42;154;1974
Sorgo;2024/25;"LA PAMPA";UTRACAN;42;154;3000
Sorgo;2019/20;SALTA;ANTA;66;7;15680
Sorgo;2020/21;SALTA;ANTA;66;7;54850
Sorgo;2021/22;SALTA;ANTA;66;7;19880
Sorgo;2022/23;SALTA;ANTA;66;7;29744
Sorgo;2023/24;SALTA;ANTA;66;7;49194
Sorgo;2024/25;SALTA;ANTA;66;7;46428
Sorgo;2022/23;SALTA;CAPITAL;66;28;410
Sorgo;2023/24;SALTA;CAPITAL;66;28;624
Sorgo;2019/20;SALTA;CERRILLOS;66;35;203
Sorgo;2020/21;SALTA;CERRILLOS;66;35;216
Sorgo;2021/22;SALTA;CERRILLOS;66;35;194
Sorgo;2022/23;SALTA;CERRILLOS;66;35;105
Sorgo;2023/24;SALTA;CERRILLOS;66;35;150
Sorgo;2019/20;SALTA;"GENERAL GUEMES";66;49;420
Sorgo;2020/21;SALTA;"GENERAL GUEMES";66;49;542
Sorgo;2021/22;SALTA;"GENERAL GUEMES";66;49;646
Sorgo;2022/23;SALTA;"GENERAL GUEMES";66;49;1577
Sorgo;2023/24;SALTA;"GENERAL GUEMES";66;49;2241
Sorgo;2024/25;SALTA;"GENERAL GUEMES";66;49;1200
Sorgo;2019/20;SALTA;"GENERAL JOSE DE SAN MARTIN";66;56;5265
Sorgo;2020/21;SALTA;"GENERAL JOSE DE SAN MARTIN";66;56;6898
Sorgo;2021/22;SALTA;"GENERAL JOSE DE SAN MARTIN";66;56;3795
Sorgo;2022/23;SALTA;"GENERAL JOSE DE SAN MARTIN";66;56;3967
Sorgo;2023/24;SALTA;"GENERAL JOSE DE SAN MARTIN";66;56;15130
Sorgo;2024/25;SALTA;"GENERAL JOSE DE SAN MARTIN";66;56;15730
Sorgo;2020/21;SALTA;"LA CALDERA";66;77;90
Sorgo;2021/22;SALTA;"LA CALDERA";66;77;54
Sorgo;2022/23;SALTA;"LA CALDERA";66;77;29
Sorgo;2023/24;SALTA;"LA CALDERA";66;77;53
Sorgo;2019/20;SALTA;"LA CANDELARIA";66;84;868
Sorgo;2020/21;SALTA;"LA CANDELARIA";66;84;1080
Sorgo;2021/22;SALTA;"LA CANDELARIA";66;84;96
Sorgo;2022/23;SALTA;"LA CANDELARIA";66;84;54
Sorgo;2023/24;SALTA;"LA CANDELARIA";66;84;0
Sorgo;2024/25;SALTA;"LA CANDELARIA";66;84;364
Sorgo;2023/24;SALTA;"LA VINA";66;98;120
Sorgo;2019/20;SALTA;METAN;66;112;1044
Sorgo;2020/21;SALTA;METAN;66;112;14300
Sorgo;2021/22;SALTA;METAN;66;112;5083
Sorgo;2022/23;SALTA;METAN;66;112;5060
Sorgo;2023/24;SALTA;METAN;66;112;17446
Sorgo;2024/25;SALTA;METAN;66;112;5330
Sorgo;2019/20;SALTA;ORAN;66;126;1350
Sorgo;2020/21;SALTA;ORAN;66;126;1814
Sorgo;2021/22;SALTA;ORAN;66;126;1160
Sorgo;2022/23;SALTA;ORAN;66;126;1355
Sorgo;2023/24;SALTA;ORAN;66;126;13506
Sorgo;2024/25;SALTA;ORAN;66;126;4188
Sorgo;2019/20;SALTA;RIVADAVIA;66;133;1586
Sorgo;2020/21;SALTA;RIVADAVIA;66;133;6486
Sorgo;2021/22;SALTA;RIVADAVIA;66;133;1890
Sorgo;2022/23;SALTA;RIVADAVIA;66;133;556
Sorgo;2023/24;SALTA;RIVADAVIA;66;133;7854
Sorgo;2024/25;SALTA;RIVADAVIA;66;133;375
Sorgo;2019/20;SALTA;"ROSARIO DE LA FRONTERA";66;140;1260
Sorgo;2020/21;SALTA;"ROSARIO DE LA FRONTERA";66;140;12060
Sorgo;2021/22;SALTA;"ROSARIO DE LA FRONTERA";66;140;9716
Sorgo;2022/23;SALTA;"ROSARIO DE LA FRONTERA";66;140;1661
Sorgo;2023/24;SALTA;"ROSARIO DE LA FRONTERA";66;140;6051
Sorgo;2024/25;SALTA;"ROSARIO DE LA FRONTERA";66;140;5625
Sorgo;2015/16;"SAN LUIS";AYACUCHO;74;7;3300
Sorgo;2016/17;"SAN LUIS";AYACUCHO;74;7;1410
Sorgo;2017/18;"SAN LUIS";AYACUCHO;74;7;600
Sorgo;2018/19;"SAN LUIS";AYACUCHO;74;7;630
Sorgo;2019/20;"SAN LUIS";AYACUCHO;74;7;400
Sorgo;2020/21;"SAN LUIS";AYACUCHO;74;7;645
Sorgo;2021/22;"SAN LUIS";AYACUCHO;74;7;1680
Sorgo;2022/23;"SAN LUIS";AYACUCHO;74;7;420
Sorgo;2023/24;"SAN LUIS";AYACUCHO;74;7;240
Sorgo;2024/25;"SAN LUIS";AYACUCHO;74;7;420
Sorgo;2015/16;"SAN LUIS";CHACABUCO;74;28;5200
Sorgo;2016/17;"SAN LUIS";CHACABUCO;74;28;2050
Sorgo;2017/18;"SAN LUIS";CHACABUCO;74;28;1900
Sorgo;2018/19;"SAN LUIS";CHACABUCO;74;28;2160
Sorgo;2019/20;"SAN LUIS";CHACABUCO;74;28;2660
Sorgo;2020/21;"SAN LUIS";CHACABUCO;74;28;8000
Sorgo;2021/22;"SAN LUIS";CHACABUCO;74;28;2450
Sorgo;2022/23;"SAN LUIS";CHACABUCO;74;28;2625
Sorgo;2023/24;"SAN LUIS";CHACABUCO;74;28;2800
Sorgo;2024/25;"SAN LUIS";CHACABUCO;74;28;3680
Sorgo;2015/16;"SAN LUIS";"CORONEL PRINGLES";74;21;2400
Sorgo;2016/17;"SAN LUIS";"CORONEL PRINGLES";74;21;1320
Sorgo;2017/18;"SAN LUIS";"CORONEL PRINGLES";74;21;780
Sorgo;2018/19;"SAN LUIS";"CORONEL PRINGLES";74;21;2660
Sorgo;2019/20;"SAN LUIS";"CORONEL PRINGLES";74;21;5250
Sorgo;2020/21;"SAN LUIS";"CORONEL PRINGLES";74;21;15120
Sorgo;2021/22;"SAN LUIS";"CORONEL PRINGLES";74;21;6300
Sorgo;2022/23;"SAN LUIS";"CORONEL PRINGLES";74;21;1920
Sorgo;2023/24;"SAN LUIS";"CORONEL PRINGLES";74;21;2660
Sorgo;2024/25;"SAN LUIS";"CORONEL PRINGLES";74;21;3520
Sorgo;2015/16;"SAN LUIS";"GENERAL PEDERNERA";74;35;26500
Sorgo;2016/17;"SAN LUIS";"GENERAL PEDERNERA";74;35;14400
Sorgo;2017/18;"SAN LUIS";"GENERAL PEDERNERA";74;35;5700
Sorgo;2018/19;"SAN LUIS";"GENERAL PEDERNERA";74;35;6300
Sorgo;2019/20;"SAN LUIS";"GENERAL PEDERNERA";74;35;10800
Sorgo;2020/21;"SAN LUIS";"GENERAL PEDERNERA";74;35;33440
Sorgo;2021/22;"SAN LUIS";"GENERAL PEDERNERA";74;35;32560
Sorgo;2022/23;"SAN LUIS";"GENERAL PEDERNERA";74;35;15400
Sorgo;2023/24;"SAN LUIS";"GENERAL PEDERNERA";74;35;27000
Sorgo;2024/25;"SAN LUIS";"GENERAL PEDERNERA";74;35;22320
Sorgo;2015/16;"SAN LUIS";"GOBERNADOR DUPUY";74;42;4000
Sorgo;2016/17;"SAN LUIS";"GOBERNADOR DUPUY";74;42;4560
Sorgo;2017/18;"SAN LUIS";"GOBERNADOR DUPUY";74;42;3500
Sorgo;2018/19;"SAN LUIS";"GOBERNADOR DUPUY";74;42;3200
Sorgo;2019/20;"SAN LUIS";"GOBERNADOR DUPUY";74;42;4800
Sorgo;2020/21;"SAN LUIS";"GOBERNADOR DUPUY";74;42;8820
Sorgo;2021/22;"SAN LUIS";"GOBERNADOR DUPUY";74;42;14430
Sorgo;2022/23;"SAN LUIS";"GOBERNADOR DUPUY";74;42;4860
Sorgo;2023/24;"SAN LUIS";"GOBERNADOR DUPUY";74;42;9450
Sorgo;2024/25;"SAN LUIS";"GOBERNADOR DUPUY";74;42;10880
Sorgo;2015/16;"SAN LUIS";"JUAN MARTIN DE PUEYRREDON";74;56;2200
Sorgo;2016/17;"SAN LUIS";"JUAN MARTIN DE PUEYRREDON";74;56;5400
Sorgo;2017/18;"SAN LUIS";"JUAN MARTIN DE PUEYRREDON";74;56;2520
Sorgo;2018/19;"SAN LUIS";"JUAN MARTIN DE PUEYRREDON";74;56;2100
Sorgo;2019/20;"SAN LUIS";"JUAN MARTIN DE PUEYRREDON";74;56;3000
Sorgo;2020/21;"SAN LUIS";"JUAN MARTIN DE PUEYRREDON";74;56;3600
Sorgo;2021/22;"SAN LUIS";"JUAN MARTIN DE PUEYRREDON";74;56;4410
Sorgo;2022/23;"SAN LUIS";"JUAN MARTIN DE PUEYRREDON";74;56;1820
Sorgo;2023/24;"SAN LUIS";"JUAN MARTIN DE PUEYRREDON";74;56;1850
Sorgo;2024/25;"SAN LUIS";"JUAN MARTIN DE PUEYRREDON";74;56;1600
Sorgo;2015/16;"SAN LUIS";JUNIN;74;49;1060
Sorgo;2016/17;"SAN LUIS";JUNIN;74;49;430
Sorgo;2017/18;"SAN LUIS";JUNIN;74;49;SD
Sorgo;2018/19;"SAN LUIS";JUNIN;74;49;0
Sorgo;2019/20;"SAN LUIS";JUNIN;74;49;460
Sorgo;2020/21;"SAN LUIS";JUNIN;74;49;760
Sorgo;2021/22;"SAN LUIS";JUNIN;74;49;570
Sorgo;2022/23;"SAN LUIS";JUNIN;74;49;700
Sorgo;2023/24;"SAN LUIS";JUNIN;74;49;576
Sorgo;2024/25;"SAN LUIS";JUNIN;74;49;814
Sorgo;2015/16;"SAN LUIS";"LIBERTADOR GENERAL SAN MARTIN";74;63;450
Sorgo;2016/17;"SAN LUIS";"LIBERTADOR GENERAL SAN MARTIN";74;63;430
Sorgo;2017/18;"SAN LUIS";"LIBERTADOR GENERAL SAN MARTIN";74;63;SD
Sorgo;2018/19;"SAN LUIS";"LIBERTADOR GENERAL SAN MARTIN";74;63;0
Sorgo;2019/20;"SAN LUIS";"LIBERTADOR GENERAL SAN MARTIN";74;63;0
Sorgo;2020/21;"SAN LUIS";"LIBERTADOR GENERAL SAN MARTIN";74;63;900
Sorgo;2022/23;"SAN LUIS";"LIBERTADOR GENERAL SAN MARTIN";74;63;210
Sorgo;2023/24;"SAN LUIS";"LIBERTADOR GENERAL SAN MARTIN";74;63;450
Sorgo;2024/25;"SAN LUIS";"LIBERTADOR GENERAL SAN MARTIN";74;63;891
Sorgo;2015/16;"SANTA FE";"9 DE JULIO";82;77;19760
Sorgo;2016/17;"SANTA FE";"9 DE JULIO";82;77;41760
Sorgo;2017/18;"SANTA FE";"9 DE JULIO";82;77;16800
Sorgo;2018/19;"SANTA FE";"9 DE JULIO";82;77;6000
Sorgo;2019/20;"SANTA FE";"9 DE JULIO";82;77;29760
Sorgo;2020/21;"SANTA FE";"9 DE JULIO";82;77;52440
Sorgo;2021/22;"SANTA FE";"9 DE JULIO";82;77;70400
Sorgo;2022/23;"SANTA FE";"9 DE JULIO";82;77;13000
Sorgo;2023/24;"SANTA FE";"9 DE JULIO";82;77;47500
Sorgo;2024/25;"SANTA FE";"9 DE JULIO";82;77;30240
Sorgo;2015/16;"SANTA FE";BELGRANO;82;7;5600
Sorgo;2016/17;"SANTA FE";BELGRANO;82;7;10620
Sorgo;2018/19;"SANTA FE";BELGRANO;82;7;5556
Sorgo;2019/20;"SANTA FE";BELGRANO;82;7;9100
Sorgo;2021/22;"SANTA FE";BELGRANO;82;7;6458
Sorgo;2022/23;"SANTA FE";BELGRANO;82;7;4725
Sorgo;2023/24;"SANTA FE";BELGRANO;82;7;7627
Sorgo;2024/25;"SANTA FE";BELGRANO;82;7;8613
Sorgo;2015/16;"SANTA FE";CASEROS;82;14;8400
Sorgo;2016/17;"SANTA FE";CASEROS;82;14;9840
Sorgo;2017/18;"SANTA FE";CASEROS;82;14;8400
Sorgo;2018/19;"SANTA FE";CASEROS;82;14;14400
Sorgo;2019/20;"SANTA FE";CASEROS;82;14;29475
Sorgo;2020/21;"SANTA FE";CASEROS;82;14;47250
Sorgo;2021/22;"SANTA FE";CASEROS;82;14;43450
Sorgo;2022/23;"SANTA FE";CASEROS;82;14;28000
Sorgo;2023/24;"SANTA FE";CASEROS;82;14;46400
Sorgo;2024/25;"SANTA FE";CASEROS;82;14;39000
Sorgo;2015/16;"SANTA FE";CASTELLANOS;82;21;51600
Sorgo;2016/17;"SANTA FE";CASTELLANOS;82;21;24525
Sorgo;2017/18;"SANTA FE";CASTELLANOS;82;21;18690
Sorgo;2018/19;"SANTA FE";CASTELLANOS;82;21;13450
Sorgo;2019/20;"SANTA FE";CASTELLANOS;82;21;15680
Sorgo;2020/21;"SANTA FE";CASTELLANOS;82;21;40040
Sorgo;2021/22;"SANTA FE";CASTELLANOS;82;21;33600
Sorgo;2022/23;"SANTA FE";CASTELLANOS;82;21;39900
Sorgo;2023/24;"SANTA FE";CASTELLANOS;82;21;91200
Sorgo;2024/25;"SANTA FE";CASTELLANOS;82;21;86400
Sorgo;2015/16;"SANTA FE";CONSTITUCION;82;28;7480
Sorgo;2016/17;"SANTA FE";CONSTITUCION;82;28;7700
Sorgo;2017/18;"SANTA FE";CONSTITUCION;82;28;6600
Sorgo;2018/19;"SANTA FE";CONSTITUCION;82;28;5600
Sorgo;2019/20;"SANTA FE";CONSTITUCION;82;28;9750
Sorgo;2020/21;"SANTA FE";CONSTITUCION;82;28;62560
Sorgo;2021/22;"SANTA FE";CONSTITUCION;82;28;49500
Sorgo;2022/23;"SANTA FE";CONSTITUCION;82;28;27000
Sorgo;2023/24;"SANTA FE";CONSTITUCION;82;28;60000
Sorgo;2024/25;"SANTA FE";CONSTITUCION;82;28;42000
Sorgo;2015/16;"SANTA FE";GARAY;82;35;0
Sorgo;2016/17;"SANTA FE";GARAY;82;35;2800
Sorgo;2017/18;"SANTA FE";GARAY;82;35;600
Sorgo;2018/19;"SANTA FE";GARAY;82;35;1200
Sorgo;2019/20;"SANTA FE";GARAY;82;35;1380
Sorgo;2020/21;"SANTA FE";GARAY;82;35;2350
Sorgo;2021/22;"SANTA FE";GARAY;82;35;760
Sorgo;2022/23;"SANTA FE";GARAY;82;35;900
Sorgo;2023/24;"SANTA FE";GARAY;82;35;500
Sorgo;2024/25;"SANTA FE";GARAY;82;35;675
Sorgo;2015/16;"SANTA FE";"GENERAL LOPEZ";82;42;62060
Sorgo;2016/17;"SANTA FE";"GENERAL LOPEZ";82;42;15795
Sorgo;2017/18;"SANTA FE";"GENERAL LOPEZ";82;42;14630
Sorgo;2018/19;"SANTA FE";"GENERAL LOPEZ";82;42;6120
Sorgo;2019/20;"SANTA FE";"GENERAL LOPEZ";82;42;19500
Sorgo;2020/21;"SANTA FE";"GENERAL LOPEZ";82;42;29000
Sorgo;2021/22;"SANTA FE";"GENERAL LOPEZ";82;42;32500
Sorgo;2022/23;"SANTA FE";"GENERAL LOPEZ";82;42;24800
Sorgo;2023/24;"SANTA FE";"GENERAL LOPEZ";82;42;18450
Sorgo;2024/25;"SANTA FE";"GENERAL LOPEZ";82;42;28623
Sorgo;2015/16;"SANTA FE";"GENERAL OBLIGADO";82;49;17280
Sorgo;2016/17;"SANTA FE";"GENERAL OBLIGADO";82;49;21000
Sorgo;2017/18;"SANTA FE";"GENERAL OBLIGADO";82;49;14950
Sorgo;2018/19;"SANTA FE";"GENERAL OBLIGADO";82;49;13300
Sorgo;2019/20;"SANTA FE";"GENERAL OBLIGADO";82;49;31160
Sorgo;2020/21;"SANTA FE";"GENERAL OBLIGADO";82;49;46550
Sorgo;2021/22;"SANTA FE";"GENERAL OBLIGADO";82;49;27900
Sorgo;2022/23;"SANTA FE";"GENERAL OBLIGADO";82;49;940
Sorgo;2023/24;"SANTA FE";"GENERAL OBLIGADO";82;49;16250
Sorgo;2024/25;"SANTA FE";"GENERAL OBLIGADO";82;49;11400
Sorgo;2015/16;"SANTA FE";IRIONDO;82;56;5400
Sorgo;2016/17;"SANTA FE";IRIONDO;82;56;13570
Sorgo;2018/19;"SANTA FE";IRIONDO;82;56;798
Sorgo;2019/20;"SANTA FE";IRIONDO;82;56;6440
Sorgo;2020/21;"SANTA FE";IRIONDO;82;56;10080
Sorgo;2021/22;"SANTA FE";IRIONDO;82;56;28787
Sorgo;2022/23;"SANTA FE";IRIONDO;82;56;8448
Sorgo;2023/24;"SANTA FE";IRIONDO;82;56;16592
Sorgo;2024/25;"SANTA FE";IRIONDO;82;56;24318
Sorgo;2015/16;"SANTA FE";"LA CAPITAL";82;63;10000
Sorgo;2016/17;"SANTA FE";"LA CAPITAL";82;63;10800
Sorgo;2017/18;"SANTA FE";"LA CAPITAL";82;63;6000
Sorgo;2018/19;"SANTA FE";"LA CAPITAL";82;63;8000
Sorgo;2019/20;"SANTA FE";"LA CAPITAL";82;63;8820
Sorgo;2020/21;"SANTA FE";"LA CAPITAL";82;63;10000
Sorgo;2021/22;"SANTA FE";"LA CAPITAL";82;63;2800
Sorgo;2022/23;"SANTA FE";"LA CAPITAL";82;63;1920
Sorgo;2023/24;"SANTA FE";"LA CAPITAL";82;63;3850
Sorgo;2024/25;"SANTA FE";"LA CAPITAL";82;63;8225
Sorgo;2015/16;"SANTA FE";"LAS COLONIAS";82;70;41800
Sorgo;2016/17;"SANTA FE";"LAS COLONIAS";82;70;14250
Sorgo;2017/18;"SANTA FE";"LAS COLONIAS";82;70;4400
Sorgo;2018/19;"SANTA FE";"LAS COLONIAS";82;70;8299
Sorgo;2019/20;"SANTA FE";"LAS COLONIAS";82;70;9180
Sorgo;2020/21;"SANTA FE";"LAS COLONIAS";82;70;20880
Sorgo;2021/22;"SANTA FE";"LAS COLONIAS";82;70;22950
Sorgo;2022/23;"SANTA FE";"LAS COLONIAS";82;70;19980
Sorgo;2023/24;"SANTA FE";"LAS COLONIAS";82;70;44730
Sorgo;2024/25;"SANTA FE";"LAS COLONIAS";82;70;66250
Sorgo;2015/16;"SANTA FE";ROSARIO;82;84;5400
Sorgo;2016/17;"SANTA FE";ROSARIO;82;84;6300
Sorgo;2017/18;"SANTA FE";ROSARIO;82;84;4800
Sorgo;2018/19;"SANTA FE";ROSARIO;82;84;3750
Sorgo;2019/20;"SANTA FE";ROSARIO;82;84;9800
Sorgo;2020/21;"SANTA FE";ROSARIO;82;84;46020
Sorgo;2021/22;"SANTA FE";ROSARIO;82;84;31950
Sorgo;2022/23;"SANTA FE";ROSARIO;82;84;18000
Sorgo;2023/24;"SANTA FE";ROSARIO;82;84;33000
Sorgo;2024/25;"SANTA FE";ROSARIO;82;84;15000
Sorgo;2015/16;"SANTA FE";"SAN CRISTOBAL";82;91;67500
Sorgo;2016/17;"SANTA FE";"SAN CRISTOBAL";82;91;77850
Sorgo;2017/18;"SANTA FE";"SAN CRISTOBAL";82;91;29750
Sorgo;2018/19;"SANTA FE";"SAN CRISTOBAL";82;91;50850
Sorgo;2019/20;"SANTA FE";"SAN CRISTOBAL";82;91;63360
Sorgo;2020/21;"SANTA FE";"SAN CRISTOBAL";82;91;78000
Sorgo;2021/22;"SANTA FE";"SAN CRISTOBAL";82;91;62000
Sorgo;2022/23;"SANTA FE";"SAN CRISTOBAL";82;91;33600
Sorgo;2023/24;"SANTA FE";"SAN CRISTOBAL";82;91;110000
Sorgo;2024/25;"SANTA FE";"SAN CRISTOBAL";82;91;84000
Sorgo;2015/16;"SANTA FE";"SAN JAVIER";82;98;5880
Sorgo;2016/17;"SANTA FE";"SAN JAVIER";82;98;14440
Sorgo;2017/18;"SANTA FE";"SAN JAVIER";82;98;9200
Sorgo;2018/19;"SANTA FE";"SAN JAVIER";82;98;4800
Sorgo;2019/20;"SANTA FE";"SAN JAVIER";82;98;12600
Sorgo;2020/21;"SANTA FE";"SAN JAVIER";82;98;31800
Sorgo;2021/22;"SANTA FE";"SAN JAVIER";82;98;28800
Sorgo;2022/23;"SANTA FE";"SAN JAVIER";82;98;480
Sorgo;2023/24;"SANTA FE";"SAN JAVIER";82;98;3750
Sorgo;2024/25;"SANTA FE";"SAN JAVIER";82;98;2875
Sorgo;2015/16;"SANTA FE";"SAN JERONIMO";82;105;20150
Sorgo;2016/17;"SANTA FE";"SAN JERONIMO";82;105;12400
Sorgo;2017/18;"SANTA FE";"SAN JERONIMO";82;105;12720
Sorgo;2018/19;"SANTA FE";"SAN JERONIMO";82;105;20093
Sorgo;2019/20;"SANTA FE";"SAN JERONIMO";82;105;22200
Sorgo;2020/21;"SANTA FE";"SAN JERONIMO";82;105;17280
Sorgo;2021/22;"SANTA FE";"SAN JERONIMO";82;105;23238
Sorgo;2022/23;"SANTA FE";"SAN JERONIMO";82;105;18155
Sorgo;2023/24;"SANTA FE";"SAN JERONIMO";82;105;25529
Sorgo;2024/25;"SANTA FE";"SAN JERONIMO";82;105;29496
Sorgo;2015/16;"SANTA FE";"SAN JUSTO";82;112;15000
Sorgo;2016/17;"SANTA FE";"SAN JUSTO";82;112;15840
Sorgo;2017/18;"SANTA FE";"SAN JUSTO";82;112;13500
Sorgo;2018/19;"SANTA FE";"SAN JUSTO";82;112;15750
Sorgo;2019/20;"SANTA FE";"SAN JUSTO";82;112;20720
Sorgo;2020/21;"SANTA FE";"SAN JUSTO";82;112;33750
Sorgo;2021/22;"SANTA FE";"SAN JUSTO";82;112;29970
Sorgo;2022/23;"SANTA FE";"SAN JUSTO";82;112;17600
Sorgo;2023/24;"SANTA FE";"SAN JUSTO";82;112;55290
Sorgo;2024/25;"SANTA FE";"SAN JUSTO";82;112;34650
Sorgo;2015/16;"SANTA FE";"SAN LORENZO";82;119;7700
Sorgo;2016/17;"SANTA FE";"SAN LORENZO";82;119;7700
Sorgo;2017/18;"SANTA FE";"SAN LORENZO";82;119;7150
Sorgo;2018/19;"SANTA FE";"SAN LORENZO";82;119;6000
Sorgo;2019/20;"SANTA FE";"SAN LORENZO";82;119;12600
Sorgo;2020/21;"SANTA FE";"SAN LORENZO";82;119;39200
Sorgo;2021/22;"SANTA FE";"SAN LORENZO";82;119;37800
Sorgo;2022/23;"SANTA FE";"SAN LORENZO";82;119;21000
Sorgo;2023/24;"SANTA FE";"SAN LORENZO";82;119;44000
Sorgo;2024/25;"SANTA FE";"SAN LORENZO";82;119;15000
Sorgo;2015/16;"SANTA FE";"SAN MARTIN";82;126;16800
Sorgo;2016/17;"SANTA FE";"SAN MARTIN";82;126;13800
Sorgo;2017/18;"SANTA FE";"SAN MARTIN";82;126;4200
Sorgo;2018/19;"SANTA FE";"SAN MARTIN";82;126;10990
Sorgo;2019/20;"SANTA FE";"SAN MARTIN";82;126;18200
Sorgo;2020/21;"SANTA FE";"SAN MARTIN";82;126;44640
Sorgo;2021/22;"SANTA FE";"SAN MARTIN";82;126;11790
Sorgo;2022/23;"SANTA FE";"SAN MARTIN";82;126;24525
Sorgo;2023/24;"SANTA FE";"SAN MARTIN";82;126;33250
Sorgo;2024/25;"SANTA FE";"SAN MARTIN";82;126;48770
Sorgo;2015/16;"SANTA FE";VERA;82;133;36750
Sorgo;2016/17;"SANTA FE";VERA;82;133;36100
Sorgo;2017/18;"SANTA FE";VERA;82;133;23400
Sorgo;2018/19;"SANTA FE";VERA;82;133;6300
Sorgo;2019/20;"SANTA FE";VERA;82;133;33620
Sorgo;2020/21;"SANTA FE";VERA;82;133;67260
Sorgo;2021/22;"SANTA FE";VERA;82;133;49000
Sorgo;2022/23;"SANTA FE";VERA;82;133;400
Sorgo;2023/24;"SANTA FE";VERA;82;133;4180
Sorgo;2024/25;"SANTA FE";VERA;82;133;9240
Sorgo;2015/16;"SANTIAGO DEL ESTERO";AGUIRRE;86;7;35000
Sorgo;2016/17;"SANTIAGO DEL ESTERO";AGUIRRE;86;7;10325
Sorgo;2017/18;"SANTIAGO DEL ESTERO";AGUIRRE;86;7;10240
Sorgo;2018/19;"SANTIAGO DEL ESTERO";AGUIRRE;86;7;8510
Sorgo;2019/20;"SANTIAGO DEL ESTERO";AGUIRRE;86;7;4750
Sorgo;2020/21;"SANTIAGO DEL ESTERO";AGUIRRE;86;7;15680
Sorgo;2021/22;"SANTIAGO DEL ESTERO";AGUIRRE;86;7;9450
Sorgo;2022/23;"SANTIAGO DEL ESTERO";AGUIRRE;86;7;7371
Sorgo;2023/24;"SANTIAGO DEL ESTERO";AGUIRRE;86;7;9856
Sorgo;2024/25;"SANTIAGO DEL ESTERO";AGUIRRE;86;7;17320
Sorgo;2015/16;"SANTIAGO DEL ESTERO";ALBERDI;86;14;10500
Sorgo;2016/17;"SANTIAGO DEL ESTERO";ALBERDI;86;14;10200
Sorgo;2017/18;"SANTIAGO DEL ESTERO";ALBERDI;86;14;8960
Sorgo;2018/19;"SANTIAGO DEL ESTERO";ALBERDI;86;14;10112
Sorgo;2019/20;"SANTIAGO DEL ESTERO";ALBERDI;86;14;10075
Sorgo;2020/21;"SANTIAGO DEL ESTERO";ALBERDI;86;14;8960
Sorgo;2021/22;"SANTIAGO DEL ESTERO";ALBERDI;86;14;8120
Sorgo;2022/23;"SANTIAGO DEL ESTERO";ALBERDI;86;14;8136
Sorgo;2023/24;"SANTIAGO DEL ESTERO";ALBERDI;86;14;6156
Sorgo;2024/25;"SANTIAGO DEL ESTERO";ALBERDI;86;14;5124
Sorgo;2023/24;"SANTIAGO DEL ESTERO";ATAMISQUI;86;21;0
Sorgo;2024/25;"SANTIAGO DEL ESTERO";ATAMISQUI;86;21;1350
Sorgo;2015/16;"SANTIAGO DEL ESTERO";AVELLANEDA;86;28;7000
Sorgo;2016/17;"SANTIAGO DEL ESTERO";AVELLANEDA;86;28;4108
Sorgo;2017/18;"SANTIAGO DEL ESTERO";AVELLANEDA;86;28;6000
Sorgo;2018/19;"SANTIAGO DEL ESTERO";AVELLANEDA;86;28;5194
Sorgo;2019/20;"SANTIAGO DEL ESTERO";AVELLANEDA;86;28;5040
Sorgo;2020/21;"SANTIAGO DEL ESTERO";AVELLANEDA;86;28;7680
Sorgo;2021/22;"SANTIAGO DEL ESTERO";AVELLANEDA;86;28;6464
Sorgo;2022/23;"SANTIAGO DEL ESTERO";AVELLANEDA;86;28;4800
Sorgo;2023/24;"SANTIAGO DEL ESTERO";AVELLANEDA;86;28;6786
Sorgo;2024/25;"SANTIAGO DEL ESTERO";AVELLANEDA;86;28;9218
Sorgo;2015/16;"SANTIAGO DEL ESTERO";BANDA;86;35;9450
Sorgo;2016/17;"SANTIAGO DEL ESTERO";BANDA;86;35;11340
Sorgo;2017/18;"SANTIAGO DEL ESTERO";BANDA;86;35;5760
Sorgo;2018/19;"SANTIAGO DEL ESTERO";BANDA;86;35;5400
Sorgo;2019/20;"SANTIAGO DEL ESTERO";BANDA;86;35;6075
Sorgo;2020/21;"SANTIAGO DEL ESTERO";BANDA;86;35;10125
Sorgo;2021/22;"SANTIAGO DEL ESTERO";BANDA;86;35;11250
Sorgo;2022/23;"SANTIAGO DEL ESTERO";BANDA;86;35;10800
Sorgo;2023/24;"SANTIAGO DEL ESTERO";BANDA;86;35;12800
Sorgo;2024/25;"SANTIAGO DEL ESTERO";BANDA;86;35;9945
Sorgo;2015/16;"SANTIAGO DEL ESTERO";BELGRANO;86;42;35000
Sorgo;2016/17;"SANTIAGO DEL ESTERO";BELGRANO;86;42;5760
Sorgo;2017/18;"SANTIAGO DEL ESTERO";BELGRANO;86;42;4400
Sorgo;2018/19;"SANTIAGO DEL ESTERO";BELGRANO;86;42;5115
Sorgo;2019/20;"SANTIAGO DEL ESTERO";BELGRANO;86;42;12704
Sorgo;2020/21;"SANTIAGO DEL ESTERO";BELGRANO;86;42;21910
Sorgo;2021/22;"SANTIAGO DEL ESTERO";BELGRANO;86;42;16192
Sorgo;2022/23;"SANTIAGO DEL ESTERO";BELGRANO;86;42;13250
Sorgo;2023/24;"SANTIAGO DEL ESTERO";BELGRANO;86;42;16151
Sorgo;2024/25;"SANTIAGO DEL ESTERO";BELGRANO;86;42;16604
Sorgo;2015/16;"SANTIAGO DEL ESTERO";CAPITAL;86;49;9500
Sorgo;2016/17;"SANTIAGO DEL ESTERO";CAPITAL;86;49;14175
Sorgo;2017/18;"SANTIAGO DEL ESTERO";CAPITAL;86;49;8640
Sorgo;2018/19;"SANTIAGO DEL ESTERO";CAPITAL;86;49;13500
Sorgo;2019/20;"SANTIAGO DEL ESTERO";CAPITAL;86;49;10125
Sorgo;2020/21;"SANTIAGO DEL ESTERO";CAPITAL;86;49;15750
Sorgo;2021/22;"SANTIAGO DEL ESTERO";CAPITAL;86;49;15750
Sorgo;2022/23;"SANTIAGO DEL ESTERO";CAPITAL;86;49;12600
Sorgo;2023/24;"SANTIAGO DEL ESTERO";CAPITAL;86;49;15300
Sorgo;2024/25;"SANTIAGO DEL ESTERO";CAPITAL;86;49;15666
Sorgo;2015/16;"SANTIAGO DEL ESTERO";CHOYA;86;63;15750
Sorgo;2016/17;"SANTIAGO DEL ESTERO";CHOYA;86;63;15120
Sorgo;2017/18;"SANTIAGO DEL ESTERO";CHOYA;86;63;8100
Sorgo;2018/19;"SANTIAGO DEL ESTERO";CHOYA;86;63;18000
Sorgo;2019/20;"SANTIAGO DEL ESTERO";CHOYA;86;63;18225
Sorgo;2020/21;"SANTIAGO DEL ESTERO";CHOYA;86;63;18225
Sorgo;2021/22;"SANTIAGO DEL ESTERO";CHOYA;86;63;18225
Sorgo;2022/23;"SANTIAGO DEL ESTERO";CHOYA;86;63;18000
Sorgo;2023/24;"SANTIAGO DEL ESTERO";CHOYA;86;63;19176
Sorgo;2024/25;"SANTIAGO DEL ESTERO";CHOYA;86;63;16605
Sorgo;2015/16;"SANTIAGO DEL ESTERO";COPO;86;56;12250
Sorgo;2016/17;"SANTIAGO DEL ESTERO";COPO;86;56;8004
Sorgo;2017/18;"SANTIAGO DEL ESTERO";COPO;86;56;10500
Sorgo;2018/19;"SANTIAGO DEL ESTERO";COPO;86;56;8077
Sorgo;2019/20;"SANTIAGO DEL ESTERO";COPO;86;56;3624
Sorgo;2020/21;"SANTIAGO DEL ESTERO";COPO;86;56;21780
Sorgo;2021/22;"SANTIAGO DEL ESTERO";COPO;86;56;7584
Sorgo;2022/23;"SANTIAGO DEL ESTERO";COPO;86;56;7594
Sorgo;2023/24;"SANTIAGO DEL ESTERO";COPO;86;56;13442
Sorgo;2024/25;"SANTIAGO DEL ESTERO";COPO;86;56;11934
Sorgo;2015/16;"SANTIAGO DEL ESTERO";FIGUEROA;86;70;5250
Sorgo;2016/17;"SANTIAGO DEL ESTERO";FIGUEROA;86;70;4800
Sorgo;2017/18;"SANTIAGO DEL ESTERO";FIGUEROA;86;70;1500
Sorgo;2018/19;"SANTIAGO DEL ESTERO";FIGUEROA;86;70;3500
Sorgo;2019/20;"SANTIAGO DEL ESTERO";FIGUEROA;86;70;4050
Sorgo;2020/21;"SANTIAGO DEL ESTERO";FIGUEROA;86;70;6075
Sorgo;2021/22;"SANTIAGO DEL ESTERO";FIGUEROA;86;70;8100
Sorgo;2022/23;"SANTIAGO DEL ESTERO";FIGUEROA;86;70;7200
Sorgo;2023/24;"SANTIAGO DEL ESTERO";FIGUEROA;86;70;3993
Sorgo;2024/25;"SANTIAGO DEL ESTERO";FIGUEROA;86;70;5920
Sorgo;2015/16;"SANTIAGO DEL ESTERO";"GENERAL TABOADA";86;77;38500
Sorgo;2016/17;"SANTIAGO DEL ESTERO";"GENERAL TABOADA";86;77;15543
Sorgo;2017/18;"SANTIAGO DEL ESTERO";"GENERAL TABOADA";86;77;9800
Sorgo;2018/19;"SANTIAGO DEL ESTERO";"GENERAL TABOADA";86;77;10590
Sorgo;2019/20;"SANTIAGO DEL ESTERO";"GENERAL TABOADA";86;77;16467
Sorgo;2020/21;"SANTIAGO DEL ESTERO";"GENERAL TABOADA";86;77;28296
Sorgo;2021/22;"SANTIAGO DEL ESTERO";"GENERAL TABOADA";86;77;23910
Sorgo;2022/23;"SANTIAGO DEL ESTERO";"GENERAL TABOADA";86;77;22484
Sorgo;2023/24;"SANTIAGO DEL ESTERO";"GENERAL TABOADA";86;77;28479
Sorgo;2024/25;"SANTIAGO DEL ESTERO";"GENERAL TABOADA";86;77;21141
Sorgo;2015/16;"SANTIAGO DEL ESTERO";GUASAYAN;86;84;17100
Sorgo;2016/17;"SANTIAGO DEL ESTERO";GUASAYAN;86;84;20250
Sorgo;2017/18;"SANTIAGO DEL ESTERO";GUASAYAN;86;84;8100
Sorgo;2018/19;"SANTIAGO DEL ESTERO";GUASAYAN;86;84;14850
Sorgo;2019/20;"SANTIAGO DEL ESTERO";GUASAYAN;86;84;12150
Sorgo;2020/21;"SANTIAGO DEL ESTERO";GUASAYAN;86;84;22500
Sorgo;2021/22;"SANTIAGO DEL ESTERO";GUASAYAN;86;84;20250
Sorgo;2022/23;"SANTIAGO DEL ESTERO";GUASAYAN;86;84;20250
Sorgo;2023/24;"SANTIAGO DEL ESTERO";GUASAYAN;86;84;18500
Sorgo;2024/25;"SANTIAGO DEL ESTERO";GUASAYAN;86;84;16515
Sorgo;2015/16;"SANTIAGO DEL ESTERO";JIMENEZ;86;91;42000
Sorgo;2016/17;"SANTIAGO DEL ESTERO";JIMENEZ;86;91;38475
Sorgo;2017/18;"SANTIAGO DEL ESTERO";JIMENEZ;86;91;12800
Sorgo;2018/19;"SANTIAGO DEL ESTERO";JIMENEZ;86;91;22500
Sorgo;2019/20;"SANTIAGO DEL ESTERO";JIMENEZ;86;91;20250
Sorgo;2020/21;"SANTIAGO DEL ESTERO";JIMENEZ;86;91;25920
Sorgo;2021/22;"SANTIAGO DEL ESTERO";JIMENEZ;86;91;24300
Sorgo;2022/23;"SANTIAGO DEL ESTERO";JIMENEZ;86;91;24000
Sorgo;2023/24;"SANTIAGO DEL ESTERO";JIMENEZ;86;91;19000
Sorgo;2024/25;"SANTIAGO DEL ESTERO";JIMENEZ;86;91;17880
Sorgo;2015/16;"SANTIAGO DEL ESTERO";"JUAN F. IBARRA";86;98;52500
Sorgo;2016/17;"SANTIAGO DEL ESTERO";"JUAN F. IBARRA";86;98;4160
Sorgo;2017/18;"SANTIAGO DEL ESTERO";"JUAN F. IBARRA";86;98;4340
Sorgo;2018/19;"SANTIAGO DEL ESTERO";"JUAN F. IBARRA";86;98;5014
Sorgo;2019/20;"SANTIAGO DEL ESTERO";"JUAN F. IBARRA";86;98;11625
Sorgo;2020/21;"SANTIAGO DEL ESTERO";"JUAN F. IBARRA";86;98;28980
Sorgo;2021/22;"SANTIAGO DEL ESTERO";"JUAN F. IBARRA";86;98;24320
Sorgo;2022/23;"SANTIAGO DEL ESTERO";"JUAN F. IBARRA";86;98;18760
Sorgo;2023/24;"SANTIAGO DEL ESTERO";"JUAN F. IBARRA";86;98;20700
Sorgo;2024/25;"SANTIAGO DEL ESTERO";"JUAN F. IBARRA";86;98;12528
Sorgo;2015/16;"SANTIAGO DEL ESTERO";LORETO;86;105;8750
Sorgo;2016/17;"SANTIAGO DEL ESTERO";LORETO;86;105;12150
Sorgo;2017/18;"SANTIAGO DEL ESTERO";LORETO;86;105;2700
Sorgo;2018/19;"SANTIAGO DEL ESTERO";LORETO;86;105;3600
Sorgo;2019/20;"SANTIAGO DEL ESTERO";LORETO;86;105;4050
Sorgo;2020/21;"SANTIAGO DEL ESTERO";LORETO;86;105;9113
Sorgo;2021/22;"SANTIAGO DEL ESTERO";LORETO;86;105;10125
Sorgo;2022/23;"SANTIAGO DEL ESTERO";LORETO;86;105;11000
Sorgo;2023/24;"SANTIAGO DEL ESTERO";LORETO;86;105;5432
Sorgo;2024/25;"SANTIAGO DEL ESTERO";LORETO;86;105;11825
Sorgo;2015/16;"SANTIAGO DEL ESTERO";MITRE;86;112;22800
Sorgo;2016/17;"SANTIAGO DEL ESTERO";MITRE;86;112;19200
Sorgo;2017/18;"SANTIAGO DEL ESTERO";MITRE;86;112;6300
Sorgo;2018/19;"SANTIAGO DEL ESTERO";MITRE;86;112;15000
Sorgo;2019/20;"SANTIAGO DEL ESTERO";MITRE;86;112;14175
Sorgo;2020/21;"SANTIAGO DEL ESTERO";MITRE;86;112;26325
Sorgo;2021/22;"SANTIAGO DEL ESTERO";MITRE;86;112;26325
Sorgo;2022/23;"SANTIAGO DEL ESTERO";MITRE;86;112;28600
Sorgo;2023/24;"SANTIAGO DEL ESTERO";MITRE;86;112;13000
Sorgo;2024/25;"SANTIAGO DEL ESTERO";MITRE;86;112;28600
Sorgo;2015/16;"SANTIAGO DEL ESTERO";MORENO;86;119;77000
Sorgo;2016/17;"SANTIAGO DEL ESTERO";MORENO;86;119;8250
Sorgo;2017/18;"SANTIAGO DEL ESTERO";MORENO;86;119;7560
Sorgo;2018/19;"SANTIAGO DEL ESTERO";MORENO;86;119;15521
Sorgo;2019/20;"SANTIAGO DEL ESTERO";MORENO;86;119;36828
Sorgo;2020/21;"SANTIAGO DEL ESTERO";MORENO;86;119;40810
Sorgo;2021/22;"SANTIAGO DEL ESTERO";MORENO;86;119;48384
Sorgo;2022/23;"SANTIAGO DEL ESTERO";MORENO;86;119;42485
Sorgo;2023/24;"SANTIAGO DEL ESTERO";MORENO;86;119;39936
Sorgo;2024/25;"SANTIAGO DEL ESTERO";MORENO;86;119;22496
Sorgo;2020/21;"SANTIAGO DEL ESTERO";"OJO DE AGUA";86;126;12960
Sorgo;2021/22;"SANTIAGO DEL ESTERO";"OJO DE AGUA";86;126;15750
Sorgo;2022/23;"SANTIAGO DEL ESTERO";"OJO DE AGUA";86;126;4500
Sorgo;2023/24;"SANTIAGO DEL ESTERO";"OJO DE AGUA";86;126;1760
Sorgo;2024/25;"SANTIAGO DEL ESTERO";"OJO DE AGUA";86;126;3758
Sorgo;2015/16;"SANTIAGO DEL ESTERO";PELLEGRINI;86;133;15750
Sorgo;2016/17;"SANTIAGO DEL ESTERO";PELLEGRINI;86;133;21600
Sorgo;2017/18;"SANTIAGO DEL ESTERO";PELLEGRINI;86;133;10080
Sorgo;2018/19;"SANTIAGO DEL ESTERO";PELLEGRINI;86;133;15000
Sorgo;2019/20;"SANTIAGO DEL ESTERO";PELLEGRINI;86;133;14175
Sorgo;2020/21;"SANTIAGO DEL ESTERO";PELLEGRINI;86;133;26325
Sorgo;2021/22;"SANTIAGO DEL ESTERO";PELLEGRINI;86;133;26325
Sorgo;2022/23;"SANTIAGO DEL ESTERO";PELLEGRINI;86;133;23400
Sorgo;2023/24;"SANTIAGO DEL ESTERO";PELLEGRINI;86;133;15582
Sorgo;2024/25;"SANTIAGO DEL ESTERO";PELLEGRINI;86;133;20400
Sorgo;2022/23;"SANTIAGO DEL ESTERO";QUEBRACHOS;86;140;10800
Sorgo;2023/24;"SANTIAGO DEL ESTERO";QUEBRACHOS;86;140;5938
Sorgo;2024/25;"SANTIAGO DEL ESTERO";QUEBRACHOS;86;140;9320
Sorgo;2015/16;"SANTIAGO DEL ESTERO";"RIO HONDO";86;147;13300
Sorgo;2016/17;"SANTIAGO DEL ESTERO";"RIO HONDO";86;147;16200
Sorgo;2017/18;"SANTIAGO DEL ESTERO";"RIO HONDO";86;147;6750
Sorgo;2018/19;"SANTIAGO DEL ESTERO";"RIO HONDO";86;147;11500
Sorgo;2019/20;"SANTIAGO DEL ESTERO";"RIO HONDO";86;147;10125
Sorgo;2020/21;"SANTIAGO DEL ESTERO";"RIO HONDO";86;147;15750
Sorgo;2021/22;"SANTIAGO DEL ESTERO";"RIO HONDO";86;147;14175
Sorgo;2022/23;"SANTIAGO DEL ESTERO";"RIO HONDO";86;147;14400
Sorgo;2023/24;"SANTIAGO DEL ESTERO";"RIO HONDO";86;147;11165
Sorgo;2024/25;"SANTIAGO DEL ESTERO";"RIO HONDO";86;147;12680
Sorgo;2015/16;"SANTIAGO DEL ESTERO";RIVADAVIA;86;154;26250
Sorgo;2016/17;"SANTIAGO DEL ESTERO";RIVADAVIA;86;154;23100
Sorgo;2017/18;"SANTIAGO DEL ESTERO";RIVADAVIA;86;154;2200
Sorgo;2018/19;"SANTIAGO DEL ESTERO";RIVADAVIA;86;154;1709
Sorgo;2019/20;"SANTIAGO DEL ESTERO";RIVADAVIA;86;154;2343
Sorgo;2020/21;"SANTIAGO DEL ESTERO";RIVADAVIA;86;154;1224
Sorgo;2021/22;"SANTIAGO DEL ESTERO";RIVADAVIA;86;154;4736
Sorgo;2022/23;"SANTIAGO DEL ESTERO";RIVADAVIA;86;154;3822
Sorgo;2023/24;"SANTIAGO DEL ESTERO";RIVADAVIA;86;154;3480
Sorgo;2024/25;"SANTIAGO DEL ESTERO";RIVADAVIA;86;154;5267
Sorgo;2015/16;"SANTIAGO DEL ESTERO";ROBLES;86;161;11400
Sorgo;2016/17;"SANTIAGO DEL ESTERO";ROBLES;86;161;14175
Sorgo;2017/18;"SANTIAGO DEL ESTERO";ROBLES;86;161;5400
Sorgo;2018/19;"SANTIAGO DEL ESTERO";ROBLES;86;161;8100
Sorgo;2019/20;"SANTIAGO DEL ESTERO";ROBLES;86;161;8100
Sorgo;2020/21;"SANTIAGO DEL ESTERO";ROBLES;86;161;12150
Sorgo;2021/22;"SANTIAGO DEL ESTERO";ROBLES;86;161;12150
Sorgo;2022/23;"SANTIAGO DEL ESTERO";ROBLES;86;161;10800
Sorgo;2023/24;"SANTIAGO DEL ESTERO";ROBLES;86;161;8295
Sorgo;2024/25;"SANTIAGO DEL ESTERO";ROBLES;86;161;8760
Sorgo;2015/16;"SANTIAGO DEL ESTERO";"SAN MARTIN";86;175;7600
Sorgo;2016/17;"SANTIAGO DEL ESTERO";"SAN MARTIN";86;175;10125
Sorgo;2017/18;"SANTIAGO DEL ESTERO";"SAN MARTIN";86;175;4500
Sorgo;2018/19;"SANTIAGO DEL ESTERO";"SAN MARTIN";86;175;9000
Sorgo;2019/20;"SANTIAGO DEL ESTERO";"SAN MARTIN";86;175;8100
Sorgo;2020/21;"SANTIAGO DEL ESTERO";"SAN MARTIN";86;175;12150
Sorgo;2021/22;"SANTIAGO DEL ESTERO";"SAN MARTIN";86;175;12150
Sorgo;2022/23;"SANTIAGO DEL ESTERO";"SAN MARTIN";86;175;14400
Sorgo;2023/24;"SANTIAGO DEL ESTERO";"SAN MARTIN";86;175;11183
Sorgo;2024/25;"SANTIAGO DEL ESTERO";"SAN MARTIN";86;175;12820
Sorgo;2015/16;"SANTIAGO DEL ESTERO";SARMIENTO;86;182;11400
Sorgo;2016/17;"SANTIAGO DEL ESTERO";SARMIENTO;86;182;3255
Sorgo;2017/18;"SANTIAGO DEL ESTERO";SARMIENTO;86;182;2100
Sorgo;2018/19;"SANTIAGO DEL ESTERO";SARMIENTO;86;182;1764
Sorgo;2019/20;"SANTIAGO DEL ESTERO";SARMIENTO;86;182;1200
Sorgo;2020/21;"SANTIAGO DEL ESTERO";SARMIENTO;86;182;3420
Sorgo;2021/22;"SANTIAGO DEL ESTERO";SARMIENTO;86;182;1766
Sorgo;2022/23;"SANTIAGO DEL ESTERO";SARMIENTO;86;182;2077
Sorgo;2023/24;"SANTIAGO DEL ESTERO";SARMIENTO;86;182;1296
Sorgo;2024/25;"SANTIAGO DEL ESTERO";SARMIENTO;86;182;2730
Sorgo;2016/17;"SANTIAGO DEL ESTERO";SILIPICA;86;189;14175
Sorgo;2017/18;"SANTIAGO DEL ESTERO";SILIPICA;86;189;4455
Sorgo;2018/19;"SANTIAGO DEL ESTERO";SILIPICA;86;189;6500
Sorgo;2019/20;"SANTIAGO DEL ESTERO";SILIPICA;86;189;6075
Sorgo;2020/21;"SANTIAGO DEL ESTERO";SILIPICA;86;189;10125
Sorgo;2021/22;"SANTIAGO DEL ESTERO";SILIPICA;86;189;10125
Sorgo;2022/23;"SANTIAGO DEL ESTERO";SILIPICA;86;189;11000
Sorgo;2023/24;"SANTIAGO DEL ESTERO";SILIPICA;86;189;6895
Sorgo;2024/25;"SANTIAGO DEL ESTERO";SILIPICA;86;189;9420
Sorgo;2016/17;TUCUMAN;BURRUYACU;90;7;2800
Sorgo;2017/18;TUCUMAN;BURRUYACU;90;7;2040
Sorgo;2018/19;TUCUMAN;BURRUYACU;90;7;3800
Sorgo;2019/20;TUCUMAN;BURRUYACU;90;7;2775
Sorgo;2020/21;TUCUMAN;BURRUYACU;90;7;5780
Sorgo;2021/22;TUCUMAN;BURRUYACU;90;7;6440
Sorgo;2022/23;TUCUMAN;BURRUYACU;90;7;7130
Sorgo;2023/24;TUCUMAN;BURRUYACU;90;7;10632
Sorgo;2024/25;TUCUMAN;BURRUYACU;90;7;15600
Sorgo;2016/17;TUCUMAN;"CRUZ ALTA";90;14;1800
Sorgo;2017/18;TUCUMAN;"CRUZ ALTA";90;14;2160
Sorgo;2018/19;TUCUMAN;"CRUZ ALTA";90;14;2280
Sorgo;2019/20;TUCUMAN;"CRUZ ALTA";90;14;1450
Sorgo;2020/21;TUCUMAN;"CRUZ ALTA";90;14;3150
Sorgo;2021/22;TUCUMAN;"CRUZ ALTA";90;14;3100
Sorgo;2022/23;TUCUMAN;"CRUZ ALTA";90;14;1876
Sorgo;2023/24;TUCUMAN;"CRUZ ALTA";90;14;2484
Sorgo;2024/25;TUCUMAN;"CRUZ ALTA";90;14;3840
Sorgo;2016/17;TUCUMAN;GRANEROS;90;35;1320
Sorgo;2017/18;TUCUMAN;GRANEROS;90;35;924
Sorgo;2018/19;TUCUMAN;GRANEROS;90;35;1400
Sorgo;2019/20;TUCUMAN;GRANEROS;90;35;1295
Sorgo;2020/21;TUCUMAN;GRANEROS;90;35;2550
Sorgo;2021/22;TUCUMAN;GRANEROS;90;35;2520
Sorgo;2022/23;TUCUMAN;GRANEROS;90;35;1593
Sorgo;2023/24;TUCUMAN;GRANEROS;90;35;1830
Sorgo;2024/25;TUCUMAN;GRANEROS;90;35;3740
Sorgo;2016/17;TUCUMAN;"LA COCHA";90;49;1260
Sorgo;2017/18;TUCUMAN;"LA COCHA";90;49;735
Sorgo;2018/19;TUCUMAN;"LA COCHA";90;49;1600
Sorgo;2019/20;TUCUMAN;"LA COCHA";90;49;870
Sorgo;2020/21;TUCUMAN;"LA COCHA";90;49;2210
Sorgo;2021/22;TUCUMAN;"LA COCHA";90;49;2320
Sorgo;2022/23;TUCUMAN;"LA COCHA";90;49;1508
Sorgo;2023/24;TUCUMAN;"LA COCHA";90;49;22
Sorgo;2024/25;TUCUMAN;"LA COCHA";90;49;2000
Sorgo;2016/17;TUCUMAN;LEALES;90;56;3150
Sorgo;2017/18;TUCUMAN;LEALES;90;56;2208
Sorgo;2018/19;TUCUMAN;LEALES;90;56;2850
Sorgo;2019/20;TUCUMAN;LEALES;90;56;2960
Sorgo;2020/21;TUCUMAN;LEALES;90;56;3840
Sorgo;2021/22;TUCUMAN;LEALES;90;56;3567
Sorgo;2022/23;TUCUMAN;LEALES;90;56;2494
Sorgo;2023/24;TUCUMAN;LEALES;90;56;4899
Sorgo;2024/25;TUCUMAN;LEALES;90;56;8760
Sorgo;2016/17;TUCUMAN;SIMOCA;90;91;320
Sorgo;2017/18;TUCUMAN;SIMOCA;90;91;330
Sorgo;2018/19;TUCUMAN;SIMOCA;90;91;380
Sorgo;2019/20;TUCUMAN;SIMOCA;90;91;290
Sorgo;2020/21;TUCUMAN;SIMOCA;90;91;340
Sorgo;2021/22;TUCUMAN;SIMOCA;90;91;450
Sorgo;2022/23;TUCUMAN;SIMOCA;90;91;270
Sorgo;2023/24;TUCUMAN;SIMOCA;90;91;330
Sorgo;2024/25;TUCUMAN;SIMOCA;90;91;500
Sorgo;2023/24;TUCUMAN;"TAFI VIEJO";90;105;69
Sorgo;2016/17;TUCUMAN;TRANCAS;90;112;0
Sorgo;2017/18;TUCUMAN;TRANCAS;90;112;SD
Sorgo;2018/19;TUCUMAN;TRANCAS;90;112;0
Sorgo;2019/20;TUCUMAN;TRANCAS;90;112;0
Sorgo;2020/21;TUCUMAN;TRANCAS;90;112;0
Sorgo;2021/22;TUCUMAN;TRANCAS;90;112;0
Sorgo;2022/23;TUCUMAN;TRANCAS;90;112;0
Sorgo;2023/24;TUCUMAN;TRANCAS;90;112;0
Sorgo;2024/25;TUCUMAN;TRANCAS;90;112;0
"Trigo total";2015/16;"BUENOS AIRES";"25 DE MAYO";6;854;18600
"Trigo total";2016/17;"BUENOS AIRES";"25 DE MAYO";6;854;159322
"Trigo total";2017/18;"BUENOS AIRES";"25 DE MAYO";6;854;147493
"Trigo total";2018/19;"BUENOS AIRES";"25 DE MAYO";6;854;151648
"Trigo total";2019/20;"BUENOS AIRES";"25 DE MAYO";6;854;152962
"Trigo total";2020/21;"BUENOS AIRES";"25 DE MAYO";6;854;191542
"Trigo total";2021/22;"BUENOS AIRES";"25 DE MAYO";6;854;220074
"Trigo total";2022/23;"BUENOS AIRES";"25 DE MAYO";6;854;201377
"Trigo total";2023/24;"BUENOS AIRES";"25 DE MAYO";6;854;192112
"Trigo total";2024/25;"BUENOS AIRES";"25 DE MAYO";6;854;205250
"Trigo total";2015/16;"BUENOS AIRES";"9 DE JULIO";6;588;28800
"Trigo total";2016/17;"BUENOS AIRES";"9 DE JULIO";6;588;217098
"Trigo total";2017/18;"BUENOS AIRES";"9 DE JULIO";6;588;244100
"Trigo total";2018/19;"BUENOS AIRES";"9 DE JULIO";6;588;258404
"Trigo total";2019/20;"BUENOS AIRES";"9 DE JULIO";6;588;204750
"Trigo total";2020/21;"BUENOS AIRES";"9 DE JULIO";6;588;252040
"Trigo total";2021/22;"BUENOS AIRES";"9 DE JULIO";6;588;329250
"Trigo total";2022/23;"BUENOS AIRES";"9 DE JULIO";6;588;160150
"Trigo total";2023/24;"BUENOS AIRES";"9 DE JULIO";6;588;111425
"Trigo total";2024/25;"BUENOS AIRES";"9 DE JULIO";6;588;277450
"Trigo total";2015/16;"BUENOS AIRES";"ADOLFO ALSINA";6;7;229400
"Trigo total";2016/17;"BUENOS AIRES";"ADOLFO ALSINA";6;7;237939
"Trigo total";2017/18;"BUENOS AIRES";"ADOLFO ALSINA";6;7;188940
"Trigo total";2018/19;"BUENOS AIRES";"ADOLFO ALSINA";6;7;244680
"Trigo total";2019/20;"BUENOS AIRES";"ADOLFO ALSINA";6;7;199830
"Trigo total";2020/21;"BUENOS AIRES";"ADOLFO ALSINA";6;7;231220
"Trigo total";2021/22;"BUENOS AIRES";"ADOLFO ALSINA";6;7;409860
"Trigo total";2022/23;"BUENOS AIRES";"ADOLFO ALSINA";6;7;341820
"Trigo total";2023/24;"BUENOS AIRES";"ADOLFO ALSINA";6;7;290520
"Trigo total";2024/25;"BUENOS AIRES";"ADOLFO ALSINA";6;7;301220
"Trigo total";2015/16;"BUENOS AIRES";"ADOLFO GONZALES CHAVES";6;14;120276
"Trigo total";2016/17;"BUENOS AIRES";"ADOLFO GONZALES CHAVES";6;14;131787
"Trigo total";2017/18;"BUENOS AIRES";"ADOLFO GONZALES CHAVES";6;14;176788
"Trigo total";2018/19;"BUENOS AIRES";"ADOLFO GONZALES CHAVES";6;14;197891
"Trigo total";2019/20;"BUENOS AIRES";"ADOLFO GONZALES CHAVES";6;14;162400
"Trigo total";2020/21;"BUENOS AIRES";"ADOLFO GONZALES CHAVES";6;14;255600
"Trigo total";2021/22;"BUENOS AIRES";"ADOLFO GONZALES CHAVES";6;14;151686
"Trigo total";2022/23;"BUENOS AIRES";"ADOLFO GONZALES CHAVES";6;14;100510
"Trigo total";2023/24;"BUENOS AIRES";"ADOLFO GONZALES CHAVES";6;14;185845
"Trigo total";2024/25;"BUENOS AIRES";"ADOLFO GONZALES CHAVES";6;14;198644
"Trigo total";2015/16;"BUENOS AIRES";ALBERTI;6;21;42560
"Trigo total";2016/17;"BUENOS AIRES";ALBERTI;6;21;104160
"Trigo total";2017/18;"BUENOS AIRES";ALBERTI;6;21;126405
"Trigo total";2018/19;"BUENOS AIRES";ALBERTI;6;21;94040
"Trigo total";2019/20;"BUENOS AIRES";ALBERTI;6;21;75150
"Trigo total";2020/21;"BUENOS AIRES";ALBERTI;6;21;92400
"Trigo total";2021/22;"BUENOS AIRES";ALBERTI;6;21;117600
"Trigo total";2022/23;"BUENOS AIRES";ALBERTI;6;21;64260
"Trigo total";2023/24;"BUENOS AIRES";ALBERTI;6;21;57000
"Trigo total";2024/25;"BUENOS AIRES";ALBERTI;6;21;105750
"Trigo total";2015/16;"BUENOS AIRES";ARRECIFES;6;77;49280
"Trigo total";2016/17;"BUENOS AIRES";ARRECIFES;6;77;95700
"Trigo total";2017/18;"BUENOS AIRES";ARRECIFES;6;77;90515
"Trigo total";2018/19;"BUENOS AIRES";ARRECIFES;6;77;93355
"Trigo total";2019/20;"BUENOS AIRES";ARRECIFES;6;77;103416
"Trigo total";2020/21;"BUENOS AIRES";ARRECIFES;6;77;101600
"Trigo total";2021/22;"BUENOS AIRES";ARRECIFES;6;77;122693
"Trigo total";2022/23;"BUENOS AIRES";ARRECIFES;6;77;58200
"Trigo total";2023/24;"BUENOS AIRES";ARRECIFES;6;77;98670
"Trigo total";2024/25;"BUENOS AIRES";ARRECIFES;6;77;121500
"Trigo total";2015/16;"BUENOS AIRES";AYACUCHO;6;42;10800
"Trigo total";2016/17;"BUENOS AIRES";AYACUCHO;6;42;31744
"Trigo total";2017/18;"BUENOS AIRES";AYACUCHO;6;42;5111
"Trigo total";2018/19;"BUENOS AIRES";AYACUCHO;6;42;6400
"Trigo total";2019/20;"BUENOS AIRES";AYACUCHO;6;42;18240
"Trigo total";2020/21;"BUENOS AIRES";AYACUCHO;6;42;50740
"Trigo total";2021/22;"BUENOS AIRES";AYACUCHO;6;42;54000
"Trigo total";2022/23;"BUENOS AIRES";AYACUCHO;6;42;23825
"Trigo total";2023/24;"BUENOS AIRES";AYACUCHO;6;42;45000
"Trigo total";2024/25;"BUENOS AIRES";AYACUCHO;6;42;58900
"Trigo total";2015/16;"BUENOS AIRES";AZUL;6;49;129711
"Trigo total";2016/17;"BUENOS AIRES";AZUL;6;49;162564
"Trigo total";2017/18;"BUENOS AIRES";AZUL;6;49;189924
"Trigo total";2018/19;"BUENOS AIRES";AZUL;6;49;174324
"Trigo total";2019/20;"BUENOS AIRES";AZUL;6;49;177120
"Trigo total";2020/21;"BUENOS AIRES";AZUL;6;49;272424
"Trigo total";2021/22;"BUENOS AIRES";AZUL;6;49;189316
"Trigo total";2022/23;"BUENOS AIRES";AZUL;6;49;82101
"Trigo total";2023/24;"BUENOS AIRES";AZUL;6;49;209104
"Trigo total";2024/25;"BUENOS AIRES";AZUL;6;49;158400
"Trigo total";2015/16;"BUENOS AIRES";"BAHIA BLANCA";6;56;22048
"Trigo total";2016/17;"BUENOS AIRES";"BAHIA BLANCA";6;56;28006
"Trigo total";2017/18;"BUENOS AIRES";"BAHIA BLANCA";6;56;19692
"Trigo total";2018/19;"BUENOS AIRES";"BAHIA BLANCA";6;56;33600
"Trigo total";2019/20;"BUENOS AIRES";"BAHIA BLANCA";6;56;13192
"Trigo total";2020/21;"BUENOS AIRES";"BAHIA BLANCA";6;56;35200
"Trigo total";2021/22;"BUENOS AIRES";"BAHIA BLANCA";6;56;12896
"Trigo total";2022/23;"BUENOS AIRES";"BAHIA BLANCA";6;56;20140
"Trigo total";2023/24;"BUENOS AIRES";"BAHIA BLANCA";6;56;8750
"Trigo total";2024/25;"BUENOS AIRES";"BAHIA BLANCA";6;56;26317
"Trigo total";2015/16;"BUENOS AIRES";BALCARCE;6;63;51333
"Trigo total";2016/17;"BUENOS AIRES";BALCARCE;6;63;134680
"Trigo total";2017/18;"BUENOS AIRES";BALCARCE;6;63;170280
"Trigo total";2018/19;"BUENOS AIRES";BALCARCE;6;63;202822
"Trigo total";2019/20;"BUENOS AIRES";BALCARCE;6;63;168450
"Trigo total";2020/21;"BUENOS AIRES";BALCARCE;6;63;244462
"Trigo total";2021/22;"BUENOS AIRES";BALCARCE;6;63;146880
"Trigo total";2022/23;"BUENOS AIRES";BALCARCE;6;63;100384
"Trigo total";2023/24;"BUENOS AIRES";BALCARCE;6;63;170143
"Trigo total";2024/25;"BUENOS AIRES";BALCARCE;6;63;184778
"Trigo total";2015/16;"BUENOS AIRES";BARADERO;6;70;18040
"Trigo total";2016/17;"BUENOS AIRES";BARADERO;6;70;52159
"Trigo total";2017/18;"BUENOS AIRES";BARADERO;6;70;86172
"Trigo total";2018/19;"BUENOS AIRES";BARADERO;6;70;81330
"Trigo total";2019/20;"BUENOS AIRES";BARADERO;6;70;50000
"Trigo total";2020/21;"BUENOS AIRES";BARADERO;6;70;46800
"Trigo total";2021/22;"BUENOS AIRES";BARADERO;6;70;134185
"Trigo total";2022/23;"BUENOS AIRES";BARADERO;6;70;43806
"Trigo total";2023/24;"BUENOS AIRES";BARADERO;6;70;110210
"Trigo total";2024/25;"BUENOS AIRES";BARADERO;6;70;106209
"Trigo total";2015/16;"BUENOS AIRES";"BENITO JUAREZ";6;84;100152
"Trigo total";2016/17;"BUENOS AIRES";"BENITO JUAREZ";6;84;95336
"Trigo total";2017/18;"BUENOS AIRES";"BENITO JUAREZ";6;84;125496
"Trigo total";2018/19;"BUENOS AIRES";"BENITO JUAREZ";6;84;144168
"Trigo total";2019/20;"BUENOS AIRES";"BENITO JUAREZ";6;84;105740
"Trigo total";2020/21;"BUENOS AIRES";"BENITO JUAREZ";6;84;177275
"Trigo total";2021/22;"BUENOS AIRES";"BENITO JUAREZ";6;84;113656
"Trigo total";2022/23;"BUENOS AIRES";"BENITO JUAREZ";6;84;41745
"Trigo total";2023/24;"BUENOS AIRES";"BENITO JUAREZ";6;84;137894
"Trigo total";2024/25;"BUENOS AIRES";"BENITO JUAREZ";6;84;136727
"Trigo total";2015/16;"BUENOS AIRES";BOLIVAR;6;105;58500
"Trigo total";2016/17;"BUENOS AIRES";BOLIVAR;6;105;79068
"Trigo total";2017/18;"BUENOS AIRES";BOLIVAR;6;105;48000
"Trigo total";2018/19;"BUENOS AIRES";BOLIVAR;6;105;108000
"Trigo total";2019/20;"BUENOS AIRES";BOLIVAR;6;105;96000
"Trigo total";2020/21;"BUENOS AIRES";BOLIVAR;6;105;134400
"Trigo total";2021/22;"BUENOS AIRES";BOLIVAR;6;105;80040
"Trigo total";2022/23;"BUENOS AIRES";BOLIVAR;6;105;70200
"Trigo total";2023/24;"BUENOS AIRES";BOLIVAR;6;105;126600
"Trigo total";2024/25;"BUENOS AIRES";BOLIVAR;6;105;96300
"Trigo total";2015/16;"BUENOS AIRES";BRAGADO;6;112;29760
"Trigo total";2016/17;"BUENOS AIRES";BRAGADO;6;112;95886
"Trigo total";2017/18;"BUENOS AIRES";BRAGADO;6;112;129245
"Trigo total";2018/19;"BUENOS AIRES";BRAGADO;6;112;139368
"Trigo total";2019/20;"BUENOS AIRES";BRAGADO;6;112;134100
"Trigo total";2020/21;"BUENOS AIRES";BRAGADO;6;112;147788
"Trigo total";2021/22;"BUENOS AIRES";BRAGADO;6;112;186200
"Trigo total";2022/23;"BUENOS AIRES";BRAGADO;6;112;80750
"Trigo total";2023/24;"BUENOS AIRES";BRAGADO;6;112;65000
"Trigo total";2024/25;"BUENOS AIRES";BRAGADO;6;112;162000
"Trigo total";2015/16;"BUENOS AIRES";BRANDSEN;6;119;2210
"Trigo total";2016/17;"BUENOS AIRES";BRANDSEN;6;119;2418
"Trigo total";2017/18;"BUENOS AIRES";BRANDSEN;6;119;1920
"Trigo total";2018/19;"BUENOS AIRES";BRANDSEN;6;119;1700
"Trigo total";2019/20;"BUENOS AIRES";BRANDSEN;6;119;1950
"Trigo total";2020/21;"BUENOS AIRES";BRANDSEN;6;119;1900
"Trigo total";2021/22;"BUENOS AIRES";BRANDSEN;6;119;1900
"Trigo total";2022/23;"BUENOS AIRES";BRANDSEN;6;119;810
"Trigo total";2023/24;"BUENOS AIRES";BRANDSEN;6;119;2000
"Trigo total";2024/25;"BUENOS AIRES";BRANDSEN;6;119;2460
"Trigo total";2015/16;"BUENOS AIRES";CAMPANA;6;126;9660
"Trigo total";2016/17;"BUENOS AIRES";CAMPANA;6;126;11044
"Trigo total";2017/18;"BUENOS AIRES";CAMPANA;6;126;12320
"Trigo total";2018/19;"BUENOS AIRES";CAMPANA;6;126;14625
"Trigo total";2019/20;"BUENOS AIRES";CAMPANA;6;126;12300
"Trigo total";2020/21;"BUENOS AIRES";CAMPANA;6;126;11780
"Trigo total";2021/22;"BUENOS AIRES";CAMPANA;6;126;8914
"Trigo total";2022/23;"BUENOS AIRES";CAMPANA;6;126;4800
"Trigo total";2023/24;"BUENOS AIRES";CAMPANA;6;126;12420
"Trigo total";2024/25;"BUENOS AIRES";CAMPANA;6;126;13330
"Trigo total";2015/16;"BUENOS AIRES";CANUELAS;6;134;4540
"Trigo total";2016/17;"BUENOS AIRES";CANUELAS;6;134;6880
"Trigo total";2017/18;"BUENOS AIRES";CANUELAS;6;134;8640
"Trigo total";2018/19;"BUENOS AIRES";CANUELAS;6;134;7970
"Trigo total";2019/20;"BUENOS AIRES";CANUELAS;6;134;8190
"Trigo total";2020/21;"BUENOS AIRES";CANUELAS;6;134;7980
"Trigo total";2021/22;"BUENOS AIRES";CANUELAS;6;134;13300
"Trigo total";2022/23;"BUENOS AIRES";CANUELAS;6;134;5490
"Trigo total";2023/24;"BUENOS AIRES";CANUELAS;6;134;15400
"Trigo total";2024/25;"BUENOS AIRES";CANUELAS;6;134;16800
"Trigo total";2015/16;"BUENOS AIRES";"CAPITAN SARMIENTO";6;140;19967
"Trigo total";2016/17;"BUENOS AIRES";"CAPITAN SARMIENTO";6;140;20610
"Trigo total";2017/18;"BUENOS AIRES";"CAPITAN SARMIENTO";6;140;37350
"Trigo total";2018/19;"BUENOS AIRES";"CAPITAN SARMIENTO";6;140;40005
"Trigo total";2019/20;"BUENOS AIRES";"CAPITAN SARMIENTO";6;140;24600
"Trigo total";2020/21;"BUENOS AIRES";"CAPITAN SARMIENTO";6;140;26000
"Trigo total";2021/22;"BUENOS AIRES";"CAPITAN SARMIENTO";6;140;48515
"Trigo total";2022/23;"BUENOS AIRES";"CAPITAN SARMIENTO";6;140;16500
"Trigo total";2023/24;"BUENOS AIRES";"CAPITAN SARMIENTO";6;140;41360
"Trigo total";2024/25;"BUENOS AIRES";"CAPITAN SARMIENTO";6;140;41960
"Trigo total";2015/16;"BUENOS AIRES";"CARLOS CASARES";6;147;59850
"Trigo total";2016/17;"BUENOS AIRES";"CARLOS CASARES";6;147;116850
"Trigo total";2017/18;"BUENOS AIRES";"CARLOS CASARES";6;147;72480
"Trigo total";2018/19;"BUENOS AIRES";"CARLOS CASARES";6;147;100559
"Trigo total";2019/20;"BUENOS AIRES";"CARLOS CASARES";6;147;79200
"Trigo total";2020/21;"BUENOS AIRES";"CARLOS CASARES";6;147;112970
"Trigo total";2021/22;"BUENOS AIRES";"CARLOS CASARES";6;147;140309
"Trigo total";2022/23;"BUENOS AIRES";"CARLOS CASARES";6;147;66720
"Trigo total";2023/24;"BUENOS AIRES";"CARLOS CASARES";6;147;23776
"Trigo total";2024/25;"BUENOS AIRES";"CARLOS CASARES";6;147;58590
"Trigo total";2015/16;"BUENOS AIRES";"CARLOS TEJEDOR";6;154;29950
"Trigo total";2016/17;"BUENOS AIRES";"CARLOS TEJEDOR";6;154;116560
"Trigo total";2017/18;"BUENOS AIRES";"CARLOS TEJEDOR";6;154;37600
"Trigo total";2018/19;"BUENOS AIRES";"CARLOS TEJEDOR";6;154;101794
"Trigo total";2019/20;"BUENOS AIRES";"CARLOS TEJEDOR";6;154;69862
"Trigo total";2020/21;"BUENOS AIRES";"CARLOS TEJEDOR";6;154;125400
"Trigo total";2021/22;"BUENOS AIRES";"CARLOS TEJEDOR";6;154;111479
"Trigo total";2022/23;"BUENOS AIRES";"CARLOS TEJEDOR";6;154;37860
"Trigo total";2023/24;"BUENOS AIRES";"CARLOS TEJEDOR";6;154;17265
"Trigo total";2024/25;"BUENOS AIRES";"CARLOS TEJEDOR";6;154;72266
"Trigo total";2015/16;"BUENOS AIRES";"CARMEN DE ARECO";6;161;27890
"Trigo total";2016/17;"BUENOS AIRES";"CARMEN DE ARECO";6;161;35861
"Trigo total";2017/18;"BUENOS AIRES";"CARMEN DE ARECO";6;161;36428
"Trigo total";2018/19;"BUENOS AIRES";"CARMEN DE ARECO";6;161;71520
"Trigo total";2019/20;"BUENOS AIRES";"CARMEN DE ARECO";6;161;50920
"Trigo total";2020/21;"BUENOS AIRES";"CARMEN DE ARECO";6;161;42000
"Trigo total";2021/22;"BUENOS AIRES";"CARMEN DE ARECO";6;161;58750
"Trigo total";2022/23;"BUENOS AIRES";"CARMEN DE ARECO";6;161;32045
"Trigo total";2023/24;"BUENOS AIRES";"CARMEN DE ARECO";6;161;61250
"Trigo total";2024/25;"BUENOS AIRES";"CARMEN DE ARECO";6;161;66500
"Trigo total";2015/16;"BUENOS AIRES";CASTELLI;6;168;8160
"Trigo total";2016/17;"BUENOS AIRES";CASTELLI;6;168;6086
"Trigo total";2018/19;"BUENOS AIRES";CASTELLI;6;168;5175
"Trigo total";2019/20;"BUENOS AIRES";CASTELLI;6;168;6000
"Trigo total";2020/21;"BUENOS AIRES";CASTELLI;6;168;11040
"Trigo total";2021/22;"BUENOS AIRES";CASTELLI;6;168;14558
"Trigo total";2022/23;"BUENOS AIRES";CASTELLI;6;168;6400
"Trigo total";2023/24;"BUENOS AIRES";CASTELLI;6;168;18560
"Trigo total";2024/25;"BUENOS AIRES";CASTELLI;6;168;13440
"Trigo total";2015/16;"BUENOS AIRES";CHACABUCO;6;210;59130
"Trigo total";2016/17;"BUENOS AIRES";CHACABUCO;6;210;82800
"Trigo total";2017/18;"BUENOS AIRES";CHACABUCO;6;210;113448
"Trigo total";2018/19;"BUENOS AIRES";CHACABUCO;6;210;144000
"Trigo total";2019/20;"BUENOS AIRES";CHACABUCO;6;210;133250
"Trigo total";2020/21;"BUENOS AIRES";CHACABUCO;6;210;184800
"Trigo total";2021/22;"BUENOS AIRES";CHACABUCO;6;210;189200
"Trigo total";2022/23;"BUENOS AIRES";CHACABUCO;6;210;57758
"Trigo total";2023/24;"BUENOS AIRES";CHACABUCO;6;210;136500
"Trigo total";2024/25;"BUENOS AIRES";CHACABUCO;6;210;156000
"Trigo total";2015/16;"BUENOS AIRES";CHASCOMUS;6;217;5210
"Trigo total";2016/17;"BUENOS AIRES";CHASCOMUS;6;217;24912
"Trigo total";2017/18;"BUENOS AIRES";CHASCOMUS;6;217;16272
"Trigo total";2018/19;"BUENOS AIRES";CHASCOMUS;6;217;30873
"Trigo total";2019/20;"BUENOS AIRES";CHASCOMUS;6;217;32370
"Trigo total";2020/21;"BUENOS AIRES";CHASCOMUS;6;217;31540
"Trigo total";2021/22;"BUENOS AIRES";CHASCOMUS;6;217;56810
"Trigo total";2022/23;"BUENOS AIRES";CHASCOMUS;6;217;40205
"Trigo total";2023/24;"BUENOS AIRES";CHASCOMUS;6;217;82340
"Trigo total";2024/25;"BUENOS AIRES";CHASCOMUS;6;217;55660
"Trigo total";2015/16;"BUENOS AIRES";CHIVILCOY;6;224;41720
"Trigo total";2016/17;"BUENOS AIRES";CHIVILCOY;6;224;104958
"Trigo total";2017/18;"BUENOS AIRES";CHIVILCOY;6;224;122092
"Trigo total";2018/19;"BUENOS AIRES";CHIVILCOY;6;224;111208
"Trigo total";2019/20;"BUENOS AIRES";CHIVILCOY;6;224;114300
"Trigo total";2020/21;"BUENOS AIRES";CHIVILCOY;6;224;138968
"Trigo total";2021/22;"BUENOS AIRES";CHIVILCOY;6;224;183868
"Trigo total";2022/23;"BUENOS AIRES";CHIVILCOY;6;224;68540
"Trigo total";2023/24;"BUENOS AIRES";CHIVILCOY;6;224;119090
"Trigo total";2024/25;"BUENOS AIRES";CHIVILCOY;6;224;172905
"Trigo total";2015/16;"BUENOS AIRES";COLON;6;175;43955
"Trigo total";2016/17;"BUENOS AIRES";COLON;6;175;55742
"Trigo total";2017/18;"BUENOS AIRES";COLON;6;175;52762
"Trigo total";2018/19;"BUENOS AIRES";COLON;6;175;73339
"Trigo total";2019/20;"BUENOS AIRES";COLON;6;175;70137
"Trigo total";2020/21;"BUENOS AIRES";COLON;6;175;65200
"Trigo total";2021/22;"BUENOS AIRES";COLON;6;175;71558
"Trigo total";2022/23;"BUENOS AIRES";COLON;6;175;40480
"Trigo total";2023/24;"BUENOS AIRES";COLON;6;175;66750
"Trigo total";2024/25;"BUENOS AIRES";COLON;6;175;73960
"Trigo total";2015/16;"BUENOS AIRES";"CORONEL DE MARINA L ROSALES";6;182;36156
"Trigo total";2016/17;"BUENOS AIRES";"CORONEL DE MARINA L ROSALES";6;182;28220
"Trigo total";2017/18;"BUENOS AIRES";"CORONEL DE MARINA L ROSALES";6;182;43078
"Trigo total";2018/19;"BUENOS AIRES";"CORONEL DE MARINA L ROSALES";6;182;47250
"Trigo total";2019/20;"BUENOS AIRES";"CORONEL DE MARINA L ROSALES";6;182;20831
"Trigo total";2020/21;"BUENOS AIRES";"CORONEL DE MARINA L ROSALES";6;182;36607
"Trigo total";2021/22;"BUENOS AIRES";"CORONEL DE MARINA L ROSALES";6;182;33105
"Trigo total";2022/23;"BUENOS AIRES";"CORONEL DE MARINA L ROSALES";6;182;37859
"Trigo total";2023/24;"BUENOS AIRES";"CORONEL DE MARINA L ROSALES";6;182;15916
"Trigo total";2024/25;"BUENOS AIRES";"CORONEL DE MARINA L ROSALES";6;182;28919
"Trigo total";2015/16;"BUENOS AIRES";"CORONEL DORREGO";6;189;231165
"Trigo total";2016/17;"BUENOS AIRES";"CORONEL DORREGO";6;189;173075
"Trigo total";2017/18;"BUENOS AIRES";"CORONEL DORREGO";6;189;385506
"Trigo total";2018/19;"BUENOS AIRES";"CORONEL DORREGO";6;189;338891
"Trigo total";2019/20;"BUENOS AIRES";"CORONEL DORREGO";6;189;346600
"Trigo total";2020/21;"BUENOS AIRES";"CORONEL DORREGO";6;189;625960
"Trigo total";2021/22;"BUENOS AIRES";"CORONEL DORREGO";6;189;288724
"Trigo total";2022/23;"BUENOS AIRES";"CORONEL DORREGO";6;189;314100
"Trigo total";2023/24;"BUENOS AIRES";"CORONEL DORREGO";6;189;276605
"Trigo total";2024/25;"BUENOS AIRES";"CORONEL DORREGO";6;189;244882
"Trigo total";2015/16;"BUENOS AIRES";"CORONEL PRINGLES";6;196;163440
"Trigo total";2016/17;"BUENOS AIRES";"CORONEL PRINGLES";6;196;148258
"Trigo total";2017/18;"BUENOS AIRES";"CORONEL PRINGLES";6;196;203148
"Trigo total";2018/19;"BUENOS AIRES";"CORONEL PRINGLES";6;196;260463
"Trigo total";2019/20;"BUENOS AIRES";"CORONEL PRINGLES";6;196;245250
"Trigo total";2020/21;"BUENOS AIRES";"CORONEL PRINGLES";6;196;312600
"Trigo total";2021/22;"BUENOS AIRES";"CORONEL PRINGLES";6;196;254867
"Trigo total";2022/23;"BUENOS AIRES";"CORONEL PRINGLES";6;196;189062
"Trigo total";2023/24;"BUENOS AIRES";"CORONEL PRINGLES";6;196;239880
"Trigo total";2024/25;"BUENOS AIRES";"CORONEL PRINGLES";6;196;175734
"Trigo total";2015/16;"BUENOS AIRES";"CORONEL SUAREZ";6;203;288112
"Trigo total";2016/17;"BUENOS AIRES";"CORONEL SUAREZ";6;203;306095
"Trigo total";2017/18;"BUENOS AIRES";"CORONEL SUAREZ";6;203;342400
"Trigo total";2018/19;"BUENOS AIRES";"CORONEL SUAREZ";6;203;292620
"Trigo total";2019/20;"BUENOS AIRES";"CORONEL SUAREZ";6;203;166400
"Trigo total";2020/21;"BUENOS AIRES";"CORONEL SUAREZ";6;203;275000
"Trigo total";2021/22;"BUENOS AIRES";"CORONEL SUAREZ";6;203;235542
"Trigo total";2022/23;"BUENOS AIRES";"CORONEL SUAREZ";6;203;287000
"Trigo total";2023/24;"BUENOS AIRES";"CORONEL SUAREZ";6;203;274800
"Trigo total";2024/25;"BUENOS AIRES";"CORONEL SUAREZ";6;203;287600
"Trigo total";2015/16;"BUENOS AIRES";DAIREAUX;6;231;48477
"Trigo total";2016/17;"BUENOS AIRES";DAIREAUX;6;231;100230
"Trigo total";2017/18;"BUENOS AIRES";DAIREAUX;6;231;56000
"Trigo total";2018/19;"BUENOS AIRES";DAIREAUX;6;231;112000
"Trigo total";2019/20;"BUENOS AIRES";DAIREAUX;6;231;87000
"Trigo total";2020/21;"BUENOS AIRES";DAIREAUX;6;231;121800
"Trigo total";2021/22;"BUENOS AIRES";DAIREAUX;6;231;64584
"Trigo total";2022/23;"BUENOS AIRES";DAIREAUX;6;231;81000
"Trigo total";2023/24;"BUENOS AIRES";DAIREAUX;6;231;93000
"Trigo total";2024/25;"BUENOS AIRES";DAIREAUX;6;231;86800
"Trigo total";2020/21;"BUENOS AIRES";DOLORES;6;238;140
"Trigo total";2022/23;"BUENOS AIRES";DOLORES;6;238;1230
"Trigo total";2023/24;"BUENOS AIRES";DOLORES;6;238;1485
"Trigo total";2024/25;"BUENOS AIRES";DOLORES;6;238;1680
"Trigo total";2015/16;"BUENOS AIRES";"EXALTACION DE LA CRUZ";6;266;10000
"Trigo total";2016/17;"BUENOS AIRES";"EXALTACION DE LA CRUZ";6;266;11256
"Trigo total";2017/18;"BUENOS AIRES";"EXALTACION DE LA CRUZ";6;266;12900
"Trigo total";2018/19;"BUENOS AIRES";"EXALTACION DE LA CRUZ";6;266;15050
"Trigo total";2019/20;"BUENOS AIRES";"EXALTACION DE LA CRUZ";6;266;11700
"Trigo total";2020/21;"BUENOS AIRES";"EXALTACION DE LA CRUZ";6;266;12540
"Trigo total";2021/22;"BUENOS AIRES";"EXALTACION DE LA CRUZ";6;266;31934
"Trigo total";2022/23;"BUENOS AIRES";"EXALTACION DE LA CRUZ";6;266;10355
"Trigo total";2023/24;"BUENOS AIRES";"EXALTACION DE LA CRUZ";6;266;32200
"Trigo total";2024/25;"BUENOS AIRES";"EXALTACION DE LA CRUZ";6;266;35690
"Trigo total";2015/16;"BUENOS AIRES";"FLORENTINO AMEGHINO";6;277;26350
"Trigo total";2016/17;"BUENOS AIRES";"FLORENTINO AMEGHINO";6;277;53013
"Trigo total";2017/18;"BUENOS AIRES";"FLORENTINO AMEGHINO";6;277;57330
"Trigo total";2018/19;"BUENOS AIRES";"FLORENTINO AMEGHINO";6;277;62790
"Trigo total";2019/20;"BUENOS AIRES";"FLORENTINO AMEGHINO";6;277;60902
"Trigo total";2020/21;"BUENOS AIRES";"FLORENTINO AMEGHINO";6;277;63360
"Trigo total";2021/22;"BUENOS AIRES";"FLORENTINO AMEGHINO";6;277;52978
"Trigo total";2022/23;"BUENOS AIRES";"FLORENTINO AMEGHINO";6;277;12081
"Trigo total";2023/24;"BUENOS AIRES";"FLORENTINO AMEGHINO";6;277;14497
"Trigo total";2024/25;"BUENOS AIRES";"FLORENTINO AMEGHINO";6;277;25370
"Trigo total";2015/16;"BUENOS AIRES";"GENERAL ALVARADO";6;280;70933
"Trigo total";2016/17;"BUENOS AIRES";"GENERAL ALVARADO";6;280;99918
"Trigo total";2017/18;"BUENOS AIRES";"GENERAL ALVARADO";6;280;92106
"Trigo total";2018/19;"BUENOS AIRES";"GENERAL ALVARADO";6;280;130074
"Trigo total";2019/20;"BUENOS AIRES";"GENERAL ALVARADO";6;280;105800
"Trigo total";2020/21;"BUENOS AIRES";"GENERAL ALVARADO";6;280;148309
"Trigo total";2021/22;"BUENOS AIRES";"GENERAL ALVARADO";6;280;146475
"Trigo total";2022/23;"BUENOS AIRES";"GENERAL ALVARADO";6;280;67314
"Trigo total";2023/24;"BUENOS AIRES";"GENERAL ALVARADO";6;280;115615
"Trigo total";2024/25;"BUENOS AIRES";"GENERAL ALVARADO";6;280;143452
"Trigo total";2015/16;"BUENOS AIRES";"GENERAL ALVEAR";6;287;19500
"Trigo total";2016/17;"BUENOS AIRES";"GENERAL ALVEAR";6;287;25696
"Trigo total";2017/18;"BUENOS AIRES";"GENERAL ALVEAR";6;287;19600
"Trigo total";2018/19;"BUENOS AIRES";"GENERAL ALVEAR";6;287;40000
"Trigo total";2019/20;"BUENOS AIRES";"GENERAL ALVEAR";6;287;27000
"Trigo total";2020/21;"BUENOS AIRES";"GENERAL ALVEAR";6;287;42000
"Trigo total";2021/22;"BUENOS AIRES";"GENERAL ALVEAR";6;287;20010
"Trigo total";2022/23;"BUENOS AIRES";"GENERAL ALVEAR";6;287;15120
"Trigo total";2023/24;"BUENOS AIRES";"GENERAL ALVEAR";6;287;15300
"Trigo total";2024/25;"BUENOS AIRES";"GENERAL ALVEAR";6;287;15810
"Trigo total";2015/16;"BUENOS AIRES";"GENERAL ARENALES";6;294;38270
"Trigo total";2016/17;"BUENOS AIRES";"GENERAL ARENALES";6;294;111900
"Trigo total";2017/18;"BUENOS AIRES";"GENERAL ARENALES";6;294;98955
"Trigo total";2018/19;"BUENOS AIRES";"GENERAL ARENALES";6;294;126240
"Trigo total";2019/20;"BUENOS AIRES";"GENERAL ARENALES";6;294;135000
"Trigo total";2020/21;"BUENOS AIRES";"GENERAL ARENALES";6;294;146200
"Trigo total";2021/22;"BUENOS AIRES";"GENERAL ARENALES";6;294;147600
"Trigo total";2022/23;"BUENOS AIRES";"GENERAL ARENALES";6;294;49946
"Trigo total";2023/24;"BUENOS AIRES";"GENERAL ARENALES";6;294;112000
"Trigo total";2024/25;"BUENOS AIRES";"GENERAL ARENALES";6;294;117600
"Trigo total";2015/16;"BUENOS AIRES";"GENERAL BELGRANO";6;301;3480
"Trigo total";2016/17;"BUENOS AIRES";"GENERAL BELGRANO";6;301;37264
"Trigo total";2017/18;"BUENOS AIRES";"GENERAL BELGRANO";6;301;36396
"Trigo total";2018/19;"BUENOS AIRES";"GENERAL BELGRANO";6;301;35664
"Trigo total";2019/20;"BUENOS AIRES";"GENERAL BELGRANO";6;301;10101
"Trigo total";2020/21;"BUENOS AIRES";"GENERAL BELGRANO";6;301;48749
"Trigo total";2021/22;"BUENOS AIRES";"GENERAL BELGRANO";6;301;52065
"Trigo total";2022/23;"BUENOS AIRES";"GENERAL BELGRANO";6;301;50620
"Trigo total";2023/24;"BUENOS AIRES";"GENERAL BELGRANO";6;301;46873
"Trigo total";2024/25;"BUENOS AIRES";"GENERAL BELGRANO";6;301;55560
"Trigo total";2015/16;"BUENOS AIRES";"GENERAL GUIDO";6;308;0
"Trigo total";2016/17;"BUENOS AIRES";"GENERAL GUIDO";6;308;4590
"Trigo total";2017/18;"BUENOS AIRES";"GENERAL GUIDO";6;308;4876
"Trigo total";2018/19;"BUENOS AIRES";"GENERAL GUIDO";6;308;4000
"Trigo total";2020/21;"BUENOS AIRES";"GENERAL GUIDO";6;308;5160
"Trigo total";2021/22;"BUENOS AIRES";"GENERAL GUIDO";6;308;5460
"Trigo total";2022/23;"BUENOS AIRES";"GENERAL GUIDO";6;308;2860
"Trigo total";2023/24;"BUENOS AIRES";"GENERAL GUIDO";6;308;8800
"Trigo total";2024/25;"BUENOS AIRES";"GENERAL GUIDO";6;308;4704
"Trigo total";2015/16;"BUENOS AIRES";"GENERAL JUAN MADARIAGA";6;315;28250
"Trigo total";2016/17;"BUENOS AIRES";"GENERAL JUAN MADARIAGA";6;315;43091
"Trigo total";2017/18;"BUENOS AIRES";"GENERAL JUAN MADARIAGA";6;315;27610
"Trigo total";2018/19;"BUENOS AIRES";"GENERAL JUAN MADARIAGA";6;315;23220
"Trigo total";2019/20;"BUENOS AIRES";"GENERAL JUAN MADARIAGA";6;315;24250
"Trigo total";2020/21;"BUENOS AIRES";"GENERAL JUAN MADARIAGA";6;315;28050
"Trigo total";2021/22;"BUENOS AIRES";"GENERAL JUAN MADARIAGA";6;315;31800
"Trigo total";2022/23;"BUENOS AIRES";"GENERAL JUAN MADARIAGA";6;315;24500
"Trigo total";2023/24;"BUENOS AIRES";"GENERAL JUAN MADARIAGA";6;315;42000
"Trigo total";2024/25;"BUENOS AIRES";"GENERAL JUAN MADARIAGA";6;315;31900
"Trigo total";2015/16;"BUENOS AIRES";"GENERAL LA MADRID";6;322;86280
"Trigo total";2016/17;"BUENOS AIRES";"GENERAL LA MADRID";6;322;98168
"Trigo total";2017/18;"BUENOS AIRES";"GENERAL LA MADRID";6;322;119280
"Trigo total";2018/19;"BUENOS AIRES";"GENERAL LA MADRID";6;322;96385
"Trigo total";2019/20;"BUENOS AIRES";"GENERAL LA MADRID";6;322;82000
"Trigo total";2020/21;"BUENOS AIRES";"GENERAL LA MADRID";6;322;93000
"Trigo total";2021/22;"BUENOS AIRES";"GENERAL LA MADRID";6;322;98738
"Trigo total";2022/23;"BUENOS AIRES";"GENERAL LA MADRID";6;322;114000
"Trigo total";2023/24;"BUENOS AIRES";"GENERAL LA MADRID";6;322;100200
"Trigo total";2024/25;"BUENOS AIRES";"GENERAL LA MADRID";6;322;114400
"Trigo total";2015/16;"BUENOS AIRES";"GENERAL LAS HERAS";6;329;620
"Trigo total";2016/17;"BUENOS AIRES";"GENERAL LAS HERAS";6;329;1610
"Trigo total";2017/18;"BUENOS AIRES";"GENERAL LAS HERAS";6;329;1920
"Trigo total";2018/19;"BUENOS AIRES";"GENERAL LAS HERAS";6;329;1738
"Trigo total";2019/20;"BUENOS AIRES";"GENERAL LAS HERAS";6;329;1794
"Trigo total";2020/21;"BUENOS AIRES";"GENERAL LAS HERAS";6;329;1794
"Trigo total";2021/22;"BUENOS AIRES";"GENERAL LAS HERAS";6;329;5700
"Trigo total";2022/23;"BUENOS AIRES";"GENERAL LAS HERAS";6;329;2250
"Trigo total";2023/24;"BUENOS AIRES";"GENERAL LAS HERAS";6;329;7920
"Trigo total";2024/25;"BUENOS AIRES";"GENERAL LAS HERAS";6;329;8400
"Trigo total";2015/16;"BUENOS AIRES";"GENERAL LAVALLE";6;336;2800
"Trigo total";2016/17;"BUENOS AIRES";"GENERAL LAVALLE";6;336;1404
"Trigo total";2017/18;"BUENOS AIRES";"GENERAL LAVALLE";6;336;500
"Trigo total";2022/23;"BUENOS AIRES";"GENERAL LAVALLE";6;336;260
"Trigo total";2023/24;"BUENOS AIRES";"GENERAL LAVALLE";6;336;500
"Trigo total";2015/16;"BUENOS AIRES";"GENERAL PAZ";6;343;1120
"Trigo total";2016/17;"BUENOS AIRES";"GENERAL PAZ";6;343;1892
"Trigo total";2017/18;"BUENOS AIRES";"GENERAL PAZ";6;343;2400
"Trigo total";2018/19;"BUENOS AIRES";"GENERAL PAZ";6;343;2194
"Trigo total";2019/20;"BUENOS AIRES";"GENERAL PAZ";6;343;2106
"Trigo total";2020/21;"BUENOS AIRES";"GENERAL PAZ";6;343;2160
"Trigo total";2021/22;"BUENOS AIRES";"GENERAL PAZ";6;343;17100
"Trigo total";2022/23;"BUENOS AIRES";"GENERAL PAZ";6;343;10005
"Trigo total";2023/24;"BUENOS AIRES";"GENERAL PAZ";6;343;24000
"Trigo total";2024/25;"BUENOS AIRES";"GENERAL PAZ";6;343;24360
"Trigo total";2015/16;"BUENOS AIRES";"GENERAL PINTO";6;351;64800
"Trigo total";2016/17;"BUENOS AIRES";"GENERAL PINTO";6;351;159684
"Trigo total";2017/18;"BUENOS AIRES";"GENERAL PINTO";6;351;100620
"Trigo total";2018/19;"BUENOS AIRES";"GENERAL PINTO";6;351;134500
"Trigo total";2019/20;"BUENOS AIRES";"GENERAL PINTO";6;351;164760
"Trigo total";2020/21;"BUENOS AIRES";"GENERAL PINTO";6;351;164280
"Trigo total";2021/22;"BUENOS AIRES";"GENERAL PINTO";6;351;134300
"Trigo total";2022/23;"BUENOS AIRES";"GENERAL PINTO";6;351;53382
"Trigo total";2023/24;"BUENOS AIRES";"GENERAL PINTO";6;351;68195
"Trigo total";2024/25;"BUENOS AIRES";"GENERAL PINTO";6;351;99840
"Trigo total";2015/16;"BUENOS AIRES";"GENERAL PUEYRREDON";6;357;13450
"Trigo total";2016/17;"BUENOS AIRES";"GENERAL PUEYRREDON";6;357;39132
"Trigo total";2017/18;"BUENOS AIRES";"GENERAL PUEYRREDON";6;357;42075
"Trigo total";2018/19;"BUENOS AIRES";"GENERAL PUEYRREDON";6;357;70675
"Trigo total";2019/20;"BUENOS AIRES";"GENERAL PUEYRREDON";6;357;46200
"Trigo total";2020/21;"BUENOS AIRES";"GENERAL PUEYRREDON";6;357;72794
"Trigo total";2021/22;"BUENOS AIRES";"GENERAL PUEYRREDON";6;357;73000
"Trigo total";2022/23;"BUENOS AIRES";"GENERAL PUEYRREDON";6;357;38238
"Trigo total";2023/24;"BUENOS AIRES";"GENERAL PUEYRREDON";6;357;87462
"Trigo total";2024/25;"BUENOS AIRES";"GENERAL PUEYRREDON";6;357;76144
"Trigo total";2015/16;"BUENOS AIRES";"GENERAL RODRIGUEZ";6;364;240
"Trigo total";2016/17;"BUENOS AIRES";"GENERAL RODRIGUEZ";6;364;352
"Trigo total";2017/18;"BUENOS AIRES";"GENERAL RODRIGUEZ";6;364;480
"Trigo total";2018/19;"BUENOS AIRES";"GENERAL RODRIGUEZ";6;364;422
"Trigo total";2019/20;"BUENOS AIRES";"GENERAL RODRIGUEZ";6;364;1755
"Trigo total";2020/21;"BUENOS AIRES";"GENERAL RODRIGUEZ";6;364;1710
"Trigo total";2021/22;"BUENOS AIRES";"GENERAL RODRIGUEZ";6;364;7600
"Trigo total";2022/23;"BUENOS AIRES";"GENERAL RODRIGUEZ";6;364;6161
"Trigo total";2023/24;"BUENOS AIRES";"GENERAL RODRIGUEZ";6;364;11500
"Trigo total";2024/25;"BUENOS AIRES";"GENERAL RODRIGUEZ";6;364;12180
"Trigo total";2015/16;"BUENOS AIRES";"GENERAL VIAMONTE";6;385;16200
"Trigo total";2016/17;"BUENOS AIRES";"GENERAL VIAMONTE";6;385;106800
"Trigo total";2017/18;"BUENOS AIRES";"GENERAL VIAMONTE";6;385;60685
"Trigo total";2018/19;"BUENOS AIRES";"GENERAL VIAMONTE";6;385;87949
"Trigo total";2019/20;"BUENOS AIRES";"GENERAL VIAMONTE";6;385;94219
"Trigo total";2020/21;"BUENOS AIRES";"GENERAL VIAMONTE";6;385;104500
"Trigo total";2021/22;"BUENOS AIRES";"GENERAL VIAMONTE";6;385;95301
"Trigo total";2022/23;"BUENOS AIRES";"GENERAL VIAMONTE";6;385;50265
"Trigo total";2023/24;"BUENOS AIRES";"GENERAL VIAMONTE";6;385;44613
"Trigo total";2024/25;"BUENOS AIRES";"GENERAL VIAMONTE";6;385;72666
"Trigo total";2015/16;"BUENOS AIRES";"GENERAL VILLEGAS";6;392;174490
"Trigo total";2016/17;"BUENOS AIRES";"GENERAL VILLEGAS";6;392;252092
"Trigo total";2017/18;"BUENOS AIRES";"GENERAL VILLEGAS";6;392;20330
"Trigo total";2018/19;"BUENOS AIRES";"GENERAL VILLEGAS";6;392;249522
"Trigo total";2019/20;"BUENOS AIRES";"GENERAL VILLEGAS";6;392;315182
"Trigo total";2020/21;"BUENOS AIRES";"GENERAL VILLEGAS";6;392;299950
"Trigo total";2021/22;"BUENOS AIRES";"GENERAL VILLEGAS";6;392;301654
"Trigo total";2022/23;"BUENOS AIRES";"GENERAL VILLEGAS";6;392;178866
"Trigo total";2023/24;"BUENOS AIRES";"GENERAL VILLEGAS";6;392;91710
"Trigo total";2024/25;"BUENOS AIRES";"GENERAL VILLEGAS";6;392;213730
"Trigo total";2015/16;"BUENOS AIRES";GUAMINI;6;399;135420
"Trigo total";2016/17;"BUENOS AIRES";GUAMINI;6;399;200831
"Trigo total";2017/18;"BUENOS AIRES";GUAMINI;6;399;101000
"Trigo total";2018/19;"BUENOS AIRES";GUAMINI;6;399;149300
"Trigo total";2019/20;"BUENOS AIRES";GUAMINI;6;399;160380
"Trigo total";2020/21;"BUENOS AIRES";GUAMINI;6;399;186760
"Trigo total";2021/22;"BUENOS AIRES";GUAMINI;6;399;238900
"Trigo total";2022/23;"BUENOS AIRES";GUAMINI;6;399;202360
"Trigo total";2023/24;"BUENOS AIRES";GUAMINI;6;399;177390
"Trigo total";2024/25;"BUENOS AIRES";GUAMINI;6;399;184080
"Trigo total";2015/16;"BUENOS AIRES";"HIPOLITO YRIGOYEN";6;406;19500
"Trigo total";2016/17;"BUENOS AIRES";"HIPOLITO YRIGOYEN";6;406;22776
"Trigo total";2017/18;"BUENOS AIRES";"HIPOLITO YRIGOYEN";6;406;15360
"Trigo total";2018/19;"BUENOS AIRES";"HIPOLITO YRIGOYEN";6;406;92000
"Trigo total";2019/20;"BUENOS AIRES";"HIPOLITO YRIGOYEN";6;406;75000
"Trigo total";2020/21;"BUENOS AIRES";"HIPOLITO YRIGOYEN";6;406;84000
"Trigo total";2021/22;"BUENOS AIRES";"HIPOLITO YRIGOYEN";6;406;48024
"Trigo total";2022/23;"BUENOS AIRES";"HIPOLITO YRIGOYEN";6;406;80500
"Trigo total";2023/24;"BUENOS AIRES";"HIPOLITO YRIGOYEN";6;406;66000
"Trigo total";2024/25;"BUENOS AIRES";"HIPOLITO YRIGOYEN";6;406;57000
"Trigo total";2015/16;"BUENOS AIRES";JUNIN;6;413;75870
"Trigo total";2016/17;"BUENOS AIRES";JUNIN;6;413;111426
"Trigo total";2017/18;"BUENOS AIRES";JUNIN;6;413;140239
"Trigo total";2018/19;"BUENOS AIRES";JUNIN;6;413;148800
"Trigo total";2019/20;"BUENOS AIRES";JUNIN;6;413;134400
"Trigo total";2020/21;"BUENOS AIRES";JUNIN;6;413;155400
"Trigo total";2021/22;"BUENOS AIRES";JUNIN;6;413;137760
"Trigo total";2022/23;"BUENOS AIRES";JUNIN;6;413;63580
"Trigo total";2023/24;"BUENOS AIRES";JUNIN;6;413;156000
"Trigo total";2024/25;"BUENOS AIRES";JUNIN;6;413;163800
"Trigo total";2015/16;"BUENOS AIRES";"LA PLATA";6;441;340
"Trigo total";2016/17;"BUENOS AIRES";"LA PLATA";6;441;312
"Trigo total";2017/18;"BUENOS AIRES";"LA PLATA";6;441;450
"Trigo total";2018/19;"BUENOS AIRES";"LA PLATA";6;441;422
"Trigo total";2019/20;"BUENOS AIRES";"LA PLATA";6;441;975
"Trigo total";2020/21;"BUENOS AIRES";"LA PLATA";6;441;950
"Trigo total";2021/22;"BUENOS AIRES";"LA PLATA";6;441;950
"Trigo total";2022/23;"BUENOS AIRES";"LA PLATA";6;441;450
"Trigo total";2023/24;"BUENOS AIRES";"LA PLATA";6;441;2400
"Trigo total";2024/25;"BUENOS AIRES";"LA PLATA";6;441;2640
"Trigo total";2015/16;"BUENOS AIRES";LAPRIDA;6;448;28080
"Trigo total";2016/17;"BUENOS AIRES";LAPRIDA;6;448;20904
"Trigo total";2017/18;"BUENOS AIRES";LAPRIDA;6;448;36462
"Trigo total";2018/19;"BUENOS AIRES";LAPRIDA;6;448;21730
"Trigo total";2019/20;"BUENOS AIRES";LAPRIDA;6;448;31500
"Trigo total";2020/21;"BUENOS AIRES";LAPRIDA;6;448;38640
"Trigo total";2021/22;"BUENOS AIRES";LAPRIDA;6;448;14460
"Trigo total";2022/23;"BUENOS AIRES";LAPRIDA;6;448;48585
"Trigo total";2023/24;"BUENOS AIRES";LAPRIDA;6;448;67459
"Trigo total";2024/25;"BUENOS AIRES";LAPRIDA;6;448;40713
"Trigo total";2015/16;"BUENOS AIRES";"LAS FLORES";6;455;20040
"Trigo total";2016/17;"BUENOS AIRES";"LAS FLORES";6;455;39270
"Trigo total";2017/18;"BUENOS AIRES";"LAS FLORES";6;455;14504
"Trigo total";2018/19;"BUENOS AIRES";"LAS FLORES";6;455;22814
"Trigo total";2019/20;"BUENOS AIRES";"LAS FLORES";6;455;9143
"Trigo total";2020/21;"BUENOS AIRES";"LAS FLORES";6;455;24124
"Trigo total";2021/22;"BUENOS AIRES";"LAS FLORES";6;455;26173
"Trigo total";2022/23;"BUENOS AIRES";"LAS FLORES";6;455;24669
"Trigo total";2023/24;"BUENOS AIRES";"LAS FLORES";6;455;43052
"Trigo total";2024/25;"BUENOS AIRES";"LAS FLORES";6;455;28846
"Trigo total";2015/16;"BUENOS AIRES";"LEANDRO N. ALEM";6;462;16280
"Trigo total";2016/17;"BUENOS AIRES";"LEANDRO N. ALEM";6;462;75379
"Trigo total";2017/18;"BUENOS AIRES";"LEANDRO N. ALEM";6;462;56801
"Trigo total";2018/19;"BUENOS AIRES";"LEANDRO N. ALEM";6;462;92087
"Trigo total";2019/20;"BUENOS AIRES";"LEANDRO N. ALEM";6;462;103360
"Trigo total";2020/21;"BUENOS AIRES";"LEANDRO N. ALEM";6;462;105080
"Trigo total";2021/22;"BUENOS AIRES";"LEANDRO N. ALEM";6;462;95165
"Trigo total";2022/23;"BUENOS AIRES";"LEANDRO N. ALEM";6;462;24197
"Trigo total";2023/24;"BUENOS AIRES";"LEANDRO N. ALEM";6;462;35000
"Trigo total";2024/25;"BUENOS AIRES";"LEANDRO N. ALEM";6;462;68355
"Trigo total";2024/25;"BUENOS AIRES";LEZAMA;6;466;37625
"Trigo total";2015/16;"BUENOS AIRES";LINCOLN;6;469;85180
"Trigo total";2016/17;"BUENOS AIRES";LINCOLN;6;469;229152
"Trigo total";2017/18;"BUENOS AIRES";LINCOLN;6;469;176669
"Trigo total";2018/19;"BUENOS AIRES";LINCOLN;6;469;191486
"Trigo total";2019/20;"BUENOS AIRES";LINCOLN;6;469;180036
"Trigo total";2020/21;"BUENOS AIRES";LINCOLN;6;469;176400
"Trigo total";2021/22;"BUENOS AIRES";LINCOLN;6;469;180649
"Trigo total";2022/23;"BUENOS AIRES";LINCOLN;6;469;87590
"Trigo total";2023/24;"BUENOS AIRES";LINCOLN;6;469;68250
"Trigo total";2024/25;"BUENOS AIRES";LINCOLN;6;469;149420
"Trigo total";2015/16;"BUENOS AIRES";LOBERIA;6;476;146600
"Trigo total";2016/17;"BUENOS AIRES";LOBERIA;6;476;182262
"Trigo total";2017/18;"BUENOS AIRES";LOBERIA;6;476;213165
"Trigo total";2018/19;"BUENOS AIRES";LOBERIA;6;476;266880
"Trigo total";2019/20;"BUENOS AIRES";LOBERIA;6;476;285840
"Trigo total";2020/21;"BUENOS AIRES";LOBERIA;6;476;388861
"Trigo total";2021/22;"BUENOS AIRES";LOBERIA;6;476;178959
"Trigo total";2022/23;"BUENOS AIRES";LOBERIA;6;476;117522
"Trigo total";2023/24;"BUENOS AIRES";LOBERIA;6;476;244202
"Trigo total";2024/25;"BUENOS AIRES";LOBERIA;6;476;233947
"Trigo total";2015/16;"BUENOS AIRES";LOBOS;6;483;7750
"Trigo total";2016/17;"BUENOS AIRES";LOBOS;6;483;25848
"Trigo total";2017/18;"BUENOS AIRES";LOBOS;6;483;21867
"Trigo total";2018/19;"BUENOS AIRES";LOBOS;6;483;23408
"Trigo total";2019/20;"BUENOS AIRES";LOBOS;6;483;23019
"Trigo total";2020/21;"BUENOS AIRES";LOBOS;6;483;43105
"Trigo total";2021/22;"BUENOS AIRES";LOBOS;6;483;50360
"Trigo total";2022/23;"BUENOS AIRES";LOBOS;6;483;46019
"Trigo total";2023/24;"BUENOS AIRES";LOBOS;6;483;46587
"Trigo total";2024/25;"BUENOS AIRES";LOBOS;6;483;55802
"Trigo total";2015/16;"BUENOS AIRES";LUJAN;6;497;1410
"Trigo total";2016/17;"BUENOS AIRES";LUJAN;6;497;3600
"Trigo total";2017/18;"BUENOS AIRES";LUJAN;6;497;5280
"Trigo total";2018/19;"BUENOS AIRES";LUJAN;6;497;4871
"Trigo total";2019/20;"BUENOS AIRES";LUJAN;6;497;17550
"Trigo total";2020/21;"BUENOS AIRES";LUJAN;6;497;17100
"Trigo total";2021/22;"BUENOS AIRES";LUJAN;6;497;30020
"Trigo total";2022/23;"BUENOS AIRES";LUJAN;6;497;19440
"Trigo total";2023/24;"BUENOS AIRES";LUJAN;6;497;46530
"Trigo total";2024/25;"BUENOS AIRES";LUJAN;6;497;49450
"Trigo total";2015/16;"BUENOS AIRES";MAGDALENA;6;505;1650
"Trigo total";2016/17;"BUENOS AIRES";MAGDALENA;6;505;1330
"Trigo total";2017/18;"BUENOS AIRES";MAGDALENA;6;505;752
"Trigo total";2018/19;"BUENOS AIRES";MAGDALENA;6;505;1751
"Trigo total";2019/20;"BUENOS AIRES";MAGDALENA;6;505;1755
"Trigo total";2020/21;"BUENOS AIRES";MAGDALENA;6;505;1710
"Trigo total";2021/22;"BUENOS AIRES";MAGDALENA;6;505;6080
"Trigo total";2022/23;"BUENOS AIRES";MAGDALENA;6;505;3420
"Trigo total";2023/24;"BUENOS AIRES";MAGDALENA;6;505;16100
"Trigo total";2024/25;"BUENOS AIRES";MAGDALENA;6;505;16400
"Trigo total";2015/16;"BUENOS AIRES";MAIPU;6;511;18000
"Trigo total";2016/17;"BUENOS AIRES";MAIPU;6;511;13650
"Trigo total";2017/18;"BUENOS AIRES";MAIPU;6;511;7706
"Trigo total";2018/19;"BUENOS AIRES";MAIPU;6;511;10800
"Trigo total";2019/20;"BUENOS AIRES";MAIPU;6;511;10560
"Trigo total";2020/21;"BUENOS AIRES";MAIPU;6;511;14000
"Trigo total";2021/22;"BUENOS AIRES";MAIPU;6;511;15100
"Trigo total";2022/23;"BUENOS AIRES";MAIPU;6;511;12000
"Trigo total";2023/24;"BUENOS AIRES";MAIPU;6;511;22040
"Trigo total";2024/25;"BUENOS AIRES";MAIPU;6;511;18900
"Trigo total";2015/16;"BUENOS AIRES";"MAR CHIQUITA";6;518;17200
"Trigo total";2016/17;"BUENOS AIRES";"MAR CHIQUITA";6;518;23606
"Trigo total";2017/18;"BUENOS AIRES";"MAR CHIQUITA";6;518;13075
"Trigo total";2018/19;"BUENOS AIRES";"MAR CHIQUITA";6;518;18720
"Trigo total";2019/20;"BUENOS AIRES";"MAR CHIQUITA";6;518;19200
"Trigo total";2020/21;"BUENOS AIRES";"MAR CHIQUITA";6;518;30000
"Trigo total";2021/22;"BUENOS AIRES";"MAR CHIQUITA";6;518;35750
"Trigo total";2022/23;"BUENOS AIRES";"MAR CHIQUITA";6;518;22720
"Trigo total";2023/24;"BUENOS AIRES";"MAR CHIQUITA";6;518;31900
"Trigo total";2024/25;"BUENOS AIRES";"MAR CHIQUITA";6;518;30500
"Trigo total";2015/16;"BUENOS AIRES";"MARCOS PAZ";6;525;1460
"Trigo total";2016/17;"BUENOS AIRES";"MARCOS PAZ";6;525;3600
"Trigo total";2017/18;"BUENOS AIRES";"MARCOS PAZ";6;525;4320
"Trigo total";2018/19;"BUENOS AIRES";"MARCOS PAZ";6;525;3985
"Trigo total";2019/20;"BUENOS AIRES";"MARCOS PAZ";6;525;4290
"Trigo total";2020/21;"BUENOS AIRES";"MARCOS PAZ";6;525;4180
"Trigo total";2021/22;"BUENOS AIRES";"MARCOS PAZ";6;525;11400
"Trigo total";2022/23;"BUENOS AIRES";"MARCOS PAZ";6;525;3960
"Trigo total";2023/24;"BUENOS AIRES";"MARCOS PAZ";6;525;16100
"Trigo total";2024/25;"BUENOS AIRES";"MARCOS PAZ";6;525;17200
"Trigo total";2015/16;"BUENOS AIRES";MERCEDES;6;532;2730
"Trigo total";2016/17;"BUENOS AIRES";MERCEDES;6;532;5440
"Trigo total";2017/18;"BUENOS AIRES";MERCEDES;6;532;15180
"Trigo total";2018/19;"BUENOS AIRES";MERCEDES;6;532;26344
"Trigo total";2019/20;"BUENOS AIRES";MERCEDES;6;532;26100
"Trigo total";2020/21;"BUENOS AIRES";MERCEDES;6;532;25200
"Trigo total";2021/22;"BUENOS AIRES";MERCEDES;6;532;32340
"Trigo total";2022/23;"BUENOS AIRES";MERCEDES;6;532;10160
"Trigo total";2023/24;"BUENOS AIRES";MERCEDES;6;532;27650
"Trigo total";2024/25;"BUENOS AIRES";MERCEDES;6;532;36000
"Trigo total";2015/16;"BUENOS AIRES";MONTE;6;547;5120
"Trigo total";2016/17;"BUENOS AIRES";MONTE;6;547;15910
"Trigo total";2017/18;"BUENOS AIRES";MONTE;6;547;13490
"Trigo total";2018/19;"BUENOS AIRES";MONTE;6;547;14136
"Trigo total";2019/20;"BUENOS AIRES";MONTE;6;547;13408
"Trigo total";2020/21;"BUENOS AIRES";MONTE;6;547;57646
"Trigo total";2021/22;"BUENOS AIRES";MONTE;6;547;63589
"Trigo total";2022/23;"BUENOS AIRES";MONTE;6;547;58517
"Trigo total";2023/24;"BUENOS AIRES";MONTE;6;547;59859
"Trigo total";2024/25;"BUENOS AIRES";MONTE;6;547;74200
"Trigo total";2015/16;"BUENOS AIRES";NAVARRO;6;574;9000
"Trigo total";2016/17;"BUENOS AIRES";NAVARRO;6;574;20140
"Trigo total";2017/18;"BUENOS AIRES";NAVARRO;6;574;16568
"Trigo total";2018/19;"BUENOS AIRES";NAVARRO;6;574;17585
"Trigo total";2019/20;"BUENOS AIRES";NAVARRO;6;574;17374
"Trigo total";2020/21;"BUENOS AIRES";NAVARRO;6;574;41686
"Trigo total";2021/22;"BUENOS AIRES";NAVARRO;6;574;48598
"Trigo total";2022/23;"BUENOS AIRES";NAVARRO;6;574;45075
"Trigo total";2023/24;"BUENOS AIRES";NAVARRO;6;574;48926
"Trigo total";2024/25;"BUENOS AIRES";NAVARRO;6;574;65950
"Trigo total";2015/16;"BUENOS AIRES";NECOCHEA;6;581;94194
"Trigo total";2016/17;"BUENOS AIRES";NECOCHEA;6;581;151996
"Trigo total";2017/18;"BUENOS AIRES";NECOCHEA;6;581;272025
"Trigo total";2018/19;"BUENOS AIRES";NECOCHEA;6;581;171518
"Trigo total";2019/20;"BUENOS AIRES";NECOCHEA;6;581;208600
"Trigo total";2020/21;"BUENOS AIRES";NECOCHEA;6;581;276252
"Trigo total";2021/22;"BUENOS AIRES";NECOCHEA;6;581;91380
"Trigo total";2022/23;"BUENOS AIRES";NECOCHEA;6;581;78375
"Trigo total";2023/24;"BUENOS AIRES";NECOCHEA;6;581;155786
"Trigo total";2024/25;"BUENOS AIRES";NECOCHEA;6;581;195560
"Trigo total";2015/16;"BUENOS AIRES";OLAVARRIA;6;595;97173
"Trigo total";2016/17;"BUENOS AIRES";OLAVARRIA;6;595;117780
"Trigo total";2017/18;"BUENOS AIRES";OLAVARRIA;6;595;85920
"Trigo total";2018/19;"BUENOS AIRES";OLAVARRIA;6;595;215000
"Trigo total";2019/20;"BUENOS AIRES";OLAVARRIA;6;595;75000
"Trigo total";2020/21;"BUENOS AIRES";OLAVARRIA;6;595;115500
"Trigo total";2021/22;"BUENOS AIRES";OLAVARRIA;6;595;67096
"Trigo total";2022/23;"BUENOS AIRES";OLAVARRIA;6;595;66300
"Trigo total";2023/24;"BUENOS AIRES";OLAVARRIA;6;595;81600
"Trigo total";2024/25;"BUENOS AIRES";OLAVARRIA;6;595;88850
"Trigo total";2015/16;"BUENOS AIRES";PATAGONES;6;602;106391
"Trigo total";2016/17;"BUENOS AIRES";PATAGONES;6;602;76398
"Trigo total";2017/18;"BUENOS AIRES";PATAGONES;6;602;57976
"Trigo total";2018/19;"BUENOS AIRES";PATAGONES;6;602;84480
"Trigo total";2019/20;"BUENOS AIRES";PATAGONES;6;602;38610
"Trigo total";2020/21;"BUENOS AIRES";PATAGONES;6;602;62000
"Trigo total";2021/22;"BUENOS AIRES";PATAGONES;6;602;4333
"Trigo total";2022/23;"BUENOS AIRES";PATAGONES;6;602;77310
"Trigo total";2023/24;"BUENOS AIRES";PATAGONES;6;602;6420
"Trigo total";2024/25;"BUENOS AIRES";PATAGONES;6;602;58920
"Trigo total";2015/16;"BUENOS AIRES";PEHUAJO;6;609;110520
"Trigo total";2016/17;"BUENOS AIRES";PEHUAJO;6;609;190100
"Trigo total";2017/18;"BUENOS AIRES";PEHUAJO;6;609;146880
"Trigo total";2018/19;"BUENOS AIRES";PEHUAJO;6;609;245062
"Trigo total";2019/20;"BUENOS AIRES";PEHUAJO;6;609;123660
"Trigo total";2020/21;"BUENOS AIRES";PEHUAJO;6;609;271989
"Trigo total";2021/22;"BUENOS AIRES";PEHUAJO;6;609;220750
"Trigo total";2022/23;"BUENOS AIRES";PEHUAJO;6;609;132360
"Trigo total";2023/24;"BUENOS AIRES";PEHUAJO;6;609;72505
"Trigo total";2024/25;"BUENOS AIRES";PEHUAJO;6;609;174429
"Trigo total";2015/16;"BUENOS AIRES";PELLEGRINI;6;616;17020
"Trigo total";2016/17;"BUENOS AIRES";PELLEGRINI;6;616;34446
"Trigo total";2017/18;"BUENOS AIRES";PELLEGRINI;6;616;6000
"Trigo total";2018/19;"BUENOS AIRES";PELLEGRINI;6;616;13550
"Trigo total";2019/20;"BUENOS AIRES";PELLEGRINI;6;616;35980
"Trigo total";2020/21;"BUENOS AIRES";PELLEGRINI;6;616;51600
"Trigo total";2021/22;"BUENOS AIRES";PELLEGRINI;6;616;56600
"Trigo total";2022/23;"BUENOS AIRES";PELLEGRINI;6;616;48410
"Trigo total";2023/24;"BUENOS AIRES";PELLEGRINI;6;616;54540
"Trigo total";2024/25;"BUENOS AIRES";PELLEGRINI;6;616;54500
"Trigo total";2015/16;"BUENOS AIRES";PERGAMINO;6;623;103383
"Trigo total";2016/17;"BUENOS AIRES";PERGAMINO;6;623;171744
"Trigo total";2017/18;"BUENOS AIRES";PERGAMINO;6;623;160186
"Trigo total";2018/19;"BUENOS AIRES";PERGAMINO;6;623;228230
"Trigo total";2019/20;"BUENOS AIRES";PERGAMINO;6;623;181279
"Trigo total";2020/21;"BUENOS AIRES";PERGAMINO;6;623;188160
"Trigo total";2021/22;"BUENOS AIRES";PERGAMINO;6;623;243069
"Trigo total";2022/23;"BUENOS AIRES";PERGAMINO;6;623;86020
"Trigo total";2023/24;"BUENOS AIRES";PERGAMINO;6;623;190120
"Trigo total";2024/25;"BUENOS AIRES";PERGAMINO;6;623;253000
"Trigo total";2015/16;"BUENOS AIRES";PILA;6;630;1040
"Trigo total";2016/17;"BUENOS AIRES";PILA;6;630;9380
"Trigo total";2017/18;"BUENOS AIRES";PILA;6;630;15751
"Trigo total";2018/19;"BUENOS AIRES";PILA;6;630;4500
"Trigo total";2019/20;"BUENOS AIRES";PILA;6;630;3360
"Trigo total";2020/21;"BUENOS AIRES";PILA;6;630;24510
"Trigo total";2021/22;"BUENOS AIRES";PILA;6;630;13500
"Trigo total";2022/23;"BUENOS AIRES";PILA;6;630;11000
"Trigo total";2023/24;"BUENOS AIRES";PILA;6;630;26400
"Trigo total";2024/25;"BUENOS AIRES";PILA;6;630;26400
"Trigo total";2015/16;"BUENOS AIRES";PILAR;6;638;350
"Trigo total";2016/17;"BUENOS AIRES";PILAR;6;638;782
"Trigo total";2017/18;"BUENOS AIRES";PILAR;6;638;1000
"Trigo total";2018/19;"BUENOS AIRES";PILAR;6;638;865
"Trigo total";2019/20;"BUENOS AIRES";PILAR;6;638;1170
"Trigo total";2020/21;"BUENOS AIRES";PILAR;6;638;1140
"Trigo total";2021/22;"BUENOS AIRES";PILAR;6;638;1140
"Trigo total";2022/23;"BUENOS AIRES";PILAR;6;638;450
"Trigo total";2023/24;"BUENOS AIRES";PILAR;6;638;1440
"Trigo total";2024/25;"BUENOS AIRES";PILAR;6;638;1540
"Trigo total";2015/16;"BUENOS AIRES";PUAN;6;651;145383
"Trigo total";2016/17;"BUENOS AIRES";PUAN;6;651;130620
"Trigo total";2017/18;"BUENOS AIRES";PUAN;6;651;184080
"Trigo total";2018/19;"BUENOS AIRES";PUAN;6;651;141105
"Trigo total";2019/20;"BUENOS AIRES";PUAN;6;651;92710
"Trigo total";2020/21;"BUENOS AIRES";PUAN;6;651;111000
"Trigo total";2021/22;"BUENOS AIRES";PUAN;6;651;96955
"Trigo total";2022/23;"BUENOS AIRES";PUAN;6;651;149000
"Trigo total";2023/24;"BUENOS AIRES";PUAN;6;651;113200
"Trigo total";2024/25;"BUENOS AIRES";PUAN;6;651;148200
"Trigo total";2015/16;"BUENOS AIRES";"PUNTA INDIO";6;655;650
"Trigo total";2016/17;"BUENOS AIRES";"PUNTA INDIO";6;655;578
"Trigo total";2018/19;"BUENOS AIRES";"PUNTA INDIO";6;655;821
"Trigo total";2019/20;"BUENOS AIRES";"PUNTA INDIO";6;655;390
"Trigo total";2020/21;"BUENOS AIRES";"PUNTA INDIO";6;655;380
"Trigo total";2021/22;"BUENOS AIRES";"PUNTA INDIO";6;655;1140
"Trigo total";2022/23;"BUENOS AIRES";"PUNTA INDIO";6;655;180
"Trigo total";2023/24;"BUENOS AIRES";"PUNTA INDIO";6;655;400
"Trigo total";2024/25;"BUENOS AIRES";"PUNTA INDIO";6;655;900
"Trigo total";2015/16;"BUENOS AIRES";RAMALLO;6;665;15000
"Trigo total";2016/17;"BUENOS AIRES";RAMALLO;6;665;62640
"Trigo total";2017/18;"BUENOS AIRES";RAMALLO;6;665;61468
"Trigo total";2018/19;"BUENOS AIRES";RAMALLO;6;665;99356
"Trigo total";2019/20;"BUENOS AIRES";RAMALLO;6;665;60800
"Trigo total";2020/21;"BUENOS AIRES";RAMALLO;6;665;56550
"Trigo total";2021/22;"BUENOS AIRES";RAMALLO;6;665;93341
"Trigo total";2022/23;"BUENOS AIRES";RAMALLO;6;665;24423
"Trigo total";2023/24;"BUENOS AIRES";RAMALLO;6;665;77412
"Trigo total";2024/25;"BUENOS AIRES";RAMALLO;6;665;91775
"Trigo total";2015/16;"BUENOS AIRES";RAUCH;6;672;11020
"Trigo total";2016/17;"BUENOS AIRES";RAUCH;6;672;10850
"Trigo total";2017/18;"BUENOS AIRES";RAUCH;6;672;7376
"Trigo total";2018/19;"BUENOS AIRES";RAUCH;6;672;9000
"Trigo total";2019/20;"BUENOS AIRES";RAUCH;6;672;15200
"Trigo total";2020/21;"BUENOS AIRES";RAUCH;6;672;12900
"Trigo total";2021/22;"BUENOS AIRES";RAUCH;6;672;10500
"Trigo total";2022/23;"BUENOS AIRES";RAUCH;6;672;4625
"Trigo total";2023/24;"BUENOS AIRES";RAUCH;6;672;12500
"Trigo total";2024/25;"BUENOS AIRES";RAUCH;6;672;13050
"Trigo total";2015/16;"BUENOS AIRES";RIVADAVIA;6;679;20940
"Trigo total";2016/17;"BUENOS AIRES";RIVADAVIA;6;679;140650
"Trigo total";2017/18;"BUENOS AIRES";RIVADAVIA;6;679;23970
"Trigo total";2018/19;"BUENOS AIRES";RIVADAVIA;6;679;131026
"Trigo total";2019/20;"BUENOS AIRES";RIVADAVIA;6;679;103275
"Trigo total";2020/21;"BUENOS AIRES";RIVADAVIA;6;679;155195
"Trigo total";2021/22;"BUENOS AIRES";RIVADAVIA;6;679;264154
"Trigo total";2022/23;"BUENOS AIRES";RIVADAVIA;6;679;70519
"Trigo total";2023/24;"BUENOS AIRES";RIVADAVIA;6;679;14687
"Trigo total";2024/25;"BUENOS AIRES";RIVADAVIA;6;679;71544
"Trigo total";2015/16;"BUENOS AIRES";ROJAS;6;686;84550
"Trigo total";2016/17;"BUENOS AIRES";ROJAS;6;686;149200
"Trigo total";2017/18;"BUENOS AIRES";ROJAS;6;686;140088
"Trigo total";2018/19;"BUENOS AIRES";ROJAS;6;686;160000
"Trigo total";2019/20;"BUENOS AIRES";ROJAS;6;686;130900
"Trigo total";2020/21;"BUENOS AIRES";ROJAS;6;686;159600
"Trigo total";2021/22;"BUENOS AIRES";ROJAS;6;686;193600
"Trigo total";2022/23;"BUENOS AIRES";ROJAS;6;686;61030
"Trigo total";2023/24;"BUENOS AIRES";ROJAS;6;686;180000
"Trigo total";2024/25;"BUENOS AIRES";ROJAS;6;686;180000
"Trigo total";2015/16;"BUENOS AIRES";"ROQUE PEREZ";6;693;4790
"Trigo total";2016/17;"BUENOS AIRES";"ROQUE PEREZ";6;693;19906
"Trigo total";2017/18;"BUENOS AIRES";"ROQUE PEREZ";6;693;16891
"Trigo total";2018/19;"BUENOS AIRES";"ROQUE PEREZ";6;693;15098
"Trigo total";2019/20;"BUENOS AIRES";"ROQUE PEREZ";6;693;16143
"Trigo total";2020/21;"BUENOS AIRES";"ROQUE PEREZ";6;693;42370
"Trigo total";2021/22;"BUENOS AIRES";"ROQUE PEREZ";6;693;44459
"Trigo total";2022/23;"BUENOS AIRES";"ROQUE PEREZ";6;693;40732
"Trigo total";2023/24;"BUENOS AIRES";"ROQUE PEREZ";6;693;40057
"Trigo total";2024/25;"BUENOS AIRES";"ROQUE PEREZ";6;693;50903
"Trigo total";2015/16;"BUENOS AIRES";SAAVEDRA;6;700;101850
"Trigo total";2016/17;"BUENOS AIRES";SAAVEDRA;6;700;121296
"Trigo total";2017/18;"BUENOS AIRES";SAAVEDRA;6;700;144119
"Trigo total";2018/19;"BUENOS AIRES";SAAVEDRA;6;700;109460
"Trigo total";2019/20;"BUENOS AIRES";SAAVEDRA;6;700;72390
"Trigo total";2020/21;"BUENOS AIRES";SAAVEDRA;6;700;107400
"Trigo total";2021/22;"BUENOS AIRES";SAAVEDRA;6;700;104718
"Trigo total";2022/23;"BUENOS AIRES";SAAVEDRA;6;700;139000
"Trigo total";2023/24;"BUENOS AIRES";SAAVEDRA;6;700;96960
"Trigo total";2024/25;"BUENOS AIRES";SAAVEDRA;6;700;138800
"Trigo total";2015/16;"BUENOS AIRES";SALADILLO;6;707;28500
"Trigo total";2016/17;"BUENOS AIRES";SALADILLO;6;707;24568
"Trigo total";2017/18;"BUENOS AIRES";SALADILLO;6;707;13091
"Trigo total";2018/19;"BUENOS AIRES";SALADILLO;6;707;46956
"Trigo total";2019/20;"BUENOS AIRES";SALADILLO;6;707;19186
"Trigo total";2020/21;"BUENOS AIRES";SALADILLO;6;707;56160
"Trigo total";2021/22;"BUENOS AIRES";SALADILLO;6;707;47811
"Trigo total";2022/23;"BUENOS AIRES";SALADILLO;6;707;54701
"Trigo total";2023/24;"BUENOS AIRES";SALADILLO;6;707;54921
"Trigo total";2024/25;"BUENOS AIRES";SALADILLO;6;707;72182
"Trigo total";2015/16;"BUENOS AIRES";SALLIQUELO;6;721;10790
"Trigo total";2016/17;"BUENOS AIRES";SALLIQUELO;6;721;16290
"Trigo total";2017/18;"BUENOS AIRES";SALLIQUELO;6;721;4265
"Trigo total";2018/19;"BUENOS AIRES";SALLIQUELO;6;721;12550
"Trigo total";2019/20;"BUENOS AIRES";SALLIQUELO;6;721;9490
"Trigo total";2020/21;"BUENOS AIRES";SALLIQUELO;6;721;18280
"Trigo total";2021/22;"BUENOS AIRES";SALLIQUELO;6;721;21310
"Trigo total";2022/23;"BUENOS AIRES";SALLIQUELO;6;721;19130
"Trigo total";2023/24;"BUENOS AIRES";SALLIQUELO;6;721;24570
"Trigo total";2024/25;"BUENOS AIRES";SALLIQUELO;6;721;24540
"Trigo total";2015/16;"BUENOS AIRES";SALTO;6;714;70752
"Trigo total";2016/17;"BUENOS AIRES";SALTO;6;714;108100
"Trigo total";2017/18;"BUENOS AIRES";SALTO;6;714;140438
"Trigo total";2018/19;"BUENOS AIRES";SALTO;6;714;160255
"Trigo total";2019/20;"BUENOS AIRES";SALTO;6;714;144987
"Trigo total";2020/21;"BUENOS AIRES";SALTO;6;714;147420
"Trigo total";2021/22;"BUENOS AIRES";SALTO;6;714;165885
"Trigo total";2022/23;"BUENOS AIRES";SALTO;6;714;73103
"Trigo total";2023/24;"BUENOS AIRES";SALTO;6;714;169870
"Trigo total";2024/25;"BUENOS AIRES";SALTO;6;714;158304
"Trigo total";2015/16;"BUENOS AIRES";"SAN ANDRES DE GILES";6;728;31580
"Trigo total";2016/17;"BUENOS AIRES";"SAN ANDRES DE GILES";6;728;32310
"Trigo total";2017/18;"BUENOS AIRES";"SAN ANDRES DE GILES";6;728;60480
"Trigo total";2018/19;"BUENOS AIRES";"SAN ANDRES DE GILES";6;728;83250
"Trigo total";2019/20;"BUENOS AIRES";"SAN ANDRES DE GILES";6;728;60800
"Trigo total";2020/21;"BUENOS AIRES";"SAN ANDRES DE GILES";6;728;57000
"Trigo total";2021/22;"BUENOS AIRES";"SAN ANDRES DE GILES";6;728;88200
"Trigo total";2022/23;"BUENOS AIRES";"SAN ANDRES DE GILES";6;728;32725
"Trigo total";2023/24;"BUENOS AIRES";"SAN ANDRES DE GILES";6;728;73500
"Trigo total";2024/25;"BUENOS AIRES";"SAN ANDRES DE GILES";6;728;79800
"Trigo total";2015/16;"BUENOS AIRES";"SAN ANTONIO DE ARECO";6;735;20560
"Trigo total";2016/17;"BUENOS AIRES";"SAN ANTONIO DE ARECO";6;735;65070
"Trigo total";2017/18;"BUENOS AIRES";"SAN ANTONIO DE ARECO";6;735;52140
"Trigo total";2018/19;"BUENOS AIRES";"SAN ANTONIO DE ARECO";6;735;46080
"Trigo total";2019/20;"BUENOS AIRES";"SAN ANTONIO DE ARECO";6;735;64484
"Trigo total";2020/21;"BUENOS AIRES";"SAN ANTONIO DE ARECO";6;735;65130
"Trigo total";2021/22;"BUENOS AIRES";"SAN ANTONIO DE ARECO";6;735;55448
"Trigo total";2022/23;"BUENOS AIRES";"SAN ANTONIO DE ARECO";6;735;36300
"Trigo total";2023/24;"BUENOS AIRES";"SAN ANTONIO DE ARECO";6;735;76130
"Trigo total";2024/25;"BUENOS AIRES";"SAN ANTONIO DE ARECO";6;735;76814
"Trigo total";2015/16;"BUENOS AIRES";"SAN CAYETANO";6;742;113280
"Trigo total";2016/17;"BUENOS AIRES";"SAN CAYETANO";6;742;82998
"Trigo total";2017/18;"BUENOS AIRES";"SAN CAYETANO";6;742;132992
"Trigo total";2018/19;"BUENOS AIRES";"SAN CAYETANO";6;742;142179
"Trigo total";2019/20;"BUENOS AIRES";"SAN CAYETANO";6;742;125400
"Trigo total";2020/21;"BUENOS AIRES";"SAN CAYETANO";6;742;161100
"Trigo total";2021/22;"BUENOS AIRES";"SAN CAYETANO";6;742;140984
"Trigo total";2022/23;"BUENOS AIRES";"SAN CAYETANO";6;742;72950
"Trigo total";2023/24;"BUENOS AIRES";"SAN CAYETANO";6;742;143222
"Trigo total";2024/25;"BUENOS AIRES";"SAN CAYETANO";6;742;138750
"Trigo total";2015/16;"BUENOS AIRES";"SAN NICOLAS";6;763;14760
"Trigo total";2016/17;"BUENOS AIRES";"SAN NICOLAS";6;763;24464
"Trigo total";2017/18;"BUENOS AIRES";"SAN NICOLAS";6;763;22176
"Trigo total";2018/19;"BUENOS AIRES";"SAN NICOLAS";6;763;50954
"Trigo total";2019/20;"BUENOS AIRES";"SAN NICOLAS";6;763;30750
"Trigo total";2020/21;"BUENOS AIRES";"SAN NICOLAS";6;763;28500
"Trigo total";2021/22;"BUENOS AIRES";"SAN NICOLAS";6;763;42105
"Trigo total";2022/23;"BUENOS AIRES";"SAN NICOLAS";6;763;5270
"Trigo total";2023/24;"BUENOS AIRES";"SAN NICOLAS";6;763;21340
"Trigo total";2024/25;"BUENOS AIRES";"SAN NICOLAS";6;763;33600
"Trigo total";2015/16;"BUENOS AIRES";"SAN PEDRO";6;770;35060
"Trigo total";2016/17;"BUENOS AIRES";"SAN PEDRO";6;770;46354
"Trigo total";2017/18;"BUENOS AIRES";"SAN PEDRO";6;770;58738
"Trigo total";2018/19;"BUENOS AIRES";"SAN PEDRO";6;770;69471
"Trigo total";2019/20;"BUENOS AIRES";"SAN PEDRO";6;770;65200
"Trigo total";2020/21;"BUENOS AIRES";"SAN PEDRO";6;770;63080
"Trigo total";2021/22;"BUENOS AIRES";"SAN PEDRO";6;770;72300
"Trigo total";2022/23;"BUENOS AIRES";"SAN PEDRO";6;770;27540
"Trigo total";2023/24;"BUENOS AIRES";"SAN PEDRO";6;770;70200
"Trigo total";2024/25;"BUENOS AIRES";"SAN PEDRO";6;770;98971
"Trigo total";2015/16;"BUENOS AIRES";"SAN VICENTE";6;778;820
"Trigo total";2016/17;"BUENOS AIRES";"SAN VICENTE";6;778;1610
"Trigo total";2017/18;"BUENOS AIRES";"SAN VICENTE";6;778;1960
"Trigo total";2018/19;"BUENOS AIRES";"SAN VICENTE";6;778;1604
"Trigo total";2019/20;"BUENOS AIRES";"SAN VICENTE";6;778;1755
"Trigo total";2020/21;"BUENOS AIRES";"SAN VICENTE";6;778;1710
"Trigo total";2021/22;"BUENOS AIRES";"SAN VICENTE";6;778;3040
"Trigo total";2022/23;"BUENOS AIRES";"SAN VICENTE";6;778;810
"Trigo total";2023/24;"BUENOS AIRES";"SAN VICENTE";6;778;4600
"Trigo total";2024/25;"BUENOS AIRES";"SAN VICENTE";6;778;5400
"Trigo total";2015/16;"BUENOS AIRES";SUIPACHA;6;784;5400
"Trigo total";2016/17;"BUENOS AIRES";SUIPACHA;6;784;12206
"Trigo total";2017/18;"BUENOS AIRES";SUIPACHA;6;784;19640
"Trigo total";2018/19;"BUENOS AIRES";SUIPACHA;6;784;21992
"Trigo total";2019/20;"BUENOS AIRES";SUIPACHA;6;784;30600
"Trigo total";2020/21;"BUENOS AIRES";SUIPACHA;6;784;33600
"Trigo total";2021/22;"BUENOS AIRES";SUIPACHA;6;784;36750
"Trigo total";2022/23;"BUENOS AIRES";SUIPACHA;6;784;17888
"Trigo total";2023/24;"BUENOS AIRES";SUIPACHA;6;784;36000
"Trigo total";2024/25;"BUENOS AIRES";SUIPACHA;6;784;60750
"Trigo total";2015/16;"BUENOS AIRES";TANDIL;6;791;80590
"Trigo total";2016/17;"BUENOS AIRES";TANDIL;6;791;148276
"Trigo total";2017/18;"BUENOS AIRES";TANDIL;6;791;158229
"Trigo total";2018/19;"BUENOS AIRES";TANDIL;6;791;210969
"Trigo total";2019/20;"BUENOS AIRES";TANDIL;6;791;201000
"Trigo total";2020/21;"BUENOS AIRES";TANDIL;6;791;306800
"Trigo total";2021/22;"BUENOS AIRES";TANDIL;6;791;164226
"Trigo total";2022/23;"BUENOS AIRES";TANDIL;6;791;90061
"Trigo total";2023/24;"BUENOS AIRES";TANDIL;6;791;199290
"Trigo total";2024/25;"BUENOS AIRES";TANDIL;6;791;191791
"Trigo total";2015/16;"BUENOS AIRES";TAPALQUE;6;798;2730
"Trigo total";2016/17;"BUENOS AIRES";TAPALQUE;6;798;3293
"Trigo total";2017/18;"BUENOS AIRES";TAPALQUE;6;798;6000
"Trigo total";2018/19;"BUENOS AIRES";TAPALQUE;6;798;8000
"Trigo total";2019/20;"BUENOS AIRES";TAPALQUE;6;798;6000
"Trigo total";2020/21;"BUENOS AIRES";TAPALQUE;6;798;12600
"Trigo total";2021/22;"BUENOS AIRES";TAPALQUE;6;798;4968
"Trigo total";2022/23;"BUENOS AIRES";TAPALQUE;6;798;5700
"Trigo total";2023/24;"BUENOS AIRES";TAPALQUE;6;798;4800
"Trigo total";2024/25;"BUENOS AIRES";TAPALQUE;6;798;5400
"Trigo total";2020/21;"BUENOS AIRES";TORDILLO;6;812;350
"Trigo total";2022/23;"BUENOS AIRES";TORDILLO;6;812;320
"Trigo total";2023/24;"BUENOS AIRES";TORDILLO;6;812;450
"Trigo total";2024/25;"BUENOS AIRES";TORDILLO;6;812;520
"Trigo total";2015/16;"BUENOS AIRES";TORNQUIST;6;819;85348
"Trigo total";2016/17;"BUENOS AIRES";TORNQUIST;6;819;86072
"Trigo total";2017/18;"BUENOS AIRES";TORNQUIST;6;819;96780
"Trigo total";2018/19;"BUENOS AIRES";TORNQUIST;6;819;80140
"Trigo total";2019/20;"BUENOS AIRES";TORNQUIST;6;819;22800
"Trigo total";2020/21;"BUENOS AIRES";TORNQUIST;6;819;49800
"Trigo total";2021/22;"BUENOS AIRES";TORNQUIST;6;819;50485
"Trigo total";2022/23;"BUENOS AIRES";TORNQUIST;6;819;53600
"Trigo total";2023/24;"BUENOS AIRES";TORNQUIST;6;819;44400
"Trigo total";2024/25;"BUENOS AIRES";TORNQUIST;6;819;65900
"Trigo total";2015/16;"BUENOS AIRES";"TRENQUE LAUQUEN";6;826;91080
"Trigo total";2016/17;"BUENOS AIRES";"TRENQUE LAUQUEN";6;826;144893
"Trigo total";2017/18;"BUENOS AIRES";"TRENQUE LAUQUEN";6;826;123744
"Trigo total";2018/19;"BUENOS AIRES";"TRENQUE LAUQUEN";6;826;182152
"Trigo total";2019/20;"BUENOS AIRES";"TRENQUE LAUQUEN";6;826;106080
"Trigo total";2020/21;"BUENOS AIRES";"TRENQUE LAUQUEN";6;826;207396
"Trigo total";2021/22;"BUENOS AIRES";"TRENQUE LAUQUEN";6;826;235882
"Trigo total";2022/23;"BUENOS AIRES";"TRENQUE LAUQUEN";6;826;120408
"Trigo total";2023/24;"BUENOS AIRES";"TRENQUE LAUQUEN";6;826;40770
"Trigo total";2024/25;"BUENOS AIRES";"TRENQUE LAUQUEN";6;826;138877
"Trigo total";2015/16;"BUENOS AIRES";"TRES ARROYOS";6;833;257160
"Trigo total";2016/17;"BUENOS AIRES";"TRES ARROYOS";6;833;287448
"Trigo total";2017/18;"BUENOS AIRES";"TRES ARROYOS";6;833;514843
"Trigo total";2018/19;"BUENOS AIRES";"TRES ARROYOS";6;833;339453
"Trigo total";2019/20;"BUENOS AIRES";"TRES ARROYOS";6;833;393100
"Trigo total";2020/21;"BUENOS AIRES";"TRES ARROYOS";6;833;570000
"Trigo total";2021/22;"BUENOS AIRES";"TRES ARROYOS";6;833;484392
"Trigo total";2022/23;"BUENOS AIRES";"TRES ARROYOS";6;833;222705
"Trigo total";2023/24;"BUENOS AIRES";"TRES ARROYOS";6;833;481634
"Trigo total";2024/25;"BUENOS AIRES";"TRES ARROYOS";6;833;382563
"Trigo total";2015/16;"BUENOS AIRES";"TRES LOMAS";6;847;13480
"Trigo total";2016/17;"BUENOS AIRES";"TRES LOMAS";6;847;24562
"Trigo total";2017/18;"BUENOS AIRES";"TRES LOMAS";6;847;5770
"Trigo total";2018/19;"BUENOS AIRES";"TRES LOMAS";6;847;18500
"Trigo total";2019/20;"BUENOS AIRES";"TRES LOMAS";6;847;20980
"Trigo total";2020/21;"BUENOS AIRES";"TRES LOMAS";6;847;27290
"Trigo total";2021/22;"BUENOS AIRES";"TRES LOMAS";6;847;37700
"Trigo total";2022/23;"BUENOS AIRES";"TRES LOMAS";6;847;36520
"Trigo total";2023/24;"BUENOS AIRES";"TRES LOMAS";6;847;40770
"Trigo total";2024/25;"BUENOS AIRES";"TRES LOMAS";6;847;40760
"Trigo total";2015/16;"BUENOS AIRES";VILLARINO;6;875;38810
"Trigo total";2016/17;"BUENOS AIRES";VILLARINO;6;875;34632
"Trigo total";2017/18;"BUENOS AIRES";VILLARINO;6;875;27270
"Trigo total";2018/19;"BUENOS AIRES";VILLARINO;6;875;30120
"Trigo total";2019/20;"BUENOS AIRES";VILLARINO;6;875;10790
"Trigo total";2020/21;"BUENOS AIRES";VILLARINO;6;875;31550
"Trigo total";2021/22;"BUENOS AIRES";VILLARINO;6;875;12803
"Trigo total";2022/23;"BUENOS AIRES";VILLARINO;6;875;25153
"Trigo total";2023/24;"BUENOS AIRES";VILLARINO;6;875;2500
"Trigo total";2024/25;"BUENOS AIRES";VILLARINO;6;875;18750
"Trigo total";2015/16;"BUENOS AIRES";ZARATE;6;882;6600
"Trigo total";2016/17;"BUENOS AIRES";ZARATE;6;882;7480
"Trigo total";2017/18;"BUENOS AIRES";ZARATE;6;882;8385
"Trigo total";2018/19;"BUENOS AIRES";ZARATE;6;882;12320
"Trigo total";2019/20;"BUENOS AIRES";ZARATE;6;882;10000
"Trigo total";2020/21;"BUENOS AIRES";ZARATE;6;882;11700
"Trigo total";2021/22;"BUENOS AIRES";ZARATE;6;882;36250
"Trigo total";2022/23;"BUENOS AIRES";ZARATE;6;882;13300
"Trigo total";2023/24;"BUENOS AIRES";ZARATE;6;882;36570
"Trigo total";2024/25;"BUENOS AIRES";ZARATE;6;882;31820
"Trigo total";2015/16;CATAMARCA;"EL ALTO";10;56;260
"Trigo total";2016/17;CATAMARCA;"EL ALTO";10;56;208
"Trigo total";2017/18;CATAMARCA;"EL ALTO";10;56;370
"Trigo total";2018/19;CATAMARCA;"EL ALTO";10;56;162
"Trigo total";2019/20;CATAMARCA;"EL ALTO";10;56;198
"Trigo total";2020/21;CATAMARCA;"EL ALTO";10;56;35
"Trigo total";2021/22;CATAMARCA;"EL ALTO";10;56;40
"Trigo total";2022/23;CATAMARCA;"EL ALTO";10;56;42
"Trigo total";2023/24;CATAMARCA;"EL ALTO";10;56;90
"Trigo total";2024/25;CATAMARCA;"EL ALTO";10;56;56
"Trigo total";2015/16;CATAMARCA;"SANTA ROSA";10;98;55010
"Trigo total";2016/17;CATAMARCA;"SANTA ROSA";10;98;37104
"Trigo total";2017/18;CATAMARCA;"SANTA ROSA";10;98;37860
"Trigo total";2018/19;CATAMARCA;"SANTA ROSA";10;98;10230
"Trigo total";2019/20;CATAMARCA;"SANTA ROSA";10;98;31380
"Trigo total";2020/21;CATAMARCA;"SANTA ROSA";10;98;20570
"Trigo total";2021/22;CATAMARCA;"SANTA ROSA";10;98;23460
"Trigo total";2022/23;CATAMARCA;"SANTA ROSA";10;98;18050
"Trigo total";2023/24;CATAMARCA;"SANTA ROSA";10;98;25688
"Trigo total";2024/25;CATAMARCA;"SANTA ROSA";10;98;19647
"Trigo total";2015/16;CHACO;"12 DE OCTUBRE";22;36;10420
"Trigo total";2016/17;CHACO;"12 DE OCTUBRE";22;36;10773
"Trigo total";2017/18;CHACO;"12 DE OCTUBRE";22;36;13003
"Trigo total";2018/19;CHACO;"12 DE OCTUBRE";22;36;23890
"Trigo total";2019/20;CHACO;"12 DE OCTUBRE";22;36;20447
"Trigo total";2020/21;CHACO;"12 DE OCTUBRE";22;36;7600
"Trigo total";2021/22;CHACO;"12 DE OCTUBRE";22;36;24860
"Trigo total";2022/23;CHACO;"12 DE OCTUBRE";22;36;13230
"Trigo total";2023/24;CHACO;"12 DE OCTUBRE";22;36;3150
"Trigo total";2024/25;CHACO;"12 DE OCTUBRE";22;36;2150
"Trigo total";2015/16;CHACO;"2 DE ABRIL";22;39;13270
"Trigo total";2016/17;CHACO;"2 DE ABRIL";22;39;14008
"Trigo total";2017/18;CHACO;"2 DE ABRIL";22;39;21608
"Trigo total";2018/19;CHACO;"2 DE ABRIL";22;39;30614
"Trigo total";2019/20;CHACO;"2 DE ABRIL";22;39;23522
"Trigo total";2020/21;CHACO;"2 DE ABRIL";22;39;3440
"Trigo total";2021/22;CHACO;"2 DE ABRIL";22;39;12285
"Trigo total";2022/23;CHACO;"2 DE ABRIL";22;39;6156
"Trigo total";2023/24;CHACO;"2 DE ABRIL";22;39;5940
"Trigo total";2024/25;CHACO;"2 DE ABRIL";22;39;7425
"Trigo total";2017/18;CHACO;"25 DE MAYO";22;168;168
"Trigo total";2015/16;CHACO;"9 DE JULIO";22;105;8770
"Trigo total";2016/17;CHACO;"9 DE JULIO";22;105;5544
"Trigo total";2017/18;CHACO;"9 DE JULIO";22;105;10422
"Trigo total";2018/19;CHACO;"9 DE JULIO";22;105;14494
"Trigo total";2019/20;CHACO;"9 DE JULIO";22;105;14203
"Trigo total";2020/21;CHACO;"9 DE JULIO";22;105;5600
"Trigo total";2021/22;CHACO;"9 DE JULIO";22;105;12400
"Trigo total";2022/23;CHACO;"9 DE JULIO";22;105;9115
"Trigo total";2023/24;CHACO;"9 DE JULIO";22;105;5530
"Trigo total";2024/25;CHACO;"9 DE JULIO";22;105;5760
"Trigo total";2015/16;CHACO;"ALMIRANTE BROWN";22;7;9450
"Trigo total";2016/17;CHACO;"ALMIRANTE BROWN";22;7;7908
"Trigo total";2017/18;CHACO;"ALMIRANTE BROWN";22;7;26000
"Trigo total";2018/19;CHACO;"ALMIRANTE BROWN";22;7;33830
"Trigo total";2019/20;CHACO;"ALMIRANTE BROWN";22;7;89438
"Trigo total";2020/21;CHACO;"ALMIRANTE BROWN";22;7;7470
"Trigo total";2021/22;CHACO;"ALMIRANTE BROWN";22;7;13350
"Trigo total";2022/23;CHACO;"ALMIRANTE BROWN";22;7;16160
"Trigo total";2023/24;CHACO;"ALMIRANTE BROWN";22;7;7470
"Trigo total";2024/25;CHACO;"ALMIRANTE BROWN";22;7;21000
"Trigo total";2015/16;CHACO;CHACABUCO;22;28;13110
"Trigo total";2016/17;CHACO;CHACABUCO;22;28;7196
"Trigo total";2017/18;CHACO;CHACABUCO;22;28;13477
"Trigo total";2018/19;CHACO;CHACABUCO;22;28;22370
"Trigo total";2019/20;CHACO;CHACABUCO;22;28;16729
"Trigo total";2020/21;CHACO;CHACABUCO;22;28;4860
"Trigo total";2021/22;CHACO;CHACABUCO;22;28;11440
"Trigo total";2022/23;CHACO;CHACABUCO;22;28;13145
"Trigo total";2023/24;CHACO;CHACABUCO;22;28;6825
"Trigo total";2024/25;CHACO;CHACABUCO;22;28;11580
"Trigo total";2015/16;CHACO;"COMANDANTE FERNANDEZ";22;21;7200
"Trigo total";2016/17;CHACO;"COMANDANTE FERNANDEZ";22;21;3784
"Trigo total";2017/18;CHACO;"COMANDANTE FERNANDEZ";22;21;6785
"Trigo total";2018/19;CHACO;"COMANDANTE FERNANDEZ";22;21;12978
"Trigo total";2019/20;CHACO;"COMANDANTE FERNANDEZ";22;21;19710
"Trigo total";2020/21;CHACO;"COMANDANTE FERNANDEZ";22;21;8800
"Trigo total";2021/22;CHACO;"COMANDANTE FERNANDEZ";22;21;15850
"Trigo total";2022/23;CHACO;"COMANDANTE FERNANDEZ";22;21;9350
"Trigo total";2023/24;CHACO;"COMANDANTE FERNANDEZ";22;21;3850
"Trigo total";2024/25;CHACO;"COMANDANTE FERNANDEZ";22;21;2300
"Trigo total";2015/16;CHACO;"FRAY JUSTO SANTA MARIA DE ORO";22;43;5110
"Trigo total";2016/17;CHACO;"FRAY JUSTO SANTA MARIA DE ORO";22;43;4606
"Trigo total";2017/18;CHACO;"FRAY JUSTO SANTA MARIA DE ORO";22;43;8172
"Trigo total";2018/19;CHACO;"FRAY JUSTO SANTA MARIA DE ORO";22;43;11474
"Trigo total";2019/20;CHACO;"FRAY JUSTO SANTA MARIA DE ORO";22;43;7875
"Trigo total";2020/21;CHACO;"FRAY JUSTO SANTA MARIA DE ORO";22;43;1260
"Trigo total";2021/22;CHACO;"FRAY JUSTO SANTA MARIA DE ORO";22;43;4120
"Trigo total";2022/23;CHACO;"FRAY JUSTO SANTA MARIA DE ORO";22;43;1922
"Trigo total";2023/24;CHACO;"FRAY JUSTO SANTA MARIA DE ORO";22;43;1400
"Trigo total";2024/25;CHACO;"FRAY JUSTO SANTA MARIA DE ORO";22;43;1350
"Trigo total";2015/16;CHACO;"GENERAL BELGRANO";22;49;5300
"Trigo total";2016/17;CHACO;"GENERAL BELGRANO";22;49;4935
"Trigo total";2017/18;CHACO;"GENERAL BELGRANO";22;49;8529
"Trigo total";2018/19;CHACO;"GENERAL BELGRANO";22;49;14027
"Trigo total";2019/20;CHACO;"GENERAL BELGRANO";22;49;10363
"Trigo total";2020/21;CHACO;"GENERAL BELGRANO";22;49;1120
"Trigo total";2021/22;CHACO;"GENERAL BELGRANO";22;49;6963
"Trigo total";2022/23;CHACO;"GENERAL BELGRANO";22;49;3876
"Trigo total";2023/24;CHACO;"GENERAL BELGRANO";22;49;1100
"Trigo total";2024/25;CHACO;"GENERAL BELGRANO";22;49;16560
"Trigo total";2015/16;CHACO;"GENERAL GUEMES";22;63;1170
"Trigo total";2016/17;CHACO;"GENERAL GUEMES";22;63;830
"Trigo total";2017/18;CHACO;"GENERAL GUEMES";22;63;1817
"Trigo total";2018/19;CHACO;"GENERAL GUEMES";22;63;2528
"Trigo total";2019/20;CHACO;"GENERAL GUEMES";22;63;9405
"Trigo total";2020/21;CHACO;"GENERAL GUEMES";22;63;108
"Trigo total";2021/22;CHACO;"GENERAL GUEMES";22;63;602
"Trigo total";2022/23;CHACO;"GENERAL GUEMES";22;63;2760
"Trigo total";2023/24;CHACO;"GENERAL GUEMES";22;63;5900
"Trigo total";2024/25;CHACO;"GENERAL GUEMES";22;63;7320
"Trigo total";2015/16;CHACO;INDEPENDENCIA;22;70;17940
"Trigo total";2016/17;CHACO;INDEPENDENCIA;22;70;6237
"Trigo total";2017/18;CHACO;INDEPENDENCIA;22;70;9384
"Trigo total";2018/19;CHACO;INDEPENDENCIA;22;70;16926
"Trigo total";2019/20;CHACO;INDEPENDENCIA;22;70;25810
"Trigo total";2020/21;CHACO;INDEPENDENCIA;22;70;6880
"Trigo total";2021/22;CHACO;INDEPENDENCIA;22;70;21156
"Trigo total";2022/23;CHACO;INDEPENDENCIA;22;70;9975
"Trigo total";2023/24;CHACO;INDEPENDENCIA;22;70;11520
"Trigo total";2024/25;CHACO;INDEPENDENCIA;22;70;7830
"Trigo total";2015/16;CHACO;"LIBERTADOR GENERAL SAN MARTIN";22;84;1540
"Trigo total";2016/17;CHACO;"LIBERTADOR GENERAL SAN MARTIN";22;84;352
"Trigo total";2018/19;CHACO;"LIBERTADOR GENERAL SAN MARTIN";22;84;350
"Trigo total";2019/20;CHACO;"LIBERTADOR GENERAL SAN MARTIN";22;84;1360
"Trigo total";2020/21;CHACO;"LIBERTADOR GENERAL SAN MARTIN";22;84;0
"Trigo total";2021/22;CHACO;"LIBERTADOR GENERAL SAN MARTIN";22;84;0
"Trigo total";2022/23;CHACO;"LIBERTADOR GENERAL SAN MARTIN";22;84;840
"Trigo total";2023/24;CHACO;"LIBERTADOR GENERAL SAN MARTIN";22;84;240
"Trigo total";2024/25;CHACO;"LIBERTADOR GENERAL SAN MARTIN";22;84;855
"Trigo total";2015/16;CHACO;MAIPU;22;91;4970
"Trigo total";2016/17;CHACO;MAIPU;22;91;2893
"Trigo total";2017/18;CHACO;MAIPU;22;91;6545
"Trigo total";2018/19;CHACO;MAIPU;22;91;5925
"Trigo total";2019/20;CHACO;MAIPU;22;91;15633
"Trigo total";2020/21;CHACO;MAIPU;22;91;980
"Trigo total";2021/22;CHACO;MAIPU;22;91;8904
"Trigo total";2022/23;CHACO;MAIPU;22;91;6600
"Trigo total";2023/24;CHACO;MAIPU;22;91;8000
"Trigo total";2024/25;CHACO;MAIPU;22;91;8190
"Trigo total";2015/16;CHACO;"MAYOR LUIS J. FONTANA";22;98;16220
"Trigo total";2016/17;CHACO;"MAYOR LUIS J. FONTANA";22;98;13155
"Trigo total";2017/18;CHACO;"MAYOR LUIS J. FONTANA";22;98;21671
"Trigo total";2018/19;CHACO;"MAYOR LUIS J. FONTANA";22;98;33732
"Trigo total";2019/20;CHACO;"MAYOR LUIS J. FONTANA";22;98;23384
"Trigo total";2020/21;CHACO;"MAYOR LUIS J. FONTANA";22;98;1820
"Trigo total";2021/22;CHACO;"MAYOR LUIS J. FONTANA";22;98;4491
"Trigo total";2022/23;CHACO;"MAYOR LUIS J. FONTANA";22;98;2200
"Trigo total";2023/24;CHACO;"MAYOR LUIS J. FONTANA";22;98;640
"Trigo total";2024/25;CHACO;"MAYOR LUIS J. FONTANA";22;98;1420
"Trigo total";2015/16;CHACO;O'HIGGINS;22;112;33310
"Trigo total";2016/17;CHACO;O'HIGGINS;22;112;25725
"Trigo total";2017/18;CHACO;O'HIGGINS;22;112;42594
"Trigo total";2018/19;CHACO;O'HIGGINS;22;112;55679
"Trigo total";2019/20;CHACO;O'HIGGINS;22;112;56055
"Trigo total";2020/21;CHACO;O'HIGGINS;22;112;11790
"Trigo total";2021/22;CHACO;O'HIGGINS;22;112;14976
"Trigo total";2022/23;CHACO;O'HIGGINS;22;112;4200
"Trigo total";2023/24;CHACO;O'HIGGINS;22;112;4800
"Trigo total";2024/25;CHACO;O'HIGGINS;22;112;11580
"Trigo total";2015/16;CHACO;QUITILIPI;22;133;1460
"Trigo total";2016/17;CHACO;QUITILIPI;22;133;650
"Trigo total";2017/18;CHACO;QUITILIPI;22;133;1450
"Trigo total";2018/19;CHACO;QUITILIPI;22;133;1200
"Trigo total";2019/20;CHACO;QUITILIPI;22;133;1632
"Trigo total";2020/21;CHACO;QUITILIPI;22;133;880
"Trigo total";2021/22;CHACO;QUITILIPI;22;133;1330
"Trigo total";2022/23;CHACO;QUITILIPI;22;133;1360
"Trigo total";2023/24;CHACO;QUITILIPI;22;133;912
"Trigo total";2024/25;CHACO;QUITILIPI;22;133;671
"Trigo total";2021/22;CHACO;"SAN FERNANDO";22;140;350
"Trigo total";2022/23;CHACO;"SAN FERNANDO";22;140;0
"Trigo total";2023/24;CHACO;"SAN FERNANDO";22;140;220
"Trigo total";2024/25;CHACO;"SAN FERNANDO";22;140;600
"Trigo total";2015/16;CHACO;"SAN LORENZO";22;147;550
"Trigo total";2016/17;CHACO;"SAN LORENZO";22;147;572
"Trigo total";2017/18;CHACO;"SAN LORENZO";22;147;1043
"Trigo total";2018/19;CHACO;"SAN LORENZO";22;147;1642
"Trigo total";2019/20;CHACO;"SAN LORENZO";22;147;1485
"Trigo total";2020/21;CHACO;"SAN LORENZO";22;147;25
"Trigo total";2021/22;CHACO;"SAN LORENZO";22;147;70
"Trigo total";2022/23;CHACO;"SAN LORENZO";22;147;158
"Trigo total";2023/24;CHACO;"SAN LORENZO";22;147;300
"Trigo total";2024/25;CHACO;"SAN LORENZO";22;147;900
"Trigo total";2015/16;CHACO;"SARGENTO CABRAL";22;154;220
"Trigo total";2016/17;CHACO;"SARGENTO CABRAL";22;154;114
"Trigo total";2017/18;CHACO;"SARGENTO CABRAL";22;154;198
"Trigo total";2018/19;CHACO;"SARGENTO CABRAL";22;154;330
"Trigo total";2019/20;CHACO;"SARGENTO CABRAL";22;154;220
"Trigo total";2024/25;CHACO;"SARGENTO CABRAL";22;154;320
"Trigo total";2015/16;CORDOBA;CALAMUCHITA;14;7;6300
"Trigo total";2016/17;CORDOBA;CALAMUCHITA;14;7;22059
"Trigo total";2017/18;CORDOBA;CALAMUCHITA;14;7;4669
"Trigo total";2018/19;CORDOBA;CALAMUCHITA;14;7;3600
"Trigo total";2019/20;CORDOBA;CALAMUCHITA;14;7;4510
"Trigo total";2020/21;CORDOBA;CALAMUCHITA;14;7;1950
"Trigo total";2021/22;CORDOBA;CALAMUCHITA;14;7;3750
"Trigo total";2022/23;CORDOBA;CALAMUCHITA;14;7;1229
"Trigo total";2023/24;CORDOBA;CALAMUCHITA;14;7;2880
"Trigo total";2024/25;CORDOBA;CALAMUCHITA;14;7;3600
"Trigo total";2015/16;CORDOBA;CAPITAL;14;14;1750
"Trigo total";2016/17;CORDOBA;CAPITAL;14;14;2025
"Trigo total";2017/18;CORDOBA;CAPITAL;14;14;1700
"Trigo total";2018/19;CORDOBA;CAPITAL;14;14;1870
"Trigo total";2019/20;CORDOBA;CAPITAL;14;14;1760
"Trigo total";2020/21;CORDOBA;CAPITAL;14;14;2040
"Trigo total";2021/22;CORDOBA;CAPITAL;14;14;9000
"Trigo total";2022/23;CORDOBA;CAPITAL;14;14;3500
"Trigo total";2023/24;CORDOBA;CAPITAL;14;14;1800
"Trigo total";2024/25;CORDOBA;CAPITAL;14;14;3500
"Trigo total";2015/16;CORDOBA;COLON;14;21;15400
"Trigo total";2016/17;CORDOBA;COLON;14;21;86400
"Trigo total";2017/18;CORDOBA;COLON;14;21;34888
"Trigo total";2018/19;CORDOBA;COLON;14;21;26740
"Trigo total";2019/20;CORDOBA;COLON;14;21;55001
"Trigo total";2020/21;CORDOBA;COLON;14;21;16813
"Trigo total";2021/22;CORDOBA;COLON;14;21;29497
"Trigo total";2022/23;CORDOBA;COLON;14;21;12269
"Trigo total";2023/24;CORDOBA;COLON;14;21;18989
"Trigo total";2024/25;CORDOBA;COLON;14;21;29600
"Trigo total";2020/21;CORDOBA;"CRUZ DEL EJE";14;28;1200
"Trigo total";2021/22;CORDOBA;"CRUZ DEL EJE";14;28;3960
"Trigo total";2023/24;CORDOBA;"CRUZ DEL EJE";14;28;1920
"Trigo total";2024/25;CORDOBA;"CRUZ DEL EJE";14;28;5760
"Trigo total";2015/16;CORDOBA;"GENERAL ROCA";14;35;128440
"Trigo total";2016/17;CORDOBA;"GENERAL ROCA";14;35;302080
"Trigo total";2017/18;CORDOBA;"GENERAL ROCA";14;35;182442
"Trigo total";2018/19;CORDOBA;"GENERAL ROCA";14;35;230300
"Trigo total";2019/20;CORDOBA;"GENERAL ROCA";14;35;218628
"Trigo total";2020/21;CORDOBA;"GENERAL ROCA";14;35;61725
"Trigo total";2021/22;CORDOBA;"GENERAL ROCA";14;35;131311
"Trigo total";2022/23;CORDOBA;"GENERAL ROCA";14;35;130200
"Trigo total";2023/24;CORDOBA;"GENERAL ROCA";14;35;98530
"Trigo total";2024/25;CORDOBA;"GENERAL ROCA";14;35;50112
"Trigo total";2015/16;CORDOBA;"GENERAL SAN MARTIN";14;42;123240
"Trigo total";2016/17;CORDOBA;"GENERAL SAN MARTIN";14;42;398370
"Trigo total";2017/18;CORDOBA;"GENERAL SAN MARTIN";14;42;406525
"Trigo total";2018/19;CORDOBA;"GENERAL SAN MARTIN";14;42;325920
"Trigo total";2019/20;CORDOBA;"GENERAL SAN MARTIN";14;42;279850
"Trigo total";2020/21;CORDOBA;"GENERAL SAN MARTIN";14;42;88920
"Trigo total";2021/22;CORDOBA;"GENERAL SAN MARTIN";14;42;329750
"Trigo total";2022/23;CORDOBA;"GENERAL SAN MARTIN";14;42;90100
"Trigo total";2023/24;CORDOBA;"GENERAL SAN MARTIN";14;42;59550
"Trigo total";2024/25;CORDOBA;"GENERAL SAN MARTIN";14;42;160800
"Trigo total";2015/16;CORDOBA;ISCHILIN;14;49;1460
"Trigo total";2016/17;CORDOBA;ISCHILIN;14;49;1144
"Trigo total";2017/18;CORDOBA;ISCHILIN;14;49;2897
"Trigo total";2018/19;CORDOBA;ISCHILIN;14;49;1360
"Trigo total";2019/20;CORDOBA;ISCHILIN;14;49;4353
"Trigo total";2020/21;CORDOBA;ISCHILIN;14;49;1425
"Trigo total";2021/22;CORDOBA;ISCHILIN;14;49;1869
"Trigo total";2022/23;CORDOBA;ISCHILIN;14;49;336
"Trigo total";2023/24;CORDOBA;ISCHILIN;14;49;2100
"Trigo total";2024/25;CORDOBA;ISCHILIN;14;49;3900
"Trigo total";2015/16;CORDOBA;"JUAREZ CELMAN";14;56;118510
"Trigo total";2016/17;CORDOBA;"JUAREZ CELMAN";14;56;155340
"Trigo total";2017/18;CORDOBA;"JUAREZ CELMAN";14;56;173320
"Trigo total";2018/19;CORDOBA;"JUAREZ CELMAN";14;56;123200
"Trigo total";2019/20;CORDOBA;"JUAREZ CELMAN";14;56;126250
"Trigo total";2020/21;CORDOBA;"JUAREZ CELMAN";14;56;85360
"Trigo total";2021/22;CORDOBA;"JUAREZ CELMAN";14;56;136300
"Trigo total";2022/23;CORDOBA;"JUAREZ CELMAN";14;56;54000
"Trigo total";2023/24;CORDOBA;"JUAREZ CELMAN";14;56;83600
"Trigo total";2024/25;CORDOBA;"JUAREZ CELMAN";14;56;90000
"Trigo total";2015/16;CORDOBA;"MARCOS JUAREZ";14;63;280940
"Trigo total";2016/17;CORDOBA;"MARCOS JUAREZ";14;63;578128
"Trigo total";2017/18;CORDOBA;"MARCOS JUAREZ";14;63;704462
"Trigo total";2018/19;CORDOBA;"MARCOS JUAREZ";14;63;442688
"Trigo total";2019/20;CORDOBA;"MARCOS JUAREZ";14;63;507418
"Trigo total";2020/21;CORDOBA;"MARCOS JUAREZ";14;63;243010
"Trigo total";2021/22;CORDOBA;"MARCOS JUAREZ";14;63;735830
"Trigo total";2022/23;CORDOBA;"MARCOS JUAREZ";14;63;235286
"Trigo total";2023/24;CORDOBA;"MARCOS JUAREZ";14;63;199926
"Trigo total";2024/25;CORDOBA;"MARCOS JUAREZ";14;63;384864
"Trigo total";2015/16;CORDOBA;"PRESIDENTE ROQUE SAENZ PENA";14;84;202800
"Trigo total";2016/17;CORDOBA;"PRESIDENTE ROQUE SAENZ PENA";14;84;235348
"Trigo total";2017/18;CORDOBA;"PRESIDENTE ROQUE SAENZ PENA";14;84;183612
"Trigo total";2018/19;CORDOBA;"PRESIDENTE ROQUE SAENZ PENA";14;84;299700
"Trigo total";2019/20;CORDOBA;"PRESIDENTE ROQUE SAENZ PENA";14;84;222024
"Trigo total";2020/21;CORDOBA;"PRESIDENTE ROQUE SAENZ PENA";14;84;166435
"Trigo total";2021/22;CORDOBA;"PRESIDENTE ROQUE SAENZ PENA";14;84;208517
"Trigo total";2022/23;CORDOBA;"PRESIDENTE ROQUE SAENZ PENA";14;84;268468
"Trigo total";2023/24;CORDOBA;"PRESIDENTE ROQUE SAENZ PENA";14;84;128599
"Trigo total";2024/25;CORDOBA;"PRESIDENTE ROQUE SAENZ PENA";14;84;153183
"Trigo total";2015/16;CORDOBA;"RIO CUARTO";14;98;106360
"Trigo total";2016/17;CORDOBA;"RIO CUARTO";14;98;233595
"Trigo total";2017/18;CORDOBA;"RIO CUARTO";14;98;152925
"Trigo total";2018/19;CORDOBA;"RIO CUARTO";14;98;92000
"Trigo total";2019/20;CORDOBA;"RIO CUARTO";14;98;117700
"Trigo total";2020/21;CORDOBA;"RIO CUARTO";14;98;61950
"Trigo total";2021/22;CORDOBA;"RIO CUARTO";14;98;135200
"Trigo total";2022/23;CORDOBA;"RIO CUARTO";14;98;55625
"Trigo total";2023/24;CORDOBA;"RIO CUARTO";14;98;83810
"Trigo total";2024/25;CORDOBA;"RIO CUARTO";14;98;91800
"Trigo total";2015/16;CORDOBA;"RIO PRIMERO";14;105;154000
"Trigo total";2016/17;CORDOBA;"RIO PRIMERO";14;105;504352
"Trigo total";2017/18;CORDOBA;"RIO PRIMERO";14;105;228620
"Trigo total";2018/19;CORDOBA;"RIO PRIMERO";14;105;165000
"Trigo total";2019/20;CORDOBA;"RIO PRIMERO";14;105;291786
"Trigo total";2020/21;CORDOBA;"RIO PRIMERO";14;105;88476
"Trigo total";2021/22;CORDOBA;"RIO PRIMERO";14;105;147341
"Trigo total";2022/23;CORDOBA;"RIO PRIMERO";14;105;58418
"Trigo total";2023/24;CORDOBA;"RIO PRIMERO";14;105;58347
"Trigo total";2024/25;CORDOBA;"RIO PRIMERO";14;105;165691
"Trigo total";2015/16;CORDOBA;"RIO SECO";14;112;16000
"Trigo total";2016/17;CORDOBA;"RIO SECO";14;112;84970
"Trigo total";2017/18;CORDOBA;"RIO SECO";14;112;4914
"Trigo total";2018/19;CORDOBA;"RIO SECO";14;112;35420
"Trigo total";2019/20;CORDOBA;"RIO SECO";14;112;54291
"Trigo total";2020/21;CORDOBA;"RIO SECO";14;112;14980
"Trigo total";2021/22;CORDOBA;"RIO SECO";14;112;16737
"Trigo total";2022/23;CORDOBA;"RIO SECO";14;112;1584
"Trigo total";2023/24;CORDOBA;"RIO SECO";14;112;6127
"Trigo total";2024/25;CORDOBA;"RIO SECO";14;112;24960
"Trigo total";2015/16;CORDOBA;"RIO SEGUNDO";14;119;197570
"Trigo total";2016/17;CORDOBA;"RIO SEGUNDO";14;119;346560
"Trigo total";2017/18;CORDOBA;"RIO SEGUNDO";14;119;350757
"Trigo total";2018/19;CORDOBA;"RIO SEGUNDO";14;119;275600
"Trigo total";2019/20;CORDOBA;"RIO SEGUNDO";14;119;387150
"Trigo total";2020/21;CORDOBA;"RIO SEGUNDO";14;119;50310
"Trigo total";2021/22;CORDOBA;"RIO SEGUNDO";14;119;225620
"Trigo total";2022/23;CORDOBA;"RIO SEGUNDO";14;119;69000
"Trigo total";2023/24;CORDOBA;"RIO SEGUNDO";14;119;96260
"Trigo total";2024/25;CORDOBA;"RIO SEGUNDO";14;119;130000
"Trigo total";2015/16;CORDOBA;"SAN JAVIER";14;133;11200
"Trigo total";2016/17;CORDOBA;"SAN JAVIER";14;133;14948
"Trigo total";2017/18;CORDOBA;"SAN JAVIER";14;133;17100
"Trigo total";2018/19;CORDOBA;"SAN JAVIER";14;133;17100
"Trigo total";2019/20;CORDOBA;"SAN JAVIER";14;133;13125
"Trigo total";2020/21;CORDOBA;"SAN JAVIER";14;133;14000
"Trigo total";2021/22;CORDOBA;"SAN JAVIER";14;133;11900
"Trigo total";2022/23;CORDOBA;"SAN JAVIER";14;133;11050
"Trigo total";2023/24;CORDOBA;"SAN JAVIER";14;133;9860
"Trigo total";2024/25;CORDOBA;"SAN JAVIER";14;133;12250
"Trigo total";2015/16;CORDOBA;"SAN JUSTO";14;140;429600
"Trigo total";2016/17;CORDOBA;"SAN JUSTO";14;140;733722
"Trigo total";2017/18;CORDOBA;"SAN JUSTO";14;140;731525
"Trigo total";2018/19;CORDOBA;"SAN JUSTO";14;140;605000
"Trigo total";2019/20;CORDOBA;"SAN JUSTO";14;140;764463
"Trigo total";2020/21;CORDOBA;"SAN JUSTO";14;140;353196
"Trigo total";2021/22;CORDOBA;"SAN JUSTO";14;140;594016
"Trigo total";2022/23;CORDOBA;"SAN JUSTO";14;140;310700
"Trigo total";2023/24;CORDOBA;"SAN JUSTO";14;140;423120
"Trigo total";2024/25;CORDOBA;"SAN JUSTO";14;140;381250
"Trigo total";2015/16;CORDOBA;"SANTA MARIA";14;147;20240
"Trigo total";2016/17;CORDOBA;"SANTA MARIA";14;147;50490
"Trigo total";2017/18;CORDOBA;"SANTA MARIA";14;147;16900
"Trigo total";2018/19;CORDOBA;"SANTA MARIA";14;147;4500
"Trigo total";2019/20;CORDOBA;"SANTA MARIA";14;147;13420
"Trigo total";2020/21;CORDOBA;"SANTA MARIA";14;147;3840
"Trigo total";2021/22;CORDOBA;"SANTA MARIA";14;147;12000
"Trigo total";2022/23;CORDOBA;"SANTA MARIA";14;147;4900
"Trigo total";2023/24;CORDOBA;"SANTA MARIA";14;147;3100
"Trigo total";2024/25;CORDOBA;"SANTA MARIA";14;147;7500
"Trigo total";2015/16;CORDOBA;"TERCERO ARRIBA";14;161;100800
"Trigo total";2016/17;CORDOBA;"TERCERO ARRIBA";14;161;180345
"Trigo total";2017/18;CORDOBA;"TERCERO ARRIBA";14;161;142329
"Trigo total";2018/19;CORDOBA;"TERCERO ARRIBA";14;161;51700
"Trigo total";2019/20;CORDOBA;"TERCERO ARRIBA";14;161;110400
"Trigo total";2020/21;CORDOBA;"TERCERO ARRIBA";14;161;40320
"Trigo total";2021/22;CORDOBA;"TERCERO ARRIBA";14;161;122100
"Trigo total";2022/23;CORDOBA;"TERCERO ARRIBA";14;161;42500
"Trigo total";2023/24;CORDOBA;"TERCERO ARRIBA";14;161;22950
"Trigo total";2024/25;CORDOBA;"TERCERO ARRIBA";14;161;56600
"Trigo total";2015/16;CORDOBA;TOTORAL;14;168;37500
"Trigo total";2016/17;CORDOBA;TOTORAL;14;168;108692
"Trigo total";2017/18;CORDOBA;TOTORAL;14;168;39555
"Trigo total";2018/19;CORDOBA;TOTORAL;14;168;27720
"Trigo total";2019/20;CORDOBA;TOTORAL;14;168;105911
"Trigo total";2020/21;CORDOBA;TOTORAL;14;168;30360
"Trigo total";2021/22;CORDOBA;TOTORAL;14;168;49153
"Trigo total";2022/23;CORDOBA;TOTORAL;14;168;13425
"Trigo total";2023/24;CORDOBA;TOTORAL;14;168;14616
"Trigo total";2024/25;CORDOBA;TOTORAL;14;168;42975
"Trigo total";2015/16;CORDOBA;TULUMBA;14;175;29920
"Trigo total";2016/17;CORDOBA;TULUMBA;14;175;84699
"Trigo total";2017/18;CORDOBA;TULUMBA;14;175;28126
"Trigo total";2018/19;CORDOBA;TULUMBA;14;175;16650
"Trigo total";2019/20;CORDOBA;TULUMBA;14;175;55071
"Trigo total";2020/21;CORDOBA;TULUMBA;14;175;13675
"Trigo total";2021/22;CORDOBA;TULUMBA;14;175;23374
"Trigo total";2022/23;CORDOBA;TULUMBA;14;175;6664
"Trigo total";2023/24;CORDOBA;TULUMBA;14;175;2198
"Trigo total";2024/25;CORDOBA;TULUMBA;14;175;19065
"Trigo total";2015/16;CORDOBA;UNION;14;182;276490
"Trigo total";2016/17;CORDOBA;UNION;14;182;759528
"Trigo total";2017/18;CORDOBA;UNION;14;182;788198
"Trigo total";2018/19;CORDOBA;UNION;14;182;525420
"Trigo total";2019/20;CORDOBA;UNION;14;182;736920
"Trigo total";2020/21;CORDOBA;UNION;14;182;262520
"Trigo total";2021/22;CORDOBA;UNION;14;182;822813
"Trigo total";2022/23;CORDOBA;UNION;14;182;197811
"Trigo total";2023/24;CORDOBA;UNION;14;182;263298
"Trigo total";2024/25;CORDOBA;UNION;14;182;463050
"Trigo total";2024/25;CORRIENTES;"BELLA VISTA";18;7;600
"Trigo total";2018/19;CORRIENTES;"CURUZU CUATIA";18;35;3080
"Trigo total";2019/20;CORRIENTES;"CURUZU CUATIA";18;35;2000
"Trigo total";2020/21;CORRIENTES;"CURUZU CUATIA";18;35;756
"Trigo total";2021/22;CORRIENTES;"CURUZU CUATIA";18;35;540
"Trigo total";2022/23;CORRIENTES;"CURUZU CUATIA";18;35;1280
"Trigo total";2023/24;CORRIENTES;"CURUZU CUATIA";18;35;2240
"Trigo total";2024/25;CORRIENTES;"CURUZU CUATIA";18;35;3900
"Trigo total";2024/25;CORRIENTES;ESQUINA;18;49;3000
"Trigo total";2018/19;CORRIENTES;MERCEDES;18;105;1260
"Trigo total";2019/20;CORRIENTES;MERCEDES;18;105;400
"Trigo total";2020/21;CORRIENTES;MERCEDES;18;105;700
"Trigo total";2021/22;CORRIENTES;MERCEDES;18;105;500
"Trigo total";2022/23;CORRIENTES;MERCEDES;18;105;1600
"Trigo total";2023/24;CORRIENTES;MERCEDES;18;105;1960
"Trigo total";2024/25;CORRIENTES;MERCEDES;18;105;2100
"Trigo total";2018/19;CORRIENTES;SAUCE;18;175;2520
"Trigo total";2019/20;CORRIENTES;SAUCE;18;175;800
"Trigo total";2020/21;CORRIENTES;SAUCE;18;175;2940
"Trigo total";2021/22;CORRIENTES;SAUCE;18;175;2100
"Trigo total";2022/23;CORRIENTES;SAUCE;18;175;4480
"Trigo total";2023/24;CORRIENTES;SAUCE;18;175;4500
"Trigo total";2024/25;CORRIENTES;SAUCE;18;175;4500
"Trigo total";2015/16;"ENTRE RIOS";COLON;30;8;8680
"Trigo total";2016/17;"ENTRE RIOS";COLON;30;8;12204
"Trigo total";2017/18;"ENTRE RIOS";COLON;30;8;11550
"Trigo total";2018/19;"ENTRE RIOS";COLON;30;8;19200
"Trigo total";2019/20;"ENTRE RIOS";COLON;30;8;13230
"Trigo total";2020/21;"ENTRE RIOS";COLON;30;8;14300
"Trigo total";2021/22;"ENTRE RIOS";COLON;30;8;36000
"Trigo total";2022/23;"ENTRE RIOS";COLON;30;8;34410
"Trigo total";2023/24;"ENTRE RIOS";COLON;30;8;51840
"Trigo total";2024/25;"ENTRE RIOS";COLON;30;8;50490
"Trigo total";2015/16;"ENTRE RIOS";CONCORDIA;30;15;10400
"Trigo total";2016/17;"ENTRE RIOS";CONCORDIA;30;15;8892
"Trigo total";2017/18;"ENTRE RIOS";CONCORDIA;30;15;12000
"Trigo total";2018/19;"ENTRE RIOS";CONCORDIA;30;15;19250
"Trigo total";2019/20;"ENTRE RIOS";CONCORDIA;30;15;14300
"Trigo total";2020/21;"ENTRE RIOS";CONCORDIA;30;15;13750
"Trigo total";2021/22;"ENTRE RIOS";CONCORDIA;30;15;16500
"Trigo total";2022/23;"ENTRE RIOS";CONCORDIA;30;15;17050
"Trigo total";2023/24;"ENTRE RIOS";CONCORDIA;30;15;26250
"Trigo total";2024/25;"ENTRE RIOS";CONCORDIA;30;15;22400
"Trigo total";2015/16;"ENTRE RIOS";DIAMANTE;30;21;90651
"Trigo total";2016/17;"ENTRE RIOS";DIAMANTE;30;21;129570
"Trigo total";2017/18;"ENTRE RIOS";DIAMANTE;30;21;137430
"Trigo total";2018/19;"ENTRE RIOS";DIAMANTE;30;21;173900
"Trigo total";2019/20;"ENTRE RIOS";DIAMANTE;30;21;142600
"Trigo total";2020/21;"ENTRE RIOS";DIAMANTE;30;21;113583
"Trigo total";2021/22;"ENTRE RIOS";DIAMANTE;30;21;157080
"Trigo total";2022/23;"ENTRE RIOS";DIAMANTE;30;21;156800
"Trigo total";2023/24;"ENTRE RIOS";DIAMANTE;30;21;134960
"Trigo total";2024/25;"ENTRE RIOS";DIAMANTE;30;21;136400
"Trigo total";2015/16;"ENTRE RIOS";FEDERACION;30;28;7200
"Trigo total";2016/17;"ENTRE RIOS";FEDERACION;30;28;9724
"Trigo total";2017/18;"ENTRE RIOS";FEDERACION;30;28;8800
"Trigo total";2018/19;"ENTRE RIOS";FEDERACION;30;28;14700
"Trigo total";2019/20;"ENTRE RIOS";FEDERACION;30;28;6875
"Trigo total";2020/21;"ENTRE RIOS";FEDERACION;30;28;9100
"Trigo total";2021/22;"ENTRE RIOS";FEDERACION;30;28;9800
"Trigo total";2022/23;"ENTRE RIOS";FEDERACION;30;28;13120
"Trigo total";2023/24;"ENTRE RIOS";FEDERACION;30;28;12800
"Trigo total";2024/25;"ENTRE RIOS";FEDERACION;30;28;11600
"Trigo total";2015/16;"ENTRE RIOS";FEDERAL;30;35;13440
"Trigo total";2016/17;"ENTRE RIOS";FEDERAL;30;35;18880
"Trigo total";2017/18;"ENTRE RIOS";FEDERAL;30;35;19040
"Trigo total";2018/19;"ENTRE RIOS";FEDERAL;30;35;24480
"Trigo total";2019/20;"ENTRE RIOS";FEDERAL;30;35;18750
"Trigo total";2020/21;"ENTRE RIOS";FEDERAL;30;35;19500
"Trigo total";2021/22;"ENTRE RIOS";FEDERAL;30;35;25500
"Trigo total";2022/23;"ENTRE RIOS";FEDERAL;30;35;27900
"Trigo total";2023/24;"ENTRE RIOS";FEDERAL;30;35;47680
"Trigo total";2024/25;"ENTRE RIOS";FEDERAL;30;35;47600
"Trigo total";2015/16;"ENTRE RIOS";FELICIANO;30;42;4400
"Trigo total";2016/17;"ENTRE RIOS";FELICIANO;30;42;6816
"Trigo total";2017/18;"ENTRE RIOS";FELICIANO;30;42;5400
"Trigo total";2018/19;"ENTRE RIOS";FELICIANO;30;42;10540
"Trigo total";2019/20;"ENTRE RIOS";FELICIANO;30;42;9750
"Trigo total";2020/21;"ENTRE RIOS";FELICIANO;30;42;14300
"Trigo total";2021/22;"ENTRE RIOS";FELICIANO;30;42;18850
"Trigo total";2022/23;"ENTRE RIOS";FELICIANO;30;42;20400
"Trigo total";2023/24;"ENTRE RIOS";FELICIANO;30;42;24000
"Trigo total";2024/25;"ENTRE RIOS";FELICIANO;30;42;22400
"Trigo total";2015/16;"ENTRE RIOS";GUALEGUAY;30;49;68970
"Trigo total";2016/17;"ENTRE RIOS";GUALEGUAY;30;49;79776
"Trigo total";2017/18;"ENTRE RIOS";GUALEGUAY;30;49;72500
"Trigo total";2018/19;"ENTRE RIOS";GUALEGUAY;30;49;136000
"Trigo total";2019/20;"ENTRE RIOS";GUALEGUAY;30;49;93000
"Trigo total";2020/21;"ENTRE RIOS";GUALEGUAY;30;49;106680
"Trigo total";2021/22;"ENTRE RIOS";GUALEGUAY;30;49;156000
"Trigo total";2022/23;"ENTRE RIOS";GUALEGUAY;30;49;123080
"Trigo total";2023/24;"ENTRE RIOS";GUALEGUAY;30;49;130720
"Trigo total";2024/25;"ENTRE RIOS";GUALEGUAY;30;49;177540
"Trigo total";2015/16;"ENTRE RIOS";GUALEGUAYCHU;30;56;81180
"Trigo total";2016/17;"ENTRE RIOS";GUALEGUAYCHU;30;56;188542
"Trigo total";2017/18;"ENTRE RIOS";GUALEGUAYCHU;30;56;138650
"Trigo total";2018/19;"ENTRE RIOS";GUALEGUAYCHU;30;56;226800
"Trigo total";2019/20;"ENTRE RIOS";GUALEGUAYCHU;30;56;165200
"Trigo total";2020/21;"ENTRE RIOS";GUALEGUAYCHU;30;56;197200
"Trigo total";2021/22;"ENTRE RIOS";GUALEGUAYCHU;30;56;259000
"Trigo total";2022/23;"ENTRE RIOS";GUALEGUAYCHU;30;56;243780
"Trigo total";2023/24;"ENTRE RIOS";GUALEGUAYCHU;30;56;321860
"Trigo total";2024/25;"ENTRE RIOS";GUALEGUAYCHU;30;56;361350
"Trigo total";2015/16;"ENTRE RIOS";"LA PAZ";30;70;50750
"Trigo total";2016/17;"ENTRE RIOS";"LA PAZ";30;70;52480
"Trigo total";2017/18;"ENTRE RIOS";"LA PAZ";30;70;58800
"Trigo total";2018/19;"ENTRE RIOS";"LA PAZ";30;70;79200
"Trigo total";2019/20;"ENTRE RIOS";"LA PAZ";30;70;124800
"Trigo total";2020/21;"ENTRE RIOS";"LA PAZ";30;70;139200
"Trigo total";2021/22;"ENTRE RIOS";"LA PAZ";30;70;181350
"Trigo total";2022/23;"ENTRE RIOS";"LA PAZ";30;70;208000
"Trigo total";2023/24;"ENTRE RIOS";"LA PAZ";30;70;205530
"Trigo total";2024/25;"ENTRE RIOS";"LA PAZ";30;70;187500
"Trigo total";2015/16;"ENTRE RIOS";NOGOYA;30;77;71120
"Trigo total";2016/17;"ENTRE RIOS";NOGOYA;30;77;140672
"Trigo total";2017/18;"ENTRE RIOS";NOGOYA;30;77;149805
"Trigo total";2018/19;"ENTRE RIOS";NOGOYA;30;77;206500
"Trigo total";2019/20;"ENTRE RIOS";NOGOYA;30;77;142695
"Trigo total";2020/21;"ENTRE RIOS";NOGOYA;30;77;150000
"Trigo total";2021/22;"ENTRE RIOS";NOGOYA;30;77;184800
"Trigo total";2022/23;"ENTRE RIOS";NOGOYA;30;77;190400
"Trigo total";2023/24;"ENTRE RIOS";NOGOYA;30;77;198450
"Trigo total";2024/25;"ENTRE RIOS";NOGOYA;30;77;218130
"Trigo total";2015/16;"ENTRE RIOS";PARANA;30;84;138880
"Trigo total";2016/17;"ENTRE RIOS";PARANA;30;84;150280
"Trigo total";2017/18;"ENTRE RIOS";PARANA;30;84;245790
"Trigo total";2018/19;"ENTRE RIOS";PARANA;30;84;436600
"Trigo total";2019/20;"ENTRE RIOS";PARANA;30;84;229050
"Trigo total";2020/21;"ENTRE RIOS";PARANA;30;84;197415
"Trigo total";2021/22;"ENTRE RIOS";PARANA;30;84;270400
"Trigo total";2022/23;"ENTRE RIOS";PARANA;30;84;286400
"Trigo total";2023/24;"ENTRE RIOS";PARANA;30;84;263200
"Trigo total";2024/25;"ENTRE RIOS";PARANA;30;84;294500
"Trigo total";2015/16;"ENTRE RIOS";"SAN SALVADOR";30;88;3500
"Trigo total";2016/17;"ENTRE RIOS";"SAN SALVADOR";30;88;6102
"Trigo total";2017/18;"ENTRE RIOS";"SAN SALVADOR";30;88;7350
"Trigo total";2018/19;"ENTRE RIOS";"SAN SALVADOR";30;88;14400
"Trigo total";2019/20;"ENTRE RIOS";"SAN SALVADOR";30;88;9000
"Trigo total";2020/21;"ENTRE RIOS";"SAN SALVADOR";30;88;13200
"Trigo total";2021/22;"ENTRE RIOS";"SAN SALVADOR";30;88;18000
"Trigo total";2022/23;"ENTRE RIOS";"SAN SALVADOR";30;88;20739
"Trigo total";2023/24;"ENTRE RIOS";"SAN SALVADOR";30;88;30020
"Trigo total";2024/25;"ENTRE RIOS";"SAN SALVADOR";30;88;34650
"Trigo total";2015/16;"ENTRE RIOS";TALA;30;91;14300
"Trigo total";2016/17;"ENTRE RIOS";TALA;30;91;48420
"Trigo total";2017/18;"ENTRE RIOS";TALA;30;91;37575
"Trigo total";2018/19;"ENTRE RIOS";TALA;30;91;82250
"Trigo total";2019/20;"ENTRE RIOS";TALA;30;91;54340
"Trigo total";2020/21;"ENTRE RIOS";TALA;30;91;66640
"Trigo total";2021/22;"ENTRE RIOS";TALA;30;91;80000
"Trigo total";2022/23;"ENTRE RIOS";TALA;30;91;91200
"Trigo total";2023/24;"ENTRE RIOS";TALA;30;91;99620
"Trigo total";2024/25;"ENTRE RIOS";TALA;30;91;117150
"Trigo total";2015/16;"ENTRE RIOS";URUGUAY;30;98;56100
"Trigo total";2016/17;"ENTRE RIOS";URUGUAY;30;98;87552
"Trigo total";2017/18;"ENTRE RIOS";URUGUAY;30;98;73750
"Trigo total";2018/19;"ENTRE RIOS";URUGUAY;30;98;115500
"Trigo total";2019/20;"ENTRE RIOS";URUGUAY;30;98;98400
"Trigo total";2020/21;"ENTRE RIOS";URUGUAY;30;98;135430
"Trigo total";2021/22;"ENTRE RIOS";URUGUAY;30;98;139500
"Trigo total";2022/23;"ENTRE RIOS";URUGUAY;30;98;167280
"Trigo total";2023/24;"ENTRE RIOS";URUGUAY;30;98;205200
"Trigo total";2024/25;"ENTRE RIOS";URUGUAY;30;98;188100
"Trigo total";2015/16;"ENTRE RIOS";VICTORIA;30;105;69930
"Trigo total";2016/17;"ENTRE RIOS";VICTORIA;30;105;146268
"Trigo total";2017/18;"ENTRE RIOS";VICTORIA;30;105;96501
"Trigo total";2018/19;"ENTRE RIOS";VICTORIA;30;105;180500
"Trigo total";2019/20;"ENTRE RIOS";VICTORIA;30;105;125250
"Trigo total";2020/21;"ENTRE RIOS";VICTORIA;30;105;102750
"Trigo total";2021/22;"ENTRE RIOS";VICTORIA;30;105;195000
"Trigo total";2022/23;"ENTRE RIOS";VICTORIA;30;105;173440
"Trigo total";2023/24;"ENTRE RIOS";VICTORIA;30;105;175680
"Trigo total";2024/25;"ENTRE RIOS";VICTORIA;30;105;189420
"Trigo total";2015/16;"ENTRE RIOS";VILLAGUAY;30;113;17550
"Trigo total";2016/17;"ENTRE RIOS";VILLAGUAY;30;113;35670
"Trigo total";2017/18;"ENTRE RIOS";VILLAGUAY;30;113;35420
"Trigo total";2018/19;"ENTRE RIOS";VILLAGUAY;30;113;81600
"Trigo total";2019/20;"ENTRE RIOS";VILLAGUAY;30;113;56700
"Trigo total";2020/21;"ENTRE RIOS";VILLAGUAY;30;113;127020
"Trigo total";2021/22;"ENTRE RIOS";VILLAGUAY;30;113;131200
"Trigo total";2022/23;"ENTRE RIOS";VILLAGUAY;30;113;168200
"Trigo total";2023/24;"ENTRE RIOS";VILLAGUAY;30;113;283100
"Trigo total";2024/25;"ENTRE RIOS";VILLAGUAY;30;113;158400
"Trigo total";2023/24;FORMOSA;FORMOSA;34;14;200
"Trigo total";2024/25;FORMOSA;FORMOSA;34;14;192
"Trigo total";2021/22;FORMOSA;LAISHI;34;21;3112
"Trigo total";2022/23;FORMOSA;LAISHI;34;21;1840
"Trigo total";2024/25;FORMOSA;LAISHI;34;21;1428
"Trigo total";2023/24;FORMOSA;PATINO;34;35;350
"Trigo total";2024/25;FORMOSA;PATINO;34;35;3060
"Trigo total";2023/24;FORMOSA;PIRANE;34;56;1200
"Trigo total";2024/25;FORMOSA;PIRANE;34;56;4250
"Trigo total";2021/22;JUJUY;"DR. MANUEL BELGRANO";38;21;222
"Trigo total";2022/23;JUJUY;"DR. MANUEL BELGRANO";38;21;0
"Trigo total";2015/16;JUJUY;"EL CARMEN";38;14;1440
"Trigo total";2016/17;JUJUY;"EL CARMEN";38;14;1450
"Trigo total";2017/18;JUJUY;"EL CARMEN";38;14;980
"Trigo total";2018/19;JUJUY;"EL CARMEN";38;14;700
"Trigo total";2019/20;JUJUY;"EL CARMEN";38;14;980
"Trigo total";2020/21;JUJUY;"EL CARMEN";38;14;1152
"Trigo total";2021/22;JUJUY;"EL CARMEN";38;14;1904
"Trigo total";2022/23;JUJUY;"EL CARMEN";38;14;4500
"Trigo total";2023/24;JUJUY;"EL CARMEN";38;14;599
"Trigo total";2024/25;JUJUY;"EL CARMEN";38;14;420
"Trigo total";2015/16;JUJUY;LEDESMA;38;35;90
"Trigo total";2016/17;JUJUY;LEDESMA;38;35;75
"Trigo total";2017/18;JUJUY;LEDESMA;38;35;70
"Trigo total";2018/19;JUJUY;LEDESMA;38;35;50
"Trigo total";2019/20;JUJUY;LEDESMA;38;35;70
"Trigo total";2020/21;JUJUY;LEDESMA;38;35;80
"Trigo total";2021/22;JUJUY;LEDESMA;38;35;132
"Trigo total";2022/23;JUJUY;LEDESMA;38;35;0
"Trigo total";2023/24;JUJUY;LEDESMA;38;35;420
"Trigo total";2024/25;JUJUY;LEDESMA;38;35;300
"Trigo total";2015/16;JUJUY;PALPALA;38;42;240
"Trigo total";2016/17;JUJUY;PALPALA;38;42;250
"Trigo total";2017/18;JUJUY;PALPALA;38;42;168
"Trigo total";2018/19;JUJUY;PALPALA;38;42;120
"Trigo total";2019/20;JUJUY;PALPALA;38;42;168
"Trigo total";2020/21;JUJUY;PALPALA;38;42;192
"Trigo total";2021/22;JUJUY;PALPALA;38;42;276
"Trigo total";2022/23;JUJUY;PALPALA;38;42;360
"Trigo total";2023/24;JUJUY;PALPALA;38;42;210
"Trigo total";2024/25;JUJUY;PALPALA;38;42;150
"Trigo total";2015/16;JUJUY;"SAN ANTONIO";38;56;210
"Trigo total";2016/17;JUJUY;"SAN ANTONIO";38;56;163
"Trigo total";2017/18;JUJUY;"SAN ANTONIO";38;56;95
"Trigo total";2018/19;JUJUY;"SAN ANTONIO";38;56;1240
"Trigo total";2019/20;JUJUY;"SAN ANTONIO";38;56;1736
"Trigo total";2020/21;JUJUY;"SAN ANTONIO";38;56;1280
"Trigo total";2021/22;JUJUY;"SAN ANTONIO";38;56;2185
"Trigo total";2022/23;JUJUY;"SAN ANTONIO";38;56;540
"Trigo total";2023/24;JUJUY;"SAN ANTONIO";38;56;525
"Trigo total";2024/25;JUJUY;"SAN ANTONIO";38;56;375
"Trigo total";2015/16;JUJUY;"SAN PEDRO";38;63;1060
"Trigo total";2016/17;JUJUY;"SAN PEDRO";38;63;700
"Trigo total";2017/18;JUJUY;"SAN PEDRO";38;63;400
"Trigo total";2018/19;JUJUY;"SAN PEDRO";38;63;500
"Trigo total";2019/20;JUJUY;"SAN PEDRO";38;63;700
"Trigo total";2020/21;JUJUY;"SAN PEDRO";38;63;768
"Trigo total";2021/22;JUJUY;"SAN PEDRO";38;63;1270
"Trigo total";2022/23;JUJUY;"SAN PEDRO";38;63;540
"Trigo total";2023/24;JUJUY;"SAN PEDRO";38;63;651
"Trigo total";2024/25;JUJUY;"SAN PEDRO";38;63;456
"Trigo total";2015/16;JUJUY;"SANTA BARBARA";38;70;3940
"Trigo total";2016/17;JUJUY;"SANTA BARBARA";38;70;4150
"Trigo total";2017/18;JUJUY;"SANTA BARBARA";38;70;1900
"Trigo total";2018/19;JUJUY;"SANTA BARBARA";38;70;1970
"Trigo total";2019/20;JUJUY;"SANTA BARBARA";38;70;2758
"Trigo total";2020/21;JUJUY;"SANTA BARBARA";38;70;2560
"Trigo total";2021/22;JUJUY;"SANTA BARBARA";38;70;3685
"Trigo total";2022/23;JUJUY;"SANTA BARBARA";38;70;900
"Trigo total";2023/24;JUJUY;"SANTA BARBARA";38;70;2520
"Trigo total";2024/25;JUJUY;"SANTA BARBARA";38;70;1710
"Trigo total";2024/25;JUJUY;"VALLE GRANDE";38;105;741
"Trigo total";2015/16;"LA PAMPA";ATREUCO;42;7;58280
"Trigo total";2016/17;"LA PAMPA";ATREUCO;42;7;47652
"Trigo total";2017/18;"LA PAMPA";ATREUCO;42;7;50600
"Trigo total";2018/19;"LA PAMPA";ATREUCO;42;7;60000
"Trigo total";2019/20;"LA PAMPA";ATREUCO;42;7;26520
"Trigo total";2020/21;"LA PAMPA";ATREUCO;42;7;83000
"Trigo total";2021/22;"LA PAMPA";ATREUCO;42;7;44345
"Trigo total";2022/23;"LA PAMPA";ATREUCO;42;7;58800
"Trigo total";2023/24;"LA PAMPA";ATREUCO;42;7;56160
"Trigo total";2024/25;"LA PAMPA";ATREUCO;42;7;52500
"Trigo total";2015/16;"LA PAMPA";CAPITAL;42;21;48870
"Trigo total";2016/17;"LA PAMPA";CAPITAL;42;21;69264
"Trigo total";2017/18;"LA PAMPA";CAPITAL;42;21;60480
"Trigo total";2018/19;"LA PAMPA";CAPITAL;42;21;63800
"Trigo total";2019/20;"LA PAMPA";CAPITAL;42;21;31020
"Trigo total";2020/21;"LA PAMPA";CAPITAL;42;21;81840
"Trigo total";2021/22;"LA PAMPA";CAPITAL;42;21;64285
"Trigo total";2022/23;"LA PAMPA";CAPITAL;42;21;51040
"Trigo total";2023/24;"LA PAMPA";CAPITAL;42;21;31460
"Trigo total";2024/25;"LA PAMPA";CAPITAL;42;21;32000
"Trigo total";2015/16;"LA PAMPA";CATRILO;42;28;25960
"Trigo total";2016/17;"LA PAMPA";CATRILO;42;28;55080
"Trigo total";2017/18;"LA PAMPA";CATRILO;42;28;13130
"Trigo total";2018/19;"LA PAMPA";CATRILO;42;28;43160
"Trigo total";2019/20;"LA PAMPA";CATRILO;42;28;20800
"Trigo total";2020/21;"LA PAMPA";CATRILO;42;28;54000
"Trigo total";2021/22;"LA PAMPA";CATRILO;42;28;50525
"Trigo total";2022/23;"LA PAMPA";CATRILO;42;28;32760
"Trigo total";2023/24;"LA PAMPA";CATRILO;42;28;21000
"Trigo total";2024/25;"LA PAMPA";CATRILO;42;28;30000
"Trigo total";2015/16;"LA PAMPA";CHAPALEUFU;42;56;18000
"Trigo total";2016/17;"LA PAMPA";CHAPALEUFU;42;56;80142
"Trigo total";2017/18;"LA PAMPA";CHAPALEUFU;42;56;13320
"Trigo total";2018/19;"LA PAMPA";CHAPALEUFU;42;56;25840
"Trigo total";2019/20;"LA PAMPA";CHAPALEUFU;42;56;48500
"Trigo total";2020/21;"LA PAMPA";CHAPALEUFU;42;56;42750
"Trigo total";2021/22;"LA PAMPA";CHAPALEUFU;42;56;49600
"Trigo total";2022/23;"LA PAMPA";CHAPALEUFU;42;56;33360
"Trigo total";2023/24;"LA PAMPA";CHAPALEUFU;42;56;21390
"Trigo total";2024/25;"LA PAMPA";CHAPALEUFU;42;56;21930
"Trigo total";2015/16;"LA PAMPA";CONHELO;42;35;56580
"Trigo total";2016/17;"LA PAMPA";CONHELO;42;35;120700
"Trigo total";2017/18;"LA PAMPA";CONHELO;42;35;83970
"Trigo total";2018/19;"LA PAMPA";CONHELO;42;35;114300
"Trigo total";2019/20;"LA PAMPA";CONHELO;42;35;50260
"Trigo total";2020/21;"LA PAMPA";CONHELO;42;35;66800
"Trigo total";2021/22;"LA PAMPA";CONHELO;42;35;93600
"Trigo total";2022/23;"LA PAMPA";CONHELO;42;35;24300
"Trigo total";2023/24;"LA PAMPA";CONHELO;42;35;65310
"Trigo total";2024/25;"LA PAMPA";CONHELO;42;35;39620
"Trigo total";2015/16;"LA PAMPA";GUATRACHE;42;70;72030
"Trigo total";2016/17;"LA PAMPA";GUATRACHE;42;70;64904
"Trigo total";2017/18;"LA PAMPA";GUATRACHE;42;70;86272
"Trigo total";2018/19;"LA PAMPA";GUATRACHE;42;70;108800
"Trigo total";2019/20;"LA PAMPA";GUATRACHE;42;70;34020
"Trigo total";2020/21;"LA PAMPA";GUATRACHE;42;70;135520
"Trigo total";2021/22;"LA PAMPA";GUATRACHE;42;70;67231
"Trigo total";2022/23;"LA PAMPA";GUATRACHE;42;70;54600
"Trigo total";2023/24;"LA PAMPA";GUATRACHE;42;70;138600
"Trigo total";2024/25;"LA PAMPA";GUATRACHE;42;70;117490
"Trigo total";2015/16;"LA PAMPA";HUCAL;42;77;38940
"Trigo total";2016/17;"LA PAMPA";HUCAL;42;77;94662
"Trigo total";2017/18;"LA PAMPA";HUCAL;42;77;76000
"Trigo total";2018/19;"LA PAMPA";HUCAL;42;77;66500
"Trigo total";2019/20;"LA PAMPA";HUCAL;42;77;26010
"Trigo total";2020/21;"LA PAMPA";HUCAL;42;77;49000
"Trigo total";2021/22;"LA PAMPA";HUCAL;42;77;19305
"Trigo total";2022/23;"LA PAMPA";HUCAL;42;77;19600
"Trigo total";2023/24;"LA PAMPA";HUCAL;42;77;46000
"Trigo total";2024/25;"LA PAMPA";HUCAL;42;77;46000
"Trigo total";2015/16;"LA PAMPA";MARACO;42;105;19750
"Trigo total";2016/17;"LA PAMPA";MARACO;42;105;49210
"Trigo total";2017/18;"LA PAMPA";MARACO;42;105;38488
"Trigo total";2018/19;"LA PAMPA";MARACO;42;105;90100
"Trigo total";2019/20;"LA PAMPA";MARACO;42;105;38410
"Trigo total";2020/21;"LA PAMPA";MARACO;42;105;48070
"Trigo total";2021/22;"LA PAMPA";MARACO;42;105;89600
"Trigo total";2022/23;"LA PAMPA";MARACO;42;105;63600
"Trigo total";2023/24;"LA PAMPA";MARACO;42;105;45080
"Trigo total";2024/25;"LA PAMPA";MARACO;42;105;17440
"Trigo total";2015/16;"LA PAMPA";"QUEMU QUEMU";42;119;21942
"Trigo total";2016/17;"LA PAMPA";"QUEMU QUEMU";42;119;66990
"Trigo total";2017/18;"LA PAMPA";"QUEMU QUEMU";42;119;35648
"Trigo total";2018/19;"LA PAMPA";"QUEMU QUEMU";42;119;25920
"Trigo total";2019/20;"LA PAMPA";"QUEMU QUEMU";42;119;16800
"Trigo total";2020/21;"LA PAMPA";"QUEMU QUEMU";42;119;29400
"Trigo total";2021/22;"LA PAMPA";"QUEMU QUEMU";42;119;54600
"Trigo total";2022/23;"LA PAMPA";"QUEMU QUEMU";42;119;25740
"Trigo total";2023/24;"LA PAMPA";"QUEMU QUEMU";42;119;44730
"Trigo total";2024/25;"LA PAMPA";"QUEMU QUEMU";42;119;22200
"Trigo total";2015/16;"LA PAMPA";RANCUL;42;126;44520
"Trigo total";2016/17;"LA PAMPA";RANCUL;42;126;124310
"Trigo total";2017/18;"LA PAMPA";RANCUL;42;126;47925
"Trigo total";2018/19;"LA PAMPA";RANCUL;42;126;111900
"Trigo total";2019/20;"LA PAMPA";RANCUL;42;126;13050
"Trigo total";2020/21;"LA PAMPA";RANCUL;42;126;10880
"Trigo total";2021/22;"LA PAMPA";RANCUL;42;126;45630
"Trigo total";2022/23;"LA PAMPA";RANCUL;42;126;6120
"Trigo total";2023/24;"LA PAMPA";RANCUL;42;126;18000
"Trigo total";2024/25;"LA PAMPA";RANCUL;42;126;10450
"Trigo total";2015/16;"LA PAMPA";REALICO;42;133;48620
"Trigo total";2016/17;"LA PAMPA";REALICO;42;133;77622
"Trigo total";2017/18;"LA PAMPA";REALICO;42;133;22380
"Trigo total";2018/19;"LA PAMPA";REALICO;42;133;57600
"Trigo total";2019/20;"LA PAMPA";REALICO;42;133;31840
"Trigo total";2020/21;"LA PAMPA";REALICO;42;133;34800
"Trigo total";2021/22;"LA PAMPA";REALICO;42;133;71120
"Trigo total";2022/23;"LA PAMPA";REALICO;42;133;17800
"Trigo total";2023/24;"LA PAMPA";REALICO;42;133;19600
"Trigo total";2024/25;"LA PAMPA";REALICO;42;133;23850
"Trigo total";2015/16;"LA PAMPA";TOAY;42;140;18430
"Trigo total";2016/17;"LA PAMPA";TOAY;42;140;19404
"Trigo total";2017/18;"LA PAMPA";TOAY;42;140;46032
"Trigo total";2018/19;"LA PAMPA";TOAY;42;140;40680
"Trigo total";2019/20;"LA PAMPA";TOAY;42;140;14400
"Trigo total";2020/21;"LA PAMPA";TOAY;42;140;62600
"Trigo total";2021/22;"LA PAMPA";TOAY;42;140;16283
"Trigo total";2022/23;"LA PAMPA";TOAY;42;140;24000
"Trigo total";2023/24;"LA PAMPA";TOAY;42;140;12000
"Trigo total";2024/25;"LA PAMPA";TOAY;42;140;15000
"Trigo total";2015/16;"LA PAMPA";TRENEL;42;147;45320
"Trigo total";2016/17;"LA PAMPA";TRENEL;42;147;70770
"Trigo total";2017/18;"LA PAMPA";TRENEL;42;147;50382
"Trigo total";2018/19;"LA PAMPA";TRENEL;42;147;43780
"Trigo total";2019/20;"LA PAMPA";TRENEL;42;147;21240
"Trigo total";2020/21;"LA PAMPA";TRENEL;42;147;37080
"Trigo total";2021/22;"LA PAMPA";TRENEL;42;147;55620
"Trigo total";2022/23;"LA PAMPA";TRENEL;42;147;22500
"Trigo total";2023/24;"LA PAMPA";TRENEL;42;147;33840
"Trigo total";2024/25;"LA PAMPA";TRENEL;42;147;21890
"Trigo total";2015/16;"LA PAMPA";UTRACAN;42;154;30120
"Trigo total";2016/17;"LA PAMPA";UTRACAN;42;154;30723
"Trigo total";2017/18;"LA PAMPA";UTRACAN;42;154;16944
"Trigo total";2018/19;"LA PAMPA";UTRACAN;42;154;18900
"Trigo total";2019/20;"LA PAMPA";UTRACAN;42;154;8100
"Trigo total";2020/21;"LA PAMPA";UTRACAN;42;154;17400
"Trigo total";2021/22;"LA PAMPA";UTRACAN;42;154;3744
"Trigo total";2022/23;"LA PAMPA";UTRACAN;42;154;2000
"Trigo total";2023/24;"LA PAMPA";UTRACAN;42;154;10000
"Trigo total";2024/25;"LA PAMPA";UTRACAN;42;154;9000
"Trigo total";2015/16;SALTA;ANTA;66;7;81330
"Trigo total";2016/17;SALTA;ANTA;66;7;50354
"Trigo total";2017/18;SALTA;ANTA;66;7;79440
"Trigo total";2018/19;SALTA;ANTA;66;7;41034
"Trigo total";2019/20;SALTA;ANTA;66;7;84177
"Trigo total";2020/21;SALTA;ANTA;66;7;57405
"Trigo total";2021/22;SALTA;ANTA;66;7;48504
"Trigo total";2022/23;SALTA;ANTA;66;7;37895
"Trigo total";2023/24;SALTA;ANTA;66;7;28681
"Trigo total";2024/25;SALTA;ANTA;66;7;48803
"Trigo total";2015/16;SALTA;CAPITAL;66;28;100
"Trigo total";2016/17;SALTA;CAPITAL;66;28;1058
"Trigo total";2017/18;SALTA;CAPITAL;66;28;1050
"Trigo total";2018/19;SALTA;CAPITAL;66;28;1400
"Trigo total";2019/20;SALTA;CAPITAL;66;28;1400
"Trigo total";2020/21;SALTA;CAPITAL;66;28;1330
"Trigo total";2021/22;SALTA;CAPITAL;66;28;429
"Trigo total";2022/23;SALTA;CAPITAL;66;28;298
"Trigo total";2023/24;SALTA;CAPITAL;66;28;110
"Trigo total";2024/25;SALTA;CAPITAL;66;28;276
"Trigo total";2015/16;SALTA;CERRILLOS;66;35;360
"Trigo total";2016/17;SALTA;CERRILLOS;66;35;418
"Trigo total";2017/18;SALTA;CERRILLOS;66;35;540
"Trigo total";2018/19;SALTA;CERRILLOS;66;35;600
"Trigo total";2019/20;SALTA;CERRILLOS;66;35;600
"Trigo total";2020/21;SALTA;CERRILLOS;66;35;364
"Trigo total";2021/22;SALTA;CERRILLOS;66;35;792
"Trigo total";2022/23;SALTA;CERRILLOS;66;35;690
"Trigo total";2023/24;SALTA;CERRILLOS;66;35;220
"Trigo total";2024/25;SALTA;CERRILLOS;66;35;180
"Trigo total";2015/16;SALTA;CHICOANA;66;42;580
"Trigo total";2016/17;SALTA;CHICOANA;66;42;736
"Trigo total";2017/18;SALTA;CHICOANA;66;42;850
"Trigo total";2018/19;SALTA;CHICOANA;66;42;1000
"Trigo total";2019/20;SALTA;CHICOANA;66;42;1100
"Trigo total";2020/21;SALTA;CHICOANA;66;42;350
"Trigo total";2021/22;SALTA;CHICOANA;66;42;396
"Trigo total";2022/23;SALTA;CHICOANA;66;42;506
"Trigo total";2023/24;SALTA;CHICOANA;66;42;450
"Trigo total";2024/25;SALTA;CHICOANA;66;42;768
"Trigo total";2015/16;SALTA;"GENERAL GUEMES";66;49;850
"Trigo total";2016/17;SALTA;"GENERAL GUEMES";66;49;897
"Trigo total";2017/18;SALTA;"GENERAL GUEMES";66;49;960
"Trigo total";2018/19;SALTA;"GENERAL GUEMES";66;49;1080
"Trigo total";2019/20;SALTA;"GENERAL GUEMES";66;49;1080
"Trigo total";2020/21;SALTA;"GENERAL GUEMES";66;49;177
"Trigo total";2021/22;SALTA;"GENERAL GUEMES";66;49;488
"Trigo total";2022/23;SALTA;"GENERAL GUEMES";66;49;724
"Trigo total";2023/24;SALTA;"GENERAL GUEMES";66;49;135
"Trigo total";2024/25;SALTA;"GENERAL GUEMES";66;49;171
"Trigo total";2015/16;SALTA;"GENERAL JOSE DE SAN MARTIN";66;56;10160
"Trigo total";2016/17;SALTA;"GENERAL JOSE DE SAN MARTIN";66;56;2770
"Trigo total";2017/18;SALTA;"GENERAL JOSE DE SAN MARTIN";66;56;13328
"Trigo total";2018/19;SALTA;"GENERAL JOSE DE SAN MARTIN";66;56;13328
"Trigo total";2019/20;SALTA;"GENERAL JOSE DE SAN MARTIN";66;56;14000
"Trigo total";2020/21;SALTA;"GENERAL JOSE DE SAN MARTIN";66;56;10325
"Trigo total";2021/22;SALTA;"GENERAL JOSE DE SAN MARTIN";66;56;19624
"Trigo total";2022/23;SALTA;"GENERAL JOSE DE SAN MARTIN";66;56;8468
"Trigo total";2023/24;SALTA;"GENERAL JOSE DE SAN MARTIN";66;56;3242
"Trigo total";2024/25;SALTA;"GENERAL JOSE DE SAN MARTIN";66;56;6600
"Trigo total";2020/21;SALTA;"LA CALDERA";66;77;25
"Trigo total";2021/22;SALTA;"LA CALDERA";66;77;28
"Trigo total";2022/23;SALTA;"LA CALDERA";66;77;45
"Trigo total";2023/24;SALTA;"LA CALDERA";66;77;36
"Trigo total";2024/25;SALTA;"LA CALDERA";66;77;102
"Trigo total";2015/16;SALTA;"LA CANDELARIA";66;84;600
"Trigo total";2016/17;SALTA;"LA CANDELARIA";66;84;304
"Trigo total";2017/18;SALTA;"LA CANDELARIA";66;84;300
"Trigo total";2018/19;SALTA;"LA CANDELARIA";66;84;270
"Trigo total";2019/20;SALTA;"LA CANDELARIA";66;84;270
"Trigo total";2020/21;SALTA;"LA CANDELARIA";66;84;48
"Trigo total";2021/22;SALTA;"LA CANDELARIA";66;84;584
"Trigo total";2022/23;SALTA;"LA CANDELARIA";66;84;1020
"Trigo total";2023/24;SALTA;"LA CANDELARIA";66;84;1020
"Trigo total";2024/25;SALTA;"LA CANDELARIA";66;84;1100
"Trigo total";2023/24;SALTA;"LA POMA";66;91;581
"Trigo total";2015/16;SALTA;"LA VINA";66;98;90
"Trigo total";2016/17;SALTA;"LA VINA";66;98;132
"Trigo total";2017/18;SALTA;"LA VINA";66;98;150
"Trigo total";2018/19;SALTA;"LA VINA";66;98;200
"Trigo total";2019/20;SALTA;"LA VINA";66;98;200
"Trigo total";2020/21;SALTA;"LA VINA";66;98;55
"Trigo total";2021/22;SALTA;"LA VINA";66;98;50
"Trigo total";2022/23;SALTA;"LA VINA";66;98;43
"Trigo total";2023/24;SALTA;"LA VINA";66;98;38
"Trigo total";2024/25;SALTA;"LA VINA";66;98;60
"Trigo total";2015/16;SALTA;METAN;66;112;10000
"Trigo total";2016/17;SALTA;METAN;66;112;13146
"Trigo total";2017/18;SALTA;METAN;66;112;9840
"Trigo total";2018/19;SALTA;METAN;66;112;8712
"Trigo total";2019/20;SALTA;METAN;66;112;12656
"Trigo total";2020/21;SALTA;METAN;66;112;10440
"Trigo total";2021/22;SALTA;METAN;66;112;8987
"Trigo total";2022/23;SALTA;METAN;66;112;9098
"Trigo total";2023/24;SALTA;METAN;66;112;7400
"Trigo total";2024/25;SALTA;METAN;66;112;8888
"Trigo total";2015/16;SALTA;ORAN;66;126;3710
"Trigo total";2016/17;SALTA;ORAN;66;126;190
"Trigo total";2017/18;SALTA;ORAN;66;126;2408
"Trigo total";2018/19;SALTA;ORAN;66;126;2769
"Trigo total";2019/20;SALTA;ORAN;66;126;2880
"Trigo total";2020/21;SALTA;ORAN;66;126;2640
"Trigo total";2021/22;SALTA;ORAN;66;126;7360
"Trigo total";2022/23;SALTA;ORAN;66;126;4109
"Trigo total";2023/24;SALTA;ORAN;66;126;1960
"Trigo total";2024/25;SALTA;ORAN;66;126;4700
"Trigo total";2022/23;SALTA;RIVADAVIA;66;133;195
"Trigo total";2023/24;SALTA;RIVADAVIA;66;133;105
"Trigo total";2024/25;SALTA;RIVADAVIA;66;133;1265
"Trigo total";2015/16;SALTA;"ROSARIO DE LA FRONTERA";66;140;23010
"Trigo total";2016/17;SALTA;"ROSARIO DE LA FRONTERA";66;140;18720
"Trigo total";2017/18;SALTA;"ROSARIO DE LA FRONTERA";66;140;14220
"Trigo total";2018/19;SALTA;"ROSARIO DE LA FRONTERA";66;140;7110
"Trigo total";2019/20;SALTA;"ROSARIO DE LA FRONTERA";66;140;10618
"Trigo total";2020/21;SALTA;"ROSARIO DE LA FRONTERA";66;140;6143
"Trigo total";2021/22;SALTA;"ROSARIO DE LA FRONTERA";66;140;8027
"Trigo total";2022/23;SALTA;"ROSARIO DE LA FRONTERA";66;140;6238
"Trigo total";2023/24;SALTA;"ROSARIO DE LA FRONTERA";66;140;8283
"Trigo total";2024/25;SALTA;"ROSARIO DE LA FRONTERA";66;140;5500
"Trigo total";2015/16;SALTA;"ROSARIO DE LERMA";66;147;320
"Trigo total";2016/17;SALTA;"ROSARIO DE LERMA";66;147;456
"Trigo total";2017/18;SALTA;"ROSARIO DE LERMA";66;147;480
"Trigo total";2018/19;SALTA;"ROSARIO DE LERMA";66;147;600
"Trigo total";2019/20;SALTA;"ROSARIO DE LERMA";66;147;720
"Trigo total";2020/21;SALTA;"ROSARIO DE LERMA";66;147;210
"Trigo total";2021/22;SALTA;"ROSARIO DE LERMA";66;147;360
"Trigo total";2022/23;SALTA;"ROSARIO DE LERMA";66;147;644
"Trigo total";2023/24;SALTA;"ROSARIO DE LERMA";66;147;132
"Trigo total";2024/25;SALTA;"ROSARIO DE LERMA";66;147;252
"Trigo total";2015/16;"SAN LUIS";AYACUCHO;74;7;4920
"Trigo total";2016/17;"SAN LUIS";AYACUCHO;74;7;8040
"Trigo total";2017/18;"SAN LUIS";AYACUCHO;74;7;8700
"Trigo total";2018/19;"SAN LUIS";AYACUCHO;74;7;10200
"Trigo total";2019/20;"SAN LUIS";AYACUCHO;74;7;12700
"Trigo total";2020/21;"SAN LUIS";AYACUCHO;74;7;7480
"Trigo total";2021/22;"SAN LUIS";AYACUCHO;74;7;19310
"Trigo total";2022/23;"SAN LUIS";AYACUCHO;74;7;9020
"Trigo total";2023/24;"SAN LUIS";AYACUCHO;74;7;15630
"Trigo total";2024/25;"SAN LUIS";AYACUCHO;74;7;21930
"Trigo total";2016/17;"SAN LUIS";CHACABUCO;74;28;805
"Trigo total";2017/18;"SAN LUIS";CHACABUCO;74;28;1680
"Trigo total";2018/19;"SAN LUIS";CHACABUCO;74;28;600
"Trigo total";2019/20;"SAN LUIS";CHACABUCO;74;28;600
"Trigo total";2020/21;"SAN LUIS";CHACABUCO;74;28;385
"Trigo total";2021/22;"SAN LUIS";CHACABUCO;74;28;1620
"Trigo total";2022/23;"SAN LUIS";CHACABUCO;74;28;480
"Trigo total";2023/24;"SAN LUIS";CHACABUCO;74;28;440
"Trigo total";2024/25;"SAN LUIS";CHACABUCO;74;28;1020
"Trigo total";2015/16;"SAN LUIS";"CORONEL PRINGLES";74;21;870
"Trigo total";2016/17;"SAN LUIS";"CORONEL PRINGLES";74;21;2646
"Trigo total";2017/18;"SAN LUIS";"CORONEL PRINGLES";74;21;2210
"Trigo total";2018/19;"SAN LUIS";"CORONEL PRINGLES";74;21;1320
"Trigo total";2019/20;"SAN LUIS";"CORONEL PRINGLES";74;21;735
"Trigo total";2020/21;"SAN LUIS";"CORONEL PRINGLES";74;21;280
"Trigo total";2021/22;"SAN LUIS";"CORONEL PRINGLES";74;21;1890
"Trigo total";2022/23;"SAN LUIS";"CORONEL PRINGLES";74;21;1000
"Trigo total";2023/24;"SAN LUIS";"CORONEL PRINGLES";74;21;1440
"Trigo total";2024/25;"SAN LUIS";"CORONEL PRINGLES";74;21;1710
"Trigo total";2015/16;"SAN LUIS";"GENERAL PEDERNERA";74;35;31590
"Trigo total";2016/17;"SAN LUIS";"GENERAL PEDERNERA";74;35;36150
"Trigo total";2017/18;"SAN LUIS";"GENERAL PEDERNERA";74;35;46150
"Trigo total";2018/19;"SAN LUIS";"GENERAL PEDERNERA";74;35;5500
"Trigo total";2019/20;"SAN LUIS";"GENERAL PEDERNERA";74;35;4900
"Trigo total";2020/21;"SAN LUIS";"GENERAL PEDERNERA";74;35;780
"Trigo total";2021/22;"SAN LUIS";"GENERAL PEDERNERA";74;35;2310
"Trigo total";2022/23;"SAN LUIS";"GENERAL PEDERNERA";74;35;420
"Trigo total";2023/24;"SAN LUIS";"GENERAL PEDERNERA";74;35;405
"Trigo total";2024/25;"SAN LUIS";"GENERAL PEDERNERA";74;35;1650
"Trigo total";2016/17;"SAN LUIS";"GOBERNADOR DUPUY";74;42;6280
"Trigo total";2017/18;"SAN LUIS";"GOBERNADOR DUPUY";74;42;10773
"Trigo total";2018/19;"SAN LUIS";"GOBERNADOR DUPUY";74;42;4940
"Trigo total";2019/20;"SAN LUIS";"GOBERNADOR DUPUY";74;42;14700
"Trigo total";2020/21;"SAN LUIS";"GOBERNADOR DUPUY";74;42;2520
"Trigo total";2021/22;"SAN LUIS";"GOBERNADOR DUPUY";74;42;7820
"Trigo total";2022/23;"SAN LUIS";"GOBERNADOR DUPUY";74;42;500
"Trigo total";2023/24;"SAN LUIS";"GOBERNADOR DUPUY";74;42;1400
"Trigo total";2024/25;"SAN LUIS";"GOBERNADOR DUPUY";74;42;1260
"Trigo total";2015/16;"SAN LUIS";"JUAN MARTIN DE PUEYRREDON";74;56;380
"Trigo total";2016/17;"SAN LUIS";"JUAN MARTIN DE PUEYRREDON";74;56;1404
"Trigo total";2017/18;"SAN LUIS";"JUAN MARTIN DE PUEYRREDON";74;56;1500
"Trigo total";2018/19;"SAN LUIS";"JUAN MARTIN DE PUEYRREDON";74;56;650
"Trigo total";2019/20;"SAN LUIS";"JUAN MARTIN DE PUEYRREDON";74;56;1050
"Trigo total";2020/21;"SAN LUIS";"JUAN MARTIN DE PUEYRREDON";74;56;400
"Trigo total";2021/22;"SAN LUIS";"JUAN MARTIN DE PUEYRREDON";74;56;420
"Trigo total";2022/23;"SAN LUIS";"JUAN MARTIN DE PUEYRREDON";74;56;140
"Trigo total";2023/24;"SAN LUIS";"JUAN MARTIN DE PUEYRREDON";74;56;150
"Trigo total";2024/25;"SAN LUIS";"JUAN MARTIN DE PUEYRREDON";74;56;225
"Trigo total";2015/16;"SAN LUIS";JUNIN;74;49;370
"Trigo total";2016/17;"SAN LUIS";JUNIN;74;49;595
"Trigo total";2017/18;"SAN LUIS";JUNIN;74;49;1260
"Trigo total";2018/19;"SAN LUIS";JUNIN;74;49;480
"Trigo total";2019/20;"SAN LUIS";JUNIN;74;49;2465
"Trigo total";2020/21;"SAN LUIS";JUNIN;74;49;5320
"Trigo total";2021/22;"SAN LUIS";JUNIN;74;49;9650
"Trigo total";2022/23;"SAN LUIS";JUNIN;74;49;2690
"Trigo total";2023/24;"SAN LUIS";JUNIN;74;49;3120
"Trigo total";2024/25;"SAN LUIS";JUNIN;74;49;11730
"Trigo total";2016/17;"SAN LUIS";"LIBERTADOR GENERAL SAN MARTIN";74;63;240
"Trigo total";2020/21;"SAN LUIS";"LIBERTADOR GENERAL SAN MARTIN";74;63;275
"Trigo total";2015/16;"SANTA FE";"9 DE JULIO";82;77;180250
"Trigo total";2016/17;"SANTA FE";"9 DE JULIO";82;77;210168
"Trigo total";2017/18;"SANTA FE";"9 DE JULIO";82;77;242840
"Trigo total";2018/19;"SANTA FE";"9 DE JULIO";82;77;317900
"Trigo total";2019/20;"SANTA FE";"9 DE JULIO";82;77;233750
"Trigo total";2020/21;"SANTA FE";"9 DE JULIO";82;77;227070
"Trigo total";2021/22;"SANTA FE";"9 DE JULIO";82;77;150110
"Trigo total";2022/23;"SANTA FE";"9 DE JULIO";82;77;18700
"Trigo total";2023/24;"SANTA FE";"9 DE JULIO";82;77;47850
"Trigo total";2024/25;"SANTA FE";"9 DE JULIO";82;77;144720
"Trigo total";2015/16;"SANTA FE";BELGRANO;82;7;94370
"Trigo total";2016/17;"SANTA FE";BELGRANO;82;7;129012
"Trigo total";2017/18;"SANTA FE";BELGRANO;82;7;216644
"Trigo total";2018/19;"SANTA FE";BELGRANO;82;7;139698
"Trigo total";2019/20;"SANTA FE";BELGRANO;82;7;203500
"Trigo total";2020/21;"SANTA FE";BELGRANO;82;7;78480
"Trigo total";2021/22;"SANTA FE";BELGRANO;82;7;251185
"Trigo total";2022/23;"SANTA FE";BELGRANO;82;7;89790
"Trigo total";2023/24;"SANTA FE";BELGRANO;82;7;138295
"Trigo total";2024/25;"SANTA FE";BELGRANO;82;7;165277
"Trigo total";2015/16;"SANTA FE";CASEROS;82;14;56090
"Trigo total";2016/17;"SANTA FE";CASEROS;82;14;154140
"Trigo total";2017/18;"SANTA FE";CASEROS;82;14;174548
"Trigo total";2018/19;"SANTA FE";CASEROS;82;14;138334
"Trigo total";2019/20;"SANTA FE";CASEROS;82;14;191880
"Trigo total";2020/21;"SANTA FE";CASEROS;82;14;101890
"Trigo total";2021/22;"SANTA FE";CASEROS;82;14;228000
"Trigo total";2022/23;"SANTA FE";CASEROS;82;14;40546
"Trigo total";2023/24;"SANTA FE";CASEROS;82;14;136000
"Trigo total";2024/25;"SANTA FE";CASEROS;82;14;172800
"Trigo total";2015/16;"SANTA FE";CASTELLANOS;82;21;251080
"Trigo total";2016/17;"SANTA FE";CASTELLANOS;82;21;235170
"Trigo total";2017/18;"SANTA FE";CASTELLANOS;82;21;412005
"Trigo total";2018/19;"SANTA FE";CASTELLANOS;82;21;387028
"Trigo total";2019/20;"SANTA FE";CASTELLANOS;82;21;505500
"Trigo total";2020/21;"SANTA FE";CASTELLANOS;82;21;332460
"Trigo total";2021/22;"SANTA FE";CASTELLANOS;82;21;709074
"Trigo total";2022/23;"SANTA FE";CASTELLANOS;82;21;342990
"Trigo total";2023/24;"SANTA FE";CASTELLANOS;82;21;401100
"Trigo total";2024/25;"SANTA FE";CASTELLANOS;82;21;442200
"Trigo total";2015/16;"SANTA FE";CONSTITUCION;82;28;81040
"Trigo total";2016/17;"SANTA FE";CONSTITUCION;82;28;183690
"Trigo total";2017/18;"SANTA FE";CONSTITUCION;82;28;175193
"Trigo total";2018/19;"SANTA FE";CONSTITUCION;82;28;176055
"Trigo total";2019/20;"SANTA FE";CONSTITUCION;82;28;216820
"Trigo total";2020/21;"SANTA FE";CONSTITUCION;82;28;138000
"Trigo total";2021/22;"SANTA FE";CONSTITUCION;82;28;221760
"Trigo total";2022/23;"SANTA FE";CONSTITUCION;82;28;30606
"Trigo total";2023/24;"SANTA FE";CONSTITUCION;82;28;156000
"Trigo total";2024/25;"SANTA FE";CONSTITUCION;82;28;188700
"Trigo total";2020/21;"SANTA FE";GARAY;82;35;2860
"Trigo total";2021/22;"SANTA FE";GARAY;82;35;4480
"Trigo total";2022/23;"SANTA FE";GARAY;82;35;1950
"Trigo total";2023/24;"SANTA FE";GARAY;82;35;2640
"Trigo total";2024/25;"SANTA FE";GARAY;82;35;3510
"Trigo total";2015/16;"SANTA FE";"GENERAL LOPEZ";82;42;341010
"Trigo total";2016/17;"SANTA FE";"GENERAL LOPEZ";82;42;542015
"Trigo total";2017/18;"SANTA FE";"GENERAL LOPEZ";82;42;295152
"Trigo total";2018/19;"SANTA FE";"GENERAL LOPEZ";82;42;670866
"Trigo total";2019/20;"SANTA FE";"GENERAL LOPEZ";82;42;604580
"Trigo total";2020/21;"SANTA FE";"GENERAL LOPEZ";82;42;650520
"Trigo total";2021/22;"SANTA FE";"GENERAL LOPEZ";82;42;1063118
"Trigo total";2022/23;"SANTA FE";"GENERAL LOPEZ";82;42;229500
"Trigo total";2023/24;"SANTA FE";"GENERAL LOPEZ";82;42;420000
"Trigo total";2024/25;"SANTA FE";"GENERAL LOPEZ";82;42;475875
"Trigo total";2015/16;"SANTA FE";"GENERAL OBLIGADO";82;49;99940
"Trigo total";2016/17;"SANTA FE";"GENERAL OBLIGADO";82;49;76142
"Trigo total";2017/18;"SANTA FE";"GENERAL OBLIGADO";82;49;64158
"Trigo total";2018/19;"SANTA FE";"GENERAL OBLIGADO";82;49;91200
"Trigo total";2019/20;"SANTA FE";"GENERAL OBLIGADO";82;49;88550
"Trigo total";2020/21;"SANTA FE";"GENERAL OBLIGADO";82;49;39840
"Trigo total";2021/22;"SANTA FE";"GENERAL OBLIGADO";82;49;81440
"Trigo total";2022/23;"SANTA FE";"GENERAL OBLIGADO";82;49;125760
"Trigo total";2023/24;"SANTA FE";"GENERAL OBLIGADO";82;49;88200
"Trigo total";2024/25;"SANTA FE";"GENERAL OBLIGADO";82;49;95000
"Trigo total";2015/16;"SANTA FE";IRIONDO;82;56;104510
"Trigo total";2016/17;"SANTA FE";IRIONDO;82;56;207909
"Trigo total";2017/18;"SANTA FE";IRIONDO;82;56;237198
"Trigo total";2018/19;"SANTA FE";IRIONDO;82;56;166725
"Trigo total";2019/20;"SANTA FE";IRIONDO;82;56;273600
"Trigo total";2020/21;"SANTA FE";IRIONDO;82;56;114300
"Trigo total";2021/22;"SANTA FE";IRIONDO;82;56;282902
"Trigo total";2022/23;"SANTA FE";IRIONDO;82;56;116500
"Trigo total";2023/24;"SANTA FE";IRIONDO;82;56;184436
"Trigo total";2024/25;"SANTA FE";IRIONDO;82;56;230670
"Trigo total";2015/16;"SANTA FE";"LA CAPITAL";82;63;7920
"Trigo total";2016/17;"SANTA FE";"LA CAPITAL";82;63;26042
"Trigo total";2017/18;"SANTA FE";"LA CAPITAL";82;63;25000
"Trigo total";2018/19;"SANTA FE";"LA CAPITAL";82;63;31200
"Trigo total";2019/20;"SANTA FE";"LA CAPITAL";82;63;25650
"Trigo total";2020/21;"SANTA FE";"LA CAPITAL";82;63;51396
"Trigo total";2021/22;"SANTA FE";"LA CAPITAL";82;63;76300
"Trigo total";2022/23;"SANTA FE";"LA CAPITAL";82;63;45500
"Trigo total";2023/24;"SANTA FE";"LA CAPITAL";82;63;38880
"Trigo total";2024/25;"SANTA FE";"LA CAPITAL";82;63;52380
"Trigo total";2015/16;"SANTA FE";"LAS COLONIAS";82;70;133980
"Trigo total";2016/17;"SANTA FE";"LAS COLONIAS";82;70;249120
"Trigo total";2017/18;"SANTA FE";"LAS COLONIAS";82;70;249508
"Trigo total";2018/19;"SANTA FE";"LAS COLONIAS";82;70;297139
"Trigo total";2019/20;"SANTA FE";"LAS COLONIAS";82;70;352800
"Trigo total";2020/21;"SANTA FE";"LAS COLONIAS";82;70;200820
"Trigo total";2021/22;"SANTA FE";"LAS COLONIAS";82;70;493434
"Trigo total";2022/23;"SANTA FE";"LAS COLONIAS";82;70;214500
"Trigo total";2023/24;"SANTA FE";"LAS COLONIAS";82;70;283150
"Trigo total";2024/25;"SANTA FE";"LAS COLONIAS";82;70;354000
"Trigo total";2015/16;"SANTA FE";ROSARIO;82;84;44100
"Trigo total";2016/17;"SANTA FE";ROSARIO;82;84;106600
"Trigo total";2017/18;"SANTA FE";ROSARIO;82;84;141986
"Trigo total";2018/19;"SANTA FE";ROSARIO;82;84;103684
"Trigo total";2019/20;"SANTA FE";ROSARIO;82;84;136530
"Trigo total";2020/21;"SANTA FE";ROSARIO;82;84;81180
"Trigo total";2021/22;"SANTA FE";ROSARIO;82;84;99840
"Trigo total";2022/23;"SANTA FE";ROSARIO;82;84;11550
"Trigo total";2023/24;"SANTA FE";ROSARIO;82;84;96000
"Trigo total";2024/25;"SANTA FE";ROSARIO;82;84;99900
"Trigo total";2015/16;"SANTA FE";"SAN CRISTOBAL";82;91;11960
"Trigo total";2016/17;"SANTA FE";"SAN CRISTOBAL";82;91;50316
"Trigo total";2017/18;"SANTA FE";"SAN CRISTOBAL";82;91;50000
"Trigo total";2018/19;"SANTA FE";"SAN CRISTOBAL";82;91;73360
"Trigo total";2019/20;"SANTA FE";"SAN CRISTOBAL";82;91;336150
"Trigo total";2020/21;"SANTA FE";"SAN CRISTOBAL";82;91;121400
"Trigo total";2021/22;"SANTA FE";"SAN CRISTOBAL";82;91;345545
"Trigo total";2022/23;"SANTA FE";"SAN CRISTOBAL";82;91;104520
"Trigo total";2023/24;"SANTA FE";"SAN CRISTOBAL";82;91;116610
"Trigo total";2024/25;"SANTA FE";"SAN CRISTOBAL";82;91;222300
"Trigo total";2015/16;"SANTA FE";"SAN JAVIER";82;98;4080
"Trigo total";2016/17;"SANTA FE";"SAN JAVIER";82;98;7236
"Trigo total";2017/18;"SANTA FE";"SAN JAVIER";82;98;8000
"Trigo total";2018/19;"SANTA FE";"SAN JAVIER";82;98;14000
"Trigo total";2019/20;"SANTA FE";"SAN JAVIER";82;98;12000
"Trigo total";2020/21;"SANTA FE";"SAN JAVIER";82;98;9000
"Trigo total";2021/22;"SANTA FE";"SAN JAVIER";82;98;14000
"Trigo total";2022/23;"SANTA FE";"SAN JAVIER";82;98;40300
"Trigo total";2023/24;"SANTA FE";"SAN JAVIER";82;98;20330
"Trigo total";2024/25;"SANTA FE";"SAN JAVIER";82;98;25270
"Trigo total";2015/16;"SANTA FE";"SAN JERONIMO";82;105;157980
"Trigo total";2016/17;"SANTA FE";"SAN JERONIMO";82;105;227185
"Trigo total";2017/18;"SANTA FE";"SAN JERONIMO";82;105;264705
"Trigo total";2018/19;"SANTA FE";"SAN JERONIMO";82;105;216020
"Trigo total";2019/20;"SANTA FE";"SAN JERONIMO";82;105;273000
"Trigo total";2020/21;"SANTA FE";"SAN JERONIMO";82;105;97740
"Trigo total";2021/22;"SANTA FE";"SAN JERONIMO";82;105;286238
"Trigo total";2022/23;"SANTA FE";"SAN JERONIMO";82;105;106517
"Trigo total";2023/24;"SANTA FE";"SAN JERONIMO";82;105;179245
"Trigo total";2024/25;"SANTA FE";"SAN JERONIMO";82;105;162513
"Trigo total";2015/16;"SANTA FE";"SAN JUSTO";82;112;15390
"Trigo total";2016/17;"SANTA FE";"SAN JUSTO";82;112;78184
"Trigo total";2017/18;"SANTA FE";"SAN JUSTO";82;112;72000
"Trigo total";2018/19;"SANTA FE";"SAN JUSTO";82;112;94550
"Trigo total";2019/20;"SANTA FE";"SAN JUSTO";82;112;123200
"Trigo total";2020/21;"SANTA FE";"SAN JUSTO";82;112;117360
"Trigo total";2021/22;"SANTA FE";"SAN JUSTO";82;112;204222
"Trigo total";2022/23;"SANTA FE";"SAN JUSTO";82;112;134400
"Trigo total";2023/24;"SANTA FE";"SAN JUSTO";82;112;122880
"Trigo total";2024/25;"SANTA FE";"SAN JUSTO";82;112;157180
"Trigo total";2015/16;"SANTA FE";"SAN LORENZO";82;119;61980
"Trigo total";2016/17;"SANTA FE";"SAN LORENZO";82;119;132600
"Trigo total";2017/18;"SANTA FE";"SAN LORENZO";82;119;214398
"Trigo total";2018/19;"SANTA FE";"SAN LORENZO";82;119;114184
"Trigo total";2019/20;"SANTA FE";"SAN LORENZO";82;119;157170
"Trigo total";2020/21;"SANTA FE";"SAN LORENZO";82;119;86900
"Trigo total";2021/22;"SANTA FE";"SAN LORENZO";82;119;180000
"Trigo total";2022/23;"SANTA FE";"SAN LORENZO";82;119;37497
"Trigo total";2023/24;"SANTA FE";"SAN LORENZO";82;119;108000
"Trigo total";2024/25;"SANTA FE";"SAN LORENZO";82;119;125800
"Trigo total";2015/16;"SANTA FE";"SAN MARTIN";82;126;222530
"Trigo total";2016/17;"SANTA FE";"SAN MARTIN";82;126;277848
"Trigo total";2017/18;"SANTA FE";"SAN MARTIN";82;126;408406
"Trigo total";2018/19;"SANTA FE";"SAN MARTIN";82;126;253550
"Trigo total";2019/20;"SANTA FE";"SAN MARTIN";82;126;433796
"Trigo total";2020/21;"SANTA FE";"SAN MARTIN";82;126;189684
"Trigo total";2021/22;"SANTA FE";"SAN MARTIN";82;126;312896
"Trigo total";2022/23;"SANTA FE";"SAN MARTIN";82;126;203848
"Trigo total";2023/24;"SANTA FE";"SAN MARTIN";82;126;209524
"Trigo total";2024/25;"SANTA FE";"SAN MARTIN";82;126;349717
"Trigo total";2015/16;"SANTA FE";VERA;82;133;4000
"Trigo total";2016/17;"SANTA FE";VERA;82;133;17950
"Trigo total";2017/18;"SANTA FE";VERA;82;133;14400
"Trigo total";2018/19;"SANTA FE";VERA;82;133;19200
"Trigo total";2019/20;"SANTA FE";VERA;82;133;18400
"Trigo total";2020/21;"SANTA FE";VERA;82;133;17220
"Trigo total";2021/22;"SANTA FE";VERA;82;133;26000
"Trigo total";2022/23;"SANTA FE";VERA;82;133;59160
"Trigo total";2023/24;"SANTA FE";VERA;82;133;32640
"Trigo total";2024/25;"SANTA FE";VERA;82;133;27000
"Trigo total";2015/16;"SANTIAGO DEL ESTERO";AGUIRRE;86;7;4200
"Trigo total";2016/17;"SANTIAGO DEL ESTERO";AGUIRRE;86;7;15157
"Trigo total";2017/18;"SANTIAGO DEL ESTERO";AGUIRRE;86;7;28594
"Trigo total";2018/19;"SANTIAGO DEL ESTERO";AGUIRRE;86;7;25920
"Trigo total";2019/20;"SANTIAGO DEL ESTERO";AGUIRRE;86;7;52500
"Trigo total";2020/21;"SANTIAGO DEL ESTERO";AGUIRRE;86;7;6000
"Trigo total";2021/22;"SANTIAGO DEL ESTERO";AGUIRRE;86;7;29480
"Trigo total";2022/23;"SANTIAGO DEL ESTERO";AGUIRRE;86;7;5904
"Trigo total";2023/24;"SANTIAGO DEL ESTERO";AGUIRRE;86;7;14560
"Trigo total";2024/25;"SANTIAGO DEL ESTERO";AGUIRRE;86;7;12267
"Trigo total";2015/16;"SANTIAGO DEL ESTERO";ALBERDI;86;14;23740
"Trigo total";2016/17;"SANTIAGO DEL ESTERO";ALBERDI;86;14;14500
"Trigo total";2017/18;"SANTIAGO DEL ESTERO";ALBERDI;86;14;20500
"Trigo total";2018/19;"SANTIAGO DEL ESTERO";ALBERDI;86;14;52186
"Trigo total";2019/20;"SANTIAGO DEL ESTERO";ALBERDI;86;14;119000
"Trigo total";2020/21;"SANTIAGO DEL ESTERO";ALBERDI;86;14;5460
"Trigo total";2021/22;"SANTIAGO DEL ESTERO";ALBERDI;86;14;23400
"Trigo total";2022/23;"SANTIAGO DEL ESTERO";ALBERDI;86;14;2090
"Trigo total";2023/24;"SANTIAGO DEL ESTERO";ALBERDI;86;14;17496
"Trigo total";2024/25;"SANTIAGO DEL ESTERO";ALBERDI;86;14;14256
"Trigo total";2024/25;"SANTIAGO DEL ESTERO";AVELLANEDA;86;28;315
"Trigo total";2015/16;"SANTIAGO DEL ESTERO";BANDA;86;35;750
"Trigo total";2016/17;"SANTIAGO DEL ESTERO";BANDA;86;35;1755
"Trigo total";2017/18;"SANTIAGO DEL ESTERO";BANDA;86;35;5000
"Trigo total";2018/19;"SANTIAGO DEL ESTERO";BANDA;86;35;4800
"Trigo total";2019/20;"SANTIAGO DEL ESTERO";BANDA;86;35;2400
"Trigo total";2020/21;"SANTIAGO DEL ESTERO";BANDA;86;35;2500
"Trigo total";2021/22;"SANTIAGO DEL ESTERO";BANDA;86;35;2200
"Trigo total";2022/23;"SANTIAGO DEL ESTERO";BANDA;86;35;2000
"Trigo total";2023/24;"SANTIAGO DEL ESTERO";BANDA;86;35;8000
"Trigo total";2024/25;"SANTIAGO DEL ESTERO";BANDA;86;35;4378
"Trigo total";2015/16;"SANTIAGO DEL ESTERO";BELGRANO;86;42;140710
"Trigo total";2016/17;"SANTIAGO DEL ESTERO";BELGRANO;86;42;137916
"Trigo total";2017/18;"SANTIAGO DEL ESTERO";BELGRANO;86;42;220685
"Trigo total";2018/19;"SANTIAGO DEL ESTERO";BELGRANO;86;42;147840
"Trigo total";2019/20;"SANTIAGO DEL ESTERO";BELGRANO;86;42;211400
"Trigo total";2020/21;"SANTIAGO DEL ESTERO";BELGRANO;86;42;109600
"Trigo total";2021/22;"SANTIAGO DEL ESTERO";BELGRANO;86;42;144860
"Trigo total";2022/23;"SANTIAGO DEL ESTERO";BELGRANO;86;42;26640
"Trigo total";2023/24;"SANTIAGO DEL ESTERO";BELGRANO;86;42;56100
"Trigo total";2024/25;"SANTIAGO DEL ESTERO";BELGRANO;86;42;70596
"Trigo total";2015/16;"SANTIAGO DEL ESTERO";CAPITAL;86;49;1100
"Trigo total";2016/17;"SANTIAGO DEL ESTERO";CAPITAL;86;49;1560
"Trigo total";2017/18;"SANTIAGO DEL ESTERO";CAPITAL;86;49;3750
"Trigo total";2018/19;"SANTIAGO DEL ESTERO";CAPITAL;86;49;4000
"Trigo total";2019/20;"SANTIAGO DEL ESTERO";CAPITAL;86;49;2400
"Trigo total";2020/21;"SANTIAGO DEL ESTERO";CAPITAL;86;49;18750
"Trigo total";2021/22;"SANTIAGO DEL ESTERO";CAPITAL;86;49;15000
"Trigo total";2022/23;"SANTIAGO DEL ESTERO";CAPITAL;86;49;10000
"Trigo total";2023/24;"SANTIAGO DEL ESTERO";CAPITAL;86;49;10000
"Trigo total";2024/25;"SANTIAGO DEL ESTERO";CAPITAL;86;49;5467
"Trigo total";2020/21;"SANTIAGO DEL ESTERO";CHOYA;86;63;0
"Trigo total";2021/22;"SANTIAGO DEL ESTERO";CHOYA;86;63;1500
"Trigo total";2022/23;"SANTIAGO DEL ESTERO";CHOYA;86;63;1000
"Trigo total";2023/24;"SANTIAGO DEL ESTERO";CHOYA;86;63;2800
"Trigo total";2024/25;"SANTIAGO DEL ESTERO";CHOYA;86;63;2167
"Trigo total";2019/20;"SANTIAGO DEL ESTERO";COPO;86;56;4370
"Trigo total";2020/21;"SANTIAGO DEL ESTERO";COPO;86;56;140
"Trigo total";2021/22;"SANTIAGO DEL ESTERO";COPO;86;56;1188
"Trigo total";2022/23;"SANTIAGO DEL ESTERO";COPO;86;56;207
"Trigo total";2023/24;"SANTIAGO DEL ESTERO";COPO;86;56;1656
"Trigo total";2024/25;"SANTIAGO DEL ESTERO";COPO;86;56;1314
"Trigo total";2019/20;"SANTIAGO DEL ESTERO";FIGUEROA;86;70;2000
"Trigo total";2020/21;"SANTIAGO DEL ESTERO";FIGUEROA;86;70;7000
"Trigo total";2021/22;"SANTIAGO DEL ESTERO";FIGUEROA;86;70;20000
"Trigo total";2022/23;"SANTIAGO DEL ESTERO";FIGUEROA;86;70;7000
"Trigo total";2023/24;"SANTIAGO DEL ESTERO";FIGUEROA;86;70;7000
"Trigo total";2024/25;"SANTIAGO DEL ESTERO";FIGUEROA;86;70;3817
"Trigo total";2015/16;"SANTIAGO DEL ESTERO";"GENERAL TABOADA";86;77;166680
"Trigo total";2016/17;"SANTIAGO DEL ESTERO";"GENERAL TABOADA";86;77;151443
"Trigo total";2017/18;"SANTIAGO DEL ESTERO";"GENERAL TABOADA";86;77;411250
"Trigo total";2018/19;"SANTIAGO DEL ESTERO";"GENERAL TABOADA";86;77;197593
"Trigo total";2019/20;"SANTIAGO DEL ESTERO";"GENERAL TABOADA";86;77;362700
"Trigo total";2020/21;"SANTIAGO DEL ESTERO";"GENERAL TABOADA";86;77;175800
"Trigo total";2021/22;"SANTIAGO DEL ESTERO";"GENERAL TABOADA";86;77;212410
"Trigo total";2022/23;"SANTIAGO DEL ESTERO";"GENERAL TABOADA";86;77;43373
"Trigo total";2023/24;"SANTIAGO DEL ESTERO";"GENERAL TABOADA";86;77;113688
"Trigo total";2024/25;"SANTIAGO DEL ESTERO";"GENERAL TABOADA";86;77;140844
"Trigo total";2016/17;"SANTIAGO DEL ESTERO";GUASAYAN;86;84;2296
"Trigo total";2017/18;"SANTIAGO DEL ESTERO";GUASAYAN;86;84;3000
"Trigo total";2018/19;"SANTIAGO DEL ESTERO";GUASAYAN;86;84;3600
"Trigo total";2019/20;"SANTIAGO DEL ESTERO";GUASAYAN;86;84;2700
"Trigo total";2020/21;"SANTIAGO DEL ESTERO";GUASAYAN;86;84;7500
"Trigo total";2021/22;"SANTIAGO DEL ESTERO";GUASAYAN;86;84;7500
"Trigo total";2022/23;"SANTIAGO DEL ESTERO";GUASAYAN;86;84;5000
"Trigo total";2023/24;"SANTIAGO DEL ESTERO";GUASAYAN;86;84;7000
"Trigo total";2024/25;"SANTIAGO DEL ESTERO";GUASAYAN;86;84;5335
"Trigo total";2015/16;"SANTIAGO DEL ESTERO";JIMENEZ;86;91;41750
"Trigo total";2016/17;"SANTIAGO DEL ESTERO";JIMENEZ;86;91;53613
"Trigo total";2017/18;"SANTIAGO DEL ESTERO";JIMENEZ;86;91;106876
"Trigo total";2018/19;"SANTIAGO DEL ESTERO";JIMENEZ;86;91;49021
"Trigo total";2019/20;"SANTIAGO DEL ESTERO";JIMENEZ;86;91;72000
"Trigo total";2020/21;"SANTIAGO DEL ESTERO";JIMENEZ;86;91;39000
"Trigo total";2021/22;"SANTIAGO DEL ESTERO";JIMENEZ;86;91;56000
"Trigo total";2022/23;"SANTIAGO DEL ESTERO";JIMENEZ;86;91;45000
"Trigo total";2023/24;"SANTIAGO DEL ESTERO";JIMENEZ;86;91;60000
"Trigo total";2024/25;"SANTIAGO DEL ESTERO";JIMENEZ;86;91;32912
"Trigo total";2015/16;"SANTIAGO DEL ESTERO";"JUAN F. IBARRA";86;98;14660
"Trigo total";2016/17;"SANTIAGO DEL ESTERO";"JUAN F. IBARRA";86;98;26730
"Trigo total";2017/18;"SANTIAGO DEL ESTERO";"JUAN F. IBARRA";86;98;16610
"Trigo total";2018/19;"SANTIAGO DEL ESTERO";"JUAN F. IBARRA";86;98;26569
"Trigo total";2019/20;"SANTIAGO DEL ESTERO";"JUAN F. IBARRA";86;98;73440
"Trigo total";2020/21;"SANTIAGO DEL ESTERO";"JUAN F. IBARRA";86;98;2250
"Trigo total";2021/22;"SANTIAGO DEL ESTERO";"JUAN F. IBARRA";86;98;18337
"Trigo total";2022/23;"SANTIAGO DEL ESTERO";"JUAN F. IBARRA";86;98;3245
"Trigo total";2023/24;"SANTIAGO DEL ESTERO";"JUAN F. IBARRA";86;98;15060
"Trigo total";2024/25;"SANTIAGO DEL ESTERO";"JUAN F. IBARRA";86;98;15912
"Trigo total";2017/18;"SANTIAGO DEL ESTERO";LORETO;86;105;2200
"Trigo total";2018/19;"SANTIAGO DEL ESTERO";LORETO;86;105;2400
"Trigo total";2019/20;"SANTIAGO DEL ESTERO";LORETO;86;105;2000
"Trigo total";2020/21;"SANTIAGO DEL ESTERO";LORETO;86;105;2000
"Trigo total";2021/22;"SANTIAGO DEL ESTERO";LORETO;86;105;2000
"Trigo total";2022/23;"SANTIAGO DEL ESTERO";LORETO;86;105;2000
"Trigo total";2023/24;"SANTIAGO DEL ESTERO";LORETO;86;105;1600
"Trigo total";2024/25;"SANTIAGO DEL ESTERO";LORETO;86;105;1073
"Trigo total";2015/16;"SANTIAGO DEL ESTERO";MITRE;86;112;4500
"Trigo total";2016/17;"SANTIAGO DEL ESTERO";MITRE;86;112;4606
"Trigo total";2017/18;"SANTIAGO DEL ESTERO";MITRE;86;112;11000
"Trigo total";2018/19;"SANTIAGO DEL ESTERO";MITRE;86;112;4500
"Trigo total";2019/20;"SANTIAGO DEL ESTERO";MITRE;86;112;6000
"Trigo total";2020/21;"SANTIAGO DEL ESTERO";MITRE;86;112;3900
"Trigo total";2021/22;"SANTIAGO DEL ESTERO";MITRE;86;112;3780
"Trigo total";2022/23;"SANTIAGO DEL ESTERO";MITRE;86;112;4800
"Trigo total";2023/24;"SANTIAGO DEL ESTERO";MITRE;86;112;5600
"Trigo total";2024/25;"SANTIAGO DEL ESTERO";MITRE;86;112;4301
"Trigo total";2015/16;"SANTIAGO DEL ESTERO";MORENO;86;119;14600
"Trigo total";2016/17;"SANTIAGO DEL ESTERO";MORENO;86;119;33318
"Trigo total";2017/18;"SANTIAGO DEL ESTERO";MORENO;86;119;135000
"Trigo total";2018/19;"SANTIAGO DEL ESTERO";MORENO;86;119;74787
"Trigo total";2019/20;"SANTIAGO DEL ESTERO";MORENO;86;119;275600
"Trigo total";2020/21;"SANTIAGO DEL ESTERO";MORENO;86;119;6840
"Trigo total";2021/22;"SANTIAGO DEL ESTERO";MORENO;86;119;56199
"Trigo total";2022/23;"SANTIAGO DEL ESTERO";MORENO;86;119;12036
"Trigo total";2023/24;"SANTIAGO DEL ESTERO";MORENO;86;119;39792
"Trigo total";2024/25;"SANTIAGO DEL ESTERO";MORENO;86;119;41067
"Trigo total";2015/16;"SANTIAGO DEL ESTERO";PELLEGRINI;86;133;15930
"Trigo total";2016/17;"SANTIAGO DEL ESTERO";PELLEGRINI;86;133;29336
"Trigo total";2017/18;"SANTIAGO DEL ESTERO";PELLEGRINI;86;133;56496
"Trigo total";2018/19;"SANTIAGO DEL ESTERO";PELLEGRINI;86;133;38869
"Trigo total";2019/20;"SANTIAGO DEL ESTERO";PELLEGRINI;86;133;60000
"Trigo total";2020/21;"SANTIAGO DEL ESTERO";PELLEGRINI;86;133;32550
"Trigo total";2021/22;"SANTIAGO DEL ESTERO";PELLEGRINI;86;133;46360
"Trigo total";2022/23;"SANTIAGO DEL ESTERO";PELLEGRINI;86;133;37700
"Trigo total";2023/24;"SANTIAGO DEL ESTERO";PELLEGRINI;86;133;42900
"Trigo total";2024/25;"SANTIAGO DEL ESTERO";PELLEGRINI;86;133;27570
"Trigo total";2015/16;"SANTIAGO DEL ESTERO";"RIO HONDO";86;147;1000
"Trigo total";2016/17;"SANTIAGO DEL ESTERO";"RIO HONDO";86;147;14649
"Trigo total";2017/18;"SANTIAGO DEL ESTERO";"RIO HONDO";86;147;27346
"Trigo total";2018/19;"SANTIAGO DEL ESTERO";"RIO HONDO";86;147;15847
"Trigo total";2019/20;"SANTIAGO DEL ESTERO";"RIO HONDO";86;147;24000
"Trigo total";2020/21;"SANTIAGO DEL ESTERO";"RIO HONDO";86;147;16761
"Trigo total";2021/22;"SANTIAGO DEL ESTERO";"RIO HONDO";86;147;18700
"Trigo total";2022/23;"SANTIAGO DEL ESTERO";"RIO HONDO";86;147;16500
"Trigo total";2023/24;"SANTIAGO DEL ESTERO";"RIO HONDO";86;147;22550
"Trigo total";2024/25;"SANTIAGO DEL ESTERO";"RIO HONDO";86;147;12507
"Trigo total";2015/16;"SANTIAGO DEL ESTERO";RIVADAVIA;86;154;6000
"Trigo total";2016/17;"SANTIAGO DEL ESTERO";RIVADAVIA;86;154;51069
"Trigo total";2017/18;"SANTIAGO DEL ESTERO";RIVADAVIA;86;154;55600
"Trigo total";2018/19;"SANTIAGO DEL ESTERO";RIVADAVIA;86;154;49408
"Trigo total";2019/20;"SANTIAGO DEL ESTERO";RIVADAVIA;86;154;99820
"Trigo total";2020/21;"SANTIAGO DEL ESTERO";RIVADAVIA;86;154;5850
"Trigo total";2021/22;"SANTIAGO DEL ESTERO";RIVADAVIA;86;154;15561
"Trigo total";2022/23;"SANTIAGO DEL ESTERO";RIVADAVIA;86;154;4668
"Trigo total";2023/24;"SANTIAGO DEL ESTERO";RIVADAVIA;86;154;14760
"Trigo total";2024/25;"SANTIAGO DEL ESTERO";RIVADAVIA;86;154;18392
"Trigo total";2015/16;"SANTIAGO DEL ESTERO";ROBLES;86;161;1800
"Trigo total";2016/17;"SANTIAGO DEL ESTERO";ROBLES;86;161;3537
"Trigo total";2017/18;"SANTIAGO DEL ESTERO";ROBLES;86;161;6250
"Trigo total";2018/19;"SANTIAGO DEL ESTERO";ROBLES;86;161;6000
"Trigo total";2019/20;"SANTIAGO DEL ESTERO";ROBLES;86;161;4800
"Trigo total";2020/21;"SANTIAGO DEL ESTERO";ROBLES;86;161;2500
"Trigo total";2021/22;"SANTIAGO DEL ESTERO";ROBLES;86;161;4360
"Trigo total";2022/23;"SANTIAGO DEL ESTERO";ROBLES;86;161;6200
"Trigo total";2023/24;"SANTIAGO DEL ESTERO";ROBLES;86;161;9700
"Trigo total";2024/25;"SANTIAGO DEL ESTERO";ROBLES;86;161;5357
"Trigo total";2020/21;"SANTIAGO DEL ESTERO";"SAN MARTIN";86;175;21000
"Trigo total";2021/22;"SANTIAGO DEL ESTERO";"SAN MARTIN";86;175;12000
"Trigo total";2022/23;"SANTIAGO DEL ESTERO";"SAN MARTIN";86;175;15000
"Trigo total";2023/24;"SANTIAGO DEL ESTERO";"SAN MARTIN";86;175;20000
"Trigo total";2024/25;"SANTIAGO DEL ESTERO";"SAN MARTIN";86;175;10835
"Trigo total";2024/25;"SANTIAGO DEL ESTERO";SARMIENTO;86;182;297
"Trigo total";2015/16;"SANTIAGO DEL ESTERO";SILIPICA;86;189;2000
"Trigo total";2016/17;"SANTIAGO DEL ESTERO";SILIPICA;86;189;3537
"Trigo total";2017/18;"SANTIAGO DEL ESTERO";SILIPICA;86;189;5000
"Trigo total";2018/19;"SANTIAGO DEL ESTERO";SILIPICA;86;189;6000
"Trigo total";2019/20;"SANTIAGO DEL ESTERO";SILIPICA;86;189;3600
"Trigo total";2020/21;"SANTIAGO DEL ESTERO";SILIPICA;86;189;3000
"Trigo total";2021/22;"SANTIAGO DEL ESTERO";SILIPICA;86;189;3300
"Trigo total";2022/23;"SANTIAGO DEL ESTERO";SILIPICA;86;189;3000
"Trigo total";2023/24;"SANTIAGO DEL ESTERO";SILIPICA;86;189;4300
"Trigo total";2024/25;"SANTIAGO DEL ESTERO";SILIPICA;86;189;2079
"Trigo total";2015/16;TUCUMAN;BURRUYACU;90;7;51950
"Trigo total";2016/17;TUCUMAN;BURRUYACU;90;7;37056
"Trigo total";2017/18;TUCUMAN;BURRUYACU;90;7;58696
"Trigo total";2018/19;TUCUMAN;BURRUYACU;90;7;25050
"Trigo total";2019/20;TUCUMAN;BURRUYACU;90;7;37850
"Trigo total";2020/21;TUCUMAN;BURRUYACU;90;7;23710
"Trigo total";2021/22;TUCUMAN;BURRUYACU;90;7;19775
"Trigo total";2022/23;TUCUMAN;BURRUYACU;90;7;19640
"Trigo total";2023/24;TUCUMAN;BURRUYACU;90;7;38200
"Trigo total";2024/25;TUCUMAN;BURRUYACU;90;7;33411
"Trigo total";2021/22;TUCUMAN;CAPITAL;90;84;41
"Trigo total";2022/23;TUCUMAN;CAPITAL;90;84;50
"Trigo total";2023/24;TUCUMAN;CAPITAL;90;84;0
"Trigo total";2024/25;TUCUMAN;CAPITAL;90;84;70
"Trigo total";2015/16;TUCUMAN;"CRUZ ALTA";90;14;19890
"Trigo total";2016/17;TUCUMAN;"CRUZ ALTA";90;14;22080
"Trigo total";2017/18;TUCUMAN;"CRUZ ALTA";90;14;19880
"Trigo total";2018/19;TUCUMAN;"CRUZ ALTA";90;14;9500
"Trigo total";2019/20;TUCUMAN;"CRUZ ALTA";90;14;14305
"Trigo total";2020/21;TUCUMAN;"CRUZ ALTA";90;14;9060
"Trigo total";2021/22;TUCUMAN;"CRUZ ALTA";90;14;9021
"Trigo total";2022/23;TUCUMAN;"CRUZ ALTA";90;14;8810
"Trigo total";2023/24;TUCUMAN;"CRUZ ALTA";90;14;17890
"Trigo total";2024/25;TUCUMAN;"CRUZ ALTA";90;14;12043
"Trigo total";2015/16;TUCUMAN;FAMAILLA;90;28;420
"Trigo total";2016/17;TUCUMAN;FAMAILLA;90;28;180
"Trigo total";2017/18;TUCUMAN;FAMAILLA;90;28;240
"Trigo total";2018/19;TUCUMAN;FAMAILLA;90;28;80
"Trigo total";2019/20;TUCUMAN;FAMAILLA;90;28;260
"Trigo total";2020/21;TUCUMAN;FAMAILLA;90;28;104
"Trigo total";2021/22;TUCUMAN;FAMAILLA;90;28;160
"Trigo total";2022/23;TUCUMAN;FAMAILLA;90;28;275
"Trigo total";2023/24;TUCUMAN;FAMAILLA;90;28;0
"Trigo total";2024/25;TUCUMAN;FAMAILLA;90;28;548
"Trigo total";2015/16;TUCUMAN;GRANEROS;90;35;27170
"Trigo total";2016/17;TUCUMAN;GRANEROS;90;35;21852
"Trigo total";2017/18;TUCUMAN;GRANEROS;90;35;28910
"Trigo total";2018/19;TUCUMAN;GRANEROS;90;35;7220
"Trigo total";2019/20;TUCUMAN;GRANEROS;90;35;13190
"Trigo total";2020/21;TUCUMAN;GRANEROS;90;35;8560
"Trigo total";2021/22;TUCUMAN;GRANEROS;90;35;6895
"Trigo total";2022/23;TUCUMAN;GRANEROS;90;35;5802
"Trigo total";2023/24;TUCUMAN;GRANEROS;90;35;12177
"Trigo total";2024/25;TUCUMAN;GRANEROS;90;35;10380
"Trigo total";2015/16;TUCUMAN;"JUAN B. ALBERDI";90;42;750
"Trigo total";2016/17;TUCUMAN;"JUAN B. ALBERDI";90;42;375
"Trigo total";2017/18;TUCUMAN;"JUAN B. ALBERDI";90;42;550
"Trigo total";2018/19;TUCUMAN;"JUAN B. ALBERDI";90;42;160
"Trigo total";2019/20;TUCUMAN;"JUAN B. ALBERDI";90;42;520
"Trigo total";2020/21;TUCUMAN;"JUAN B. ALBERDI";90;42;200
"Trigo total";2021/22;TUCUMAN;"JUAN B. ALBERDI";90;42;217
"Trigo total";2022/23;TUCUMAN;"JUAN B. ALBERDI";90;42;300
"Trigo total";2023/24;TUCUMAN;"JUAN B. ALBERDI";90;42;390
"Trigo total";2024/25;TUCUMAN;"JUAN B. ALBERDI";90;42;351
"Trigo total";2015/16;TUCUMAN;"LA COCHA";90;49;21730
"Trigo total";2016/17;TUCUMAN;"LA COCHA";90;49;9945
"Trigo total";2017/18;TUCUMAN;"LA COCHA";90;49;14500
"Trigo total";2018/19;TUCUMAN;"LA COCHA";90;49;5130
"Trigo total";2019/20;TUCUMAN;"LA COCHA";90;49;17940
"Trigo total";2020/21;TUCUMAN;"LA COCHA";90;49;10608
"Trigo total";2021/22;TUCUMAN;"LA COCHA";90;49;7335
"Trigo total";2022/23;TUCUMAN;"LA COCHA";90;49;7308
"Trigo total";2023/24;TUCUMAN;"LA COCHA";90;49;18577
"Trigo total";2024/25;TUCUMAN;"LA COCHA";90;49;15081
"Trigo total";2015/16;TUCUMAN;LEALES;90;56;27130
"Trigo total";2016/17;TUCUMAN;LEALES;90;56;19448
"Trigo total";2017/18;TUCUMAN;LEALES;90;56;22300
"Trigo total";2018/19;TUCUMAN;LEALES;90;56;10580
"Trigo total";2019/20;TUCUMAN;LEALES;90;56;14180
"Trigo total";2020/21;TUCUMAN;LEALES;90;56;8307
"Trigo total";2021/22;TUCUMAN;LEALES;90;56;8288
"Trigo total";2022/23;TUCUMAN;LEALES;90;56;8595
"Trigo total";2023/24;TUCUMAN;LEALES;90;56;14471
"Trigo total";2024/25;TUCUMAN;LEALES;90;56;12746
"Trigo total";2015/16;TUCUMAN;LULES;90;63;430
"Trigo total";2016/17;TUCUMAN;LULES;90;63;3514
"Trigo total";2017/18;TUCUMAN;LULES;90;63;1080
"Trigo total";2018/19;TUCUMAN;LULES;90;63;240
"Trigo total";2019/20;TUCUMAN;LULES;90;63;260
"Trigo total";2020/21;TUCUMAN;LULES;90;63;0
"Trigo total";2021/22;TUCUMAN;LULES;90;63;218
"Trigo total";2022/23;TUCUMAN;LULES;90;63;330
"Trigo total";2023/24;TUCUMAN;LULES;90;63;0
"Trigo total";2024/25;TUCUMAN;LULES;90;63;494
"Trigo total";2015/16;TUCUMAN;SIMOCA;90;91;600
"Trigo total";2016/17;TUCUMAN;SIMOCA;90;91;1104
"Trigo total";2017/18;TUCUMAN;SIMOCA;90;91;1200
"Trigo total";2018/19;TUCUMAN;SIMOCA;90;91;280
"Trigo total";2019/20;TUCUMAN;SIMOCA;90;91;420
"Trigo total";2020/21;TUCUMAN;SIMOCA;90;91;210
"Trigo total";2021/22;TUCUMAN;SIMOCA;90;91;176
"Trigo total";2022/23;TUCUMAN;SIMOCA;90;91;200
"Trigo total";2023/24;TUCUMAN;SIMOCA;90;91;260
"Trigo total";2024/25;TUCUMAN;SIMOCA;90;91;1344
"Trigo total";2016/17;TUCUMAN;"TAFI DEL VALLE";90;98;66
"Trigo total";2017/18;TUCUMAN;"TAFI DEL VALLE";90;98;220
"Trigo total";2018/19;TUCUMAN;"TAFI VIEJO";90;105;72
"Trigo total";2019/20;TUCUMAN;"TAFI VIEJO";90;105;120
"Trigo total";2020/21;TUCUMAN;"TAFI VIEJO";90;105;80
"Trigo total";2021/22;TUCUMAN;"TAFI VIEJO";90;105;97
"Trigo total";2022/23;TUCUMAN;"TAFI VIEJO";90;105;135
"Trigo total";2023/24;TUCUMAN;"TAFI VIEJO";90;105;195
"Trigo total";2024/25;TUCUMAN;"TAFI VIEJO";90;105;120
"Trigo total";2021/22;TUCUMAN;"YERBA BUENA";90;119;72
"Trigo total";2023/24;TUCUMAN;"YERBA BUENA";90;119;0
"Trigo total";2024/25;TUCUMAN;"YERBA BUENA";90;119;48
